DEBUG - 2025-05-02 20:40:17 --> Session: Class initialized using 'CodeIgniter\Session\Handlers\FileHandler' driver.
DEBUG - 2025-05-02 20:40:17 --> Session: Class initialized using 'CodeIgniter\Session\Handlers\FileHandler' driver.
DEBUG - 2025-05-02 20:40:17 --> Session: Class initialized using 'CodeIgniter\Session\Handlers\FileHandler' driver.
DEBUG - 2025-05-02 20:40:18 --> Session: Class initialized using 'CodeIgniter\Session\Handlers\FileHandler' driver.
DEBUG - 2025-05-02 20:40:18 --> Session: Class initialized using 'CodeIgniter\Session\Handlers\FileHandler' driver.
DEBUG - 2025-05-02 20:40:18 --> Session: Class initialized using 'CodeIgniter\Session\Handlers\FileHandler' driver.
DEBUG - 2025-05-02 20:40:55 --> Session: Class initialized using 'CodeIgniter\Session\Handlers\FileHandler' driver.
DEBUG - 2025-05-02 20:40:55 --> Session: Class initialized using 'CodeIgniter\Session\Handlers\FileHandler' driver.
DEBUG - 2025-05-02 20:40:55 --> Session: Class initialized using 'CodeIgniter\Session\Handlers\FileHandler' driver.
DEBUG - 2025-05-02 20:40:56 --> Session: Class initialized using 'CodeIgniter\Session\Handlers\FileHandler' driver.
DEBUG - 2025-05-02 20:40:56 --> Session: Class initialized using 'CodeIgniter\Session\Handlers\FileHandler' driver.
DEBUG - 2025-05-02 20:40:56 --> Session: Class initialized using 'CodeIgniter\Session\Handlers\FileHandler' driver.
DEBUG - 2025-05-02 20:42:18 --> Session: Class initialized using 'CodeIgniter\Session\Handlers\FileHandler' driver.
DEBUG - 2025-05-02 20:42:19 --> Session: Class initialized using 'CodeIgniter\Session\Handlers\FileHandler' driver.
DEBUG - 2025-05-02 20:42:22 --> Session: Class initialized using 'CodeIgniter\Session\Handlers\FileHandler' driver.
DEBUG - 2025-05-02 20:42:25 --> Session: Class initialized using 'CodeIgniter\Session\Handlers\FileHandler' driver.
DEBUG - 2025-05-02 20:42:31 --> Session: Class initialized using 'CodeIgniter\Session\Handlers\FileHandler' driver.
DEBUG - 2025-05-02 20:42:31 --> Session: Class initialized using 'CodeIgniter\Session\Handlers\FileHandler' driver.
DEBUG - 2025-05-02 20:42:31 --> Session: Class initialized using 'CodeIgniter\Session\Handlers\FileHandler' driver.
DEBUG - 2025-05-02 20:42:32 --> Session: Class initialized using 'CodeIgniter\Session\Handlers\FileHandler' driver.
DEBUG - 2025-05-02 20:42:32 --> Session: Class initialized using 'CodeIgniter\Session\Handlers\FileHandler' driver.
DEBUG - 2025-05-02 20:42:32 --> Session: Class initialized using 'CodeIgniter\Session\Handlers\FileHandler' driver.
DEBUG - 2025-05-02 20:42:38 --> Session: Class initialized using 'CodeIgniter\Session\Handlers\FileHandler' driver.
DEBUG - 2025-05-02 20:42:39 --> Session: Class initialized using 'CodeIgniter\Session\Handlers\FileHandler' driver.
DEBUG - 2025-05-02 20:42:39 --> Session: Class initialized using 'CodeIgniter\Session\Handlers\FileHandler' driver.
DEBUG - 2025-05-02 20:46:54 --> Session: Class initialized using 'CodeIgniter\Session\Handlers\FileHandler' driver.
DEBUG - 2025-05-02 20:46:55 --> Session: Class initialized using 'CodeIgniter\Session\Handlers\FileHandler' driver.
DEBUG - 2025-05-02 20:46:55 --> Session: Class initialized using 'CodeIgniter\Session\Handlers\FileHandler' driver.
DEBUG - 2025-05-02 21:01:18 --> Session: Class initialized using 'CodeIgniter\Session\Handlers\FileHandler' driver.
ERROR - 2025-05-02 21:01:21 --> Error connecting to the database: mysqli_sql_exception: No connection could be made because the target machine actively refused it in C:\wamp64\www\ci-learn_affix\system\Database\MySQLi\Connection.php:201
Stack trace:
#0 C:\wamp64\www\ci-learn_affix\system\Database\MySQLi\Connection.php(201): mysqli->real_connect('127.0.0.1', 'root', Object(SensitiveParameterValue), 'ci-learn_affix', 3306, '', 0)
#1 C:\wamp64\www\ci-learn_affix\system\Database\BaseConnection.php(421): CodeIgniter\Database\MySQLi\Connection->connect(false)
#2 C:\wamp64\www\ci-learn_affix\system\Database\BaseConnection.php(620): CodeIgniter\Database\BaseConnection->initialize()
#3 C:\wamp64\www\ci-learn_affix\system\Database\BaseBuilder.php(1649): CodeIgniter\Database\BaseConnection->query('SELECT *\nFROM `...', Array, false)
#4 C:\wamp64\www\ci-learn_affix\system\Model.php(330): CodeIgniter\Database\BaseBuilder->get()
#5 C:\wamp64\www\ci-learn_affix\system\BaseModel.php(713): CodeIgniter\Model->doFirst()
#6 C:\wamp64\www\ci-learn_affix\app\Controllers\BaseController.php(60): CodeIgniter\BaseModel->first()
#7 C:\wamp64\www\ci-learn_affix\system\CodeIgniter.php(904): App\Controllers\BaseController->initController(Object(CodeIgniter\HTTP\IncomingRequest), Object(CodeIgniter\HTTP\Response), Object(CodeIgniter\Log\Logger))
#8 C:\wamp64\www\ci-learn_affix\system\CodeIgniter.php(498): CodeIgniter\CodeIgniter->createController()
#9 C:\wamp64\www\ci-learn_affix\system\CodeIgniter.php(354): CodeIgniter\CodeIgniter->handleRequest(NULL, Object(Config\Cache), false)
#10 C:\wamp64\www\ci-learn_affix\system\Boot.php(334): CodeIgniter\CodeIgniter->run()
#11 C:\wamp64\www\ci-learn_affix\system\Boot.php(67): CodeIgniter\Boot::runCodeIgniter(Object(CodeIgniter\CodeIgniter))
#12 C:\wamp64\www\ci-learn_affix\index.php(56): CodeIgniter\Boot::bootWeb(Object(Config\Paths))
#13 {main}

Next CodeIgniter\Database\Exceptions\DatabaseException: No connection could be made because the target machine actively refused it in C:\wamp64\www\ci-learn_affix\system\Database\MySQLi\Connection.php:246
Stack trace:
#0 C:\wamp64\www\ci-learn_affix\system\Database\BaseConnection.php(421): CodeIgniter\Database\MySQLi\Connection->connect(false)
#1 C:\wamp64\www\ci-learn_affix\system\Database\BaseConnection.php(620): CodeIgniter\Database\BaseConnection->initialize()
#2 C:\wamp64\www\ci-learn_affix\system\Database\BaseBuilder.php(1649): CodeIgniter\Database\BaseConnection->query('SELECT *\nFROM `...', Array, false)
#3 C:\wamp64\www\ci-learn_affix\system\Model.php(330): CodeIgniter\Database\BaseBuilder->get()
#4 C:\wamp64\www\ci-learn_affix\system\BaseModel.php(713): CodeIgniter\Model->doFirst()
#5 C:\wamp64\www\ci-learn_affix\app\Controllers\BaseController.php(60): CodeIgniter\BaseModel->first()
#6 C:\wamp64\www\ci-learn_affix\system\CodeIgniter.php(904): App\Controllers\BaseController->initController(Object(CodeIgniter\HTTP\IncomingRequest), Object(CodeIgniter\HTTP\Response), Object(CodeIgniter\Log\Logger))
#7 C:\wamp64\www\ci-learn_affix\system\CodeIgniter.php(498): CodeIgniter\CodeIgniter->createController()
#8 C:\wamp64\www\ci-learn_affix\system\CodeIgniter.php(354): CodeIgniter\CodeIgniter->handleRequest(NULL, Object(Config\Cache), false)
#9 C:\wamp64\www\ci-learn_affix\system\Boot.php(334): CodeIgniter\CodeIgniter->run()
#10 C:\wamp64\www\ci-learn_affix\system\Boot.php(67): CodeIgniter\Boot::runCodeIgniter(Object(CodeIgniter\CodeIgniter))
#11 C:\wamp64\www\ci-learn_affix\index.php(56): CodeIgniter\Boot::bootWeb(Object(Config\Paths))
#12 {main}
CRITICAL - 2025-05-02 21:01:21 --> CodeIgniter\Database\Exceptions\DatabaseException: Unable to connect to the database.
Main connection [MySQLi]: No connection could be made because the target machine actively refused it
[Method: GET, Route: /]
in SYSTEMPATH\Database\BaseConnection.php on line 467.
 1 SYSTEMPATH\Database\BaseConnection.php(620): CodeIgniter\Database\BaseConnection->initialize()
 2 SYSTEMPATH\Database\BaseBuilder.php(1649): CodeIgniter\Database\BaseConnection->query('SELECT *
FROM `system`
 LIMIT 1', [], false)
 3 SYSTEMPATH\Model.php(330): CodeIgniter\Database\BaseBuilder->get()
 4 SYSTEMPATH\BaseModel.php(713): CodeIgniter\Model->doFirst()
 5 APPPATH\Controllers\BaseController.php(60): CodeIgniter\BaseModel->first()
 6 SYSTEMPATH\CodeIgniter.php(904): App\Controllers\BaseController->initController(Object(CodeIgniter\HTTP\IncomingRequest), Object(CodeIgniter\HTTP\Response), Object(CodeIgniter\Log\Logger))
 7 SYSTEMPATH\CodeIgniter.php(498): CodeIgniter\CodeIgniter->createController()
 8 SYSTEMPATH\CodeIgniter.php(354): CodeIgniter\CodeIgniter->handleRequest(null, Object(Config\Cache), false)
 9 SYSTEMPATH\Boot.php(334): CodeIgniter\CodeIgniter->run()
10 SYSTEMPATH\Boot.php(67): CodeIgniter\Boot::runCodeIgniter(Object(CodeIgniter\CodeIgniter))
11 FCPATH\index.php(56): CodeIgniter\Boot::bootWeb(Object(Config\Paths))
DEBUG - 2025-05-02 21:02:03 --> Session: Class initialized using 'CodeIgniter\Session\Handlers\FileHandler' driver.
ERROR - 2025-05-02 21:02:05 --> Error connecting to the database: mysqli_sql_exception: No connection could be made because the target machine actively refused it in C:\wamp64\www\ci-learn_affix\system\Database\MySQLi\Connection.php:201
Stack trace:
#0 C:\wamp64\www\ci-learn_affix\system\Database\MySQLi\Connection.php(201): mysqli->real_connect('127.0.0.1', 'root', Object(SensitiveParameterValue), 'ci-learn_affix', 3306, '', 0)
#1 C:\wamp64\www\ci-learn_affix\system\Database\BaseConnection.php(421): CodeIgniter\Database\MySQLi\Connection->connect(false)
#2 C:\wamp64\www\ci-learn_affix\system\Database\BaseConnection.php(620): CodeIgniter\Database\BaseConnection->initialize()
#3 C:\wamp64\www\ci-learn_affix\system\Database\BaseBuilder.php(1649): CodeIgniter\Database\BaseConnection->query('SELECT *\nFROM `...', Array, false)
#4 C:\wamp64\www\ci-learn_affix\system\Model.php(330): CodeIgniter\Database\BaseBuilder->get()
#5 C:\wamp64\www\ci-learn_affix\system\BaseModel.php(713): CodeIgniter\Model->doFirst()
#6 C:\wamp64\www\ci-learn_affix\app\Controllers\BaseController.php(60): CodeIgniter\BaseModel->first()
#7 C:\wamp64\www\ci-learn_affix\system\CodeIgniter.php(904): App\Controllers\BaseController->initController(Object(CodeIgniter\HTTP\IncomingRequest), Object(CodeIgniter\HTTP\Response), Object(CodeIgniter\Log\Logger))
#8 C:\wamp64\www\ci-learn_affix\system\CodeIgniter.php(498): CodeIgniter\CodeIgniter->createController()
#9 C:\wamp64\www\ci-learn_affix\system\CodeIgniter.php(354): CodeIgniter\CodeIgniter->handleRequest(NULL, Object(Config\Cache), false)
#10 C:\wamp64\www\ci-learn_affix\system\Boot.php(334): CodeIgniter\CodeIgniter->run()
#11 C:\wamp64\www\ci-learn_affix\system\Boot.php(67): CodeIgniter\Boot::runCodeIgniter(Object(CodeIgniter\CodeIgniter))
#12 C:\wamp64\www\ci-learn_affix\index.php(56): CodeIgniter\Boot::bootWeb(Object(Config\Paths))
#13 {main}

Next CodeIgniter\Database\Exceptions\DatabaseException: No connection could be made because the target machine actively refused it in C:\wamp64\www\ci-learn_affix\system\Database\MySQLi\Connection.php:246
Stack trace:
#0 C:\wamp64\www\ci-learn_affix\system\Database\BaseConnection.php(421): CodeIgniter\Database\MySQLi\Connection->connect(false)
#1 C:\wamp64\www\ci-learn_affix\system\Database\BaseConnection.php(620): CodeIgniter\Database\BaseConnection->initialize()
#2 C:\wamp64\www\ci-learn_affix\system\Database\BaseBuilder.php(1649): CodeIgniter\Database\BaseConnection->query('SELECT *\nFROM `...', Array, false)
#3 C:\wamp64\www\ci-learn_affix\system\Model.php(330): CodeIgniter\Database\BaseBuilder->get()
#4 C:\wamp64\www\ci-learn_affix\system\BaseModel.php(713): CodeIgniter\Model->doFirst()
#5 C:\wamp64\www\ci-learn_affix\app\Controllers\BaseController.php(60): CodeIgniter\BaseModel->first()
#6 C:\wamp64\www\ci-learn_affix\system\CodeIgniter.php(904): App\Controllers\BaseController->initController(Object(CodeIgniter\HTTP\IncomingRequest), Object(CodeIgniter\HTTP\Response), Object(CodeIgniter\Log\Logger))
#7 C:\wamp64\www\ci-learn_affix\system\CodeIgniter.php(498): CodeIgniter\CodeIgniter->createController()
#8 C:\wamp64\www\ci-learn_affix\system\CodeIgniter.php(354): CodeIgniter\CodeIgniter->handleRequest(NULL, Object(Config\Cache), false)
#9 C:\wamp64\www\ci-learn_affix\system\Boot.php(334): CodeIgniter\CodeIgniter->run()
#10 C:\wamp64\www\ci-learn_affix\system\Boot.php(67): CodeIgniter\Boot::runCodeIgniter(Object(CodeIgniter\CodeIgniter))
#11 C:\wamp64\www\ci-learn_affix\index.php(56): CodeIgniter\Boot::bootWeb(Object(Config\Paths))
#12 {main}
CRITICAL - 2025-05-02 21:02:05 --> CodeIgniter\Database\Exceptions\DatabaseException: Unable to connect to the database.
Main connection [MySQLi]: No connection could be made because the target machine actively refused it
[Method: GET, Route: /]
in SYSTEMPATH\Database\BaseConnection.php on line 467.
 1 SYSTEMPATH\Database\BaseConnection.php(620): CodeIgniter\Database\BaseConnection->initialize()
 2 SYSTEMPATH\Database\BaseBuilder.php(1649): CodeIgniter\Database\BaseConnection->query('SELECT *
FROM `system`
 LIMIT 1', [], false)
 3 SYSTEMPATH\Model.php(330): CodeIgniter\Database\BaseBuilder->get()
 4 SYSTEMPATH\BaseModel.php(713): CodeIgniter\Model->doFirst()
 5 APPPATH\Controllers\BaseController.php(60): CodeIgniter\BaseModel->first()
 6 SYSTEMPATH\CodeIgniter.php(904): App\Controllers\BaseController->initController(Object(CodeIgniter\HTTP\IncomingRequest), Object(CodeIgniter\HTTP\Response), Object(CodeIgniter\Log\Logger))
 7 SYSTEMPATH\CodeIgniter.php(498): CodeIgniter\CodeIgniter->createController()
 8 SYSTEMPATH\CodeIgniter.php(354): CodeIgniter\CodeIgniter->handleRequest(null, Object(Config\Cache), false)
 9 SYSTEMPATH\Boot.php(334): CodeIgniter\CodeIgniter->run()
10 SYSTEMPATH\Boot.php(67): CodeIgniter\Boot::runCodeIgniter(Object(CodeIgniter\CodeIgniter))
11 FCPATH\index.php(56): CodeIgniter\Boot::bootWeb(Object(Config\Paths))
DEBUG - 2025-05-02 21:02:53 --> Session: Class initialized using 'CodeIgniter\Session\Handlers\FileHandler' driver.
DEBUG - 2025-05-02 21:03:03 --> Session: Class initialized using 'CodeIgniter\Session\Handlers\FileHandler' driver.
DEBUG - 2025-05-02 21:03:03 --> Session: Class initialized using 'CodeIgniter\Session\Handlers\FileHandler' driver.
DEBUG - 2025-05-02 21:03:03 --> Session: Class initialized using 'CodeIgniter\Session\Handlers\FileHandler' driver.
DEBUG - 2025-05-02 21:03:06 --> Session: Class initialized using 'CodeIgniter\Session\Handlers\FileHandler' driver.
DEBUG - 2025-05-02 21:03:15 --> Session: Class initialized using 'CodeIgniter\Session\Handlers\FileHandler' driver.
DEBUG - 2025-05-02 21:04:44 --> Session: Class initialized using 'CodeIgniter\Session\Handlers\FileHandler' driver.
DEBUG - 2025-05-02 21:04:45 --> Session: Class initialized using 'CodeIgniter\Session\Handlers\FileHandler' driver.
DEBUG - 2025-05-02 21:04:46 --> Session: Class initialized using 'CodeIgniter\Session\Handlers\FileHandler' driver.
DEBUG - 2025-05-02 21:04:53 --> Session: Class initialized using 'CodeIgniter\Session\Handlers\FileHandler' driver.
DEBUG - 2025-05-02 21:04:55 --> Session: Class initialized using 'CodeIgniter\Session\Handlers\FileHandler' driver.
DEBUG - 2025-05-02 21:04:55 --> Session: Class initialized using 'CodeIgniter\Session\Handlers\FileHandler' driver.
DEBUG - 2025-05-02 21:05:01 --> Session: Class initialized using 'CodeIgniter\Session\Handlers\FileHandler' driver.
INFO - 2025-05-02 21:05:01 --> Course viewed: Learning & Development with Generative AI in HR (ID: 21)
DEBUG - 2025-05-02 21:05:02 --> Session: Class initialized using 'CodeIgniter\Session\Handlers\FileHandler' driver.
DEBUG - 2025-05-02 21:05:02 --> Session: Class initialized using 'CodeIgniter\Session\Handlers\FileHandler' driver.
DEBUG - 2025-05-02 21:05:19 --> Session: Class initialized using 'CodeIgniter\Session\Handlers\FileHandler' driver.
DEBUG - 2025-05-02 21:05:20 --> Session: Class initialized using 'CodeIgniter\Session\Handlers\FileHandler' driver.
DEBUG - 2025-05-02 21:05:20 --> Session: Class initialized using 'CodeIgniter\Session\Handlers\FileHandler' driver.
DEBUG - 2025-05-02 21:05:20 --> Session: Class initialized using 'CodeIgniter\Session\Handlers\FileHandler' driver.
DEBUG - 2025-05-02 21:05:20 --> Session: Class initialized using 'CodeIgniter\Session\Handlers\FileHandler' driver.
DEBUG - 2025-05-02 21:05:20 --> Session: Class initialized using 'CodeIgniter\Session\Handlers\FileHandler' driver.
DEBUG - 2025-05-02 21:05:22 --> Session: Class initialized using 'CodeIgniter\Session\Handlers\FileHandler' driver.
DEBUG - 2025-05-02 21:05:46 --> Session: Class initialized using 'CodeIgniter\Session\Handlers\FileHandler' driver.
INFO - 2025-05-02 21:05:46 --> CSRF token verified.
DEBUG - 2025-05-02 21:05:47 --> Session: Class initialized using 'CodeIgniter\Session\Handlers\FileHandler' driver.
DEBUG - 2025-05-02 21:05:48 --> Session: Class initialized using 'CodeIgniter\Session\Handlers\FileHandler' driver.
DEBUG - 2025-05-02 21:05:48 --> Session: Class initialized using 'CodeIgniter\Session\Handlers\FileHandler' driver.
DEBUG - 2025-05-02 21:05:48 --> Session: Class initialized using 'CodeIgniter\Session\Handlers\FileHandler' driver.
DEBUG - 2025-05-02 21:05:48 --> Session: Class initialized using 'CodeIgniter\Session\Handlers\FileHandler' driver.
DEBUG - 2025-05-02 21:05:49 --> Session: Class initialized using 'CodeIgniter\Session\Handlers\FileHandler' driver.
DEBUG - 2025-05-02 21:05:49 --> Session: Class initialized using 'CodeIgniter\Session\Handlers\FileHandler' driver.
DEBUG - 2025-05-02 21:05:54 --> Session: Class initialized using 'CodeIgniter\Session\Handlers\FileHandler' driver.
DEBUG - 2025-05-02 21:05:56 --> Session: Class initialized using 'CodeIgniter\Session\Handlers\FileHandler' driver.
DEBUG - 2025-05-02 21:05:56 --> Session: Class initialized using 'CodeIgniter\Session\Handlers\FileHandler' driver.
DEBUG - 2025-05-02 21:05:56 --> Session: Class initialized using 'CodeIgniter\Session\Handlers\FileHandler' driver.
DEBUG - 2025-05-02 21:05:56 --> Session: Class initialized using 'CodeIgniter\Session\Handlers\FileHandler' driver.
DEBUG - 2025-05-02 21:05:57 --> Session: Class initialized using 'CodeIgniter\Session\Handlers\FileHandler' driver.
DEBUG - 2025-05-02 21:05:57 --> Session: Class initialized using 'CodeIgniter\Session\Handlers\FileHandler' driver.
DEBUG - 2025-05-02 21:06:16 --> Session: Class initialized using 'CodeIgniter\Session\Handlers\FileHandler' driver.
INFO - 2025-05-02 21:06:16 --> CSRF token verified.
DEBUG - 2025-05-02 21:06:19 --> Session: Class initialized using 'CodeIgniter\Session\Handlers\FileHandler' driver.
DEBUG - 2025-05-02 21:06:20 --> Session: Class initialized using 'CodeIgniter\Session\Handlers\FileHandler' driver.
DEBUG - 2025-05-02 21:06:20 --> Session: Class initialized using 'CodeIgniter\Session\Handlers\FileHandler' driver.
DEBUG - 2025-05-02 21:06:20 --> Session: Class initialized using 'CodeIgniter\Session\Handlers\FileHandler' driver.
DEBUG - 2025-05-02 21:06:20 --> Session: Class initialized using 'CodeIgniter\Session\Handlers\FileHandler' driver.
DEBUG - 2025-05-02 21:06:20 --> Session: Class initialized using 'CodeIgniter\Session\Handlers\FileHandler' driver.
DEBUG - 2025-05-02 21:06:20 --> Session: Class initialized using 'CodeIgniter\Session\Handlers\FileHandler' driver.
DEBUG - 2025-05-02 21:06:37 --> Session: Class initialized using 'CodeIgniter\Session\Handlers\FileHandler' driver.
INFO - 2025-05-02 21:06:37 --> CSRF token verified.
DEBUG - 2025-05-02 21:06:38 --> Session: Class initialized using 'CodeIgniter\Session\Handlers\FileHandler' driver.
DEBUG - 2025-05-02 21:06:39 --> Session: Class initialized using 'CodeIgniter\Session\Handlers\FileHandler' driver.
DEBUG - 2025-05-02 21:06:39 --> Session: Class initialized using 'CodeIgniter\Session\Handlers\FileHandler' driver.
DEBUG - 2025-05-02 21:06:39 --> Session: Class initialized using 'CodeIgniter\Session\Handlers\FileHandler' driver.
DEBUG - 2025-05-02 21:06:39 --> Session: Class initialized using 'CodeIgniter\Session\Handlers\FileHandler' driver.
DEBUG - 2025-05-02 21:06:39 --> Session: Class initialized using 'CodeIgniter\Session\Handlers\FileHandler' driver.
DEBUG - 2025-05-02 21:06:39 --> Session: Class initialized using 'CodeIgniter\Session\Handlers\FileHandler' driver.
DEBUG - 2025-05-02 21:10:06 --> Session: Class initialized using 'CodeIgniter\Session\Handlers\FileHandler' driver.
INFO - 2025-05-02 21:10:06 --> CSRF token verified.
DEBUG - 2025-05-02 21:10:06 --> Session: Class initialized using 'CodeIgniter\Session\Handlers\FileHandler' driver.
DEBUG - 2025-05-02 21:10:07 --> Session: Class initialized using 'CodeIgniter\Session\Handlers\FileHandler' driver.
DEBUG - 2025-05-02 21:10:07 --> Session: Class initialized using 'CodeIgniter\Session\Handlers\FileHandler' driver.
DEBUG - 2025-05-02 21:10:07 --> Session: Class initialized using 'CodeIgniter\Session\Handlers\FileHandler' driver.
DEBUG - 2025-05-02 21:10:07 --> Session: Class initialized using 'CodeIgniter\Session\Handlers\FileHandler' driver.
DEBUG - 2025-05-02 21:10:08 --> Session: Class initialized using 'CodeIgniter\Session\Handlers\FileHandler' driver.
DEBUG - 2025-05-02 21:10:08 --> Session: Class initialized using 'CodeIgniter\Session\Handlers\FileHandler' driver.
DEBUG - 2025-05-02 21:10:21 --> Session: Class initialized using 'CodeIgniter\Session\Handlers\FileHandler' driver.
INFO - 2025-05-02 21:10:21 --> CSRF token verified.
DEBUG - 2025-05-02 21:10:21 --> Session: Class initialized using 'CodeIgniter\Session\Handlers\FileHandler' driver.
DEBUG - 2025-05-02 21:10:22 --> Session: Class initialized using 'CodeIgniter\Session\Handlers\FileHandler' driver.
DEBUG - 2025-05-02 21:10:22 --> Session: Class initialized using 'CodeIgniter\Session\Handlers\FileHandler' driver.
DEBUG - 2025-05-02 21:10:22 --> Session: Class initialized using 'CodeIgniter\Session\Handlers\FileHandler' driver.
DEBUG - 2025-05-02 21:10:22 --> Session: Class initialized using 'CodeIgniter\Session\Handlers\FileHandler' driver.
DEBUG - 2025-05-02 21:10:22 --> Session: Class initialized using 'CodeIgniter\Session\Handlers\FileHandler' driver.
DEBUG - 2025-05-02 21:10:22 --> Session: Class initialized using 'CodeIgniter\Session\Handlers\FileHandler' driver.
DEBUG - 2025-05-02 21:11:06 --> Session: Class initialized using 'CodeIgniter\Session\Handlers\FileHandler' driver.
INFO - 2025-05-02 21:11:06 --> CSRF token verified.
DEBUG - 2025-05-02 21:11:06 --> Session: Class initialized using 'CodeIgniter\Session\Handlers\FileHandler' driver.
DEBUG - 2025-05-02 21:11:07 --> Session: Class initialized using 'CodeIgniter\Session\Handlers\FileHandler' driver.
DEBUG - 2025-05-02 21:11:07 --> Session: Class initialized using 'CodeIgniter\Session\Handlers\FileHandler' driver.
DEBUG - 2025-05-02 21:11:07 --> Session: Class initialized using 'CodeIgniter\Session\Handlers\FileHandler' driver.
DEBUG - 2025-05-02 21:11:07 --> Session: Class initialized using 'CodeIgniter\Session\Handlers\FileHandler' driver.
DEBUG - 2025-05-02 21:11:07 --> Session: Class initialized using 'CodeIgniter\Session\Handlers\FileHandler' driver.
DEBUG - 2025-05-02 21:11:07 --> Session: Class initialized using 'CodeIgniter\Session\Handlers\FileHandler' driver.
DEBUG - 2025-05-02 21:13:25 --> Session: Class initialized using 'CodeIgniter\Session\Handlers\FileHandler' driver.
DEBUG - 2025-05-02 21:13:26 --> Session: Class initialized using 'CodeIgniter\Session\Handlers\FileHandler' driver.
DEBUG - 2025-05-02 21:13:26 --> Session: Class initialized using 'CodeIgniter\Session\Handlers\FileHandler' driver.
DEBUG - 2025-05-02 21:13:26 --> Session: Class initialized using 'CodeIgniter\Session\Handlers\FileHandler' driver.
DEBUG - 2025-05-02 21:13:26 --> Session: Class initialized using 'CodeIgniter\Session\Handlers\FileHandler' driver.
DEBUG - 2025-05-02 21:13:26 --> Session: Class initialized using 'CodeIgniter\Session\Handlers\FileHandler' driver.
DEBUG - 2025-05-02 21:13:27 --> Session: Class initialized using 'CodeIgniter\Session\Handlers\FileHandler' driver.
DEBUG - 2025-05-02 21:13:34 --> Session: Class initialized using 'CodeIgniter\Session\Handlers\FileHandler' driver.
INFO - 2025-05-02 21:13:34 --> CSRF token verified.
DEBUG - 2025-05-02 21:13:35 --> Session: Class initialized using 'CodeIgniter\Session\Handlers\FileHandler' driver.
DEBUG - 2025-05-02 21:13:36 --> Session: Class initialized using 'CodeIgniter\Session\Handlers\FileHandler' driver.
DEBUG - 2025-05-02 21:13:36 --> Session: Class initialized using 'CodeIgniter\Session\Handlers\FileHandler' driver.
DEBUG - 2025-05-02 21:13:36 --> Session: Class initialized using 'CodeIgniter\Session\Handlers\FileHandler' driver.
DEBUG - 2025-05-02 21:13:36 --> Session: Class initialized using 'CodeIgniter\Session\Handlers\FileHandler' driver.
DEBUG - 2025-05-02 21:13:36 --> Session: Class initialized using 'CodeIgniter\Session\Handlers\FileHandler' driver.
DEBUG - 2025-05-02 21:13:36 --> Session: Class initialized using 'CodeIgniter\Session\Handlers\FileHandler' driver.
DEBUG - 2025-05-02 21:13:42 --> Session: Class initialized using 'CodeIgniter\Session\Handlers\FileHandler' driver.
INFO - 2025-05-02 21:13:42 --> CSRF token verified.
DEBUG - 2025-05-02 21:13:43 --> Session: Class initialized using 'CodeIgniter\Session\Handlers\FileHandler' driver.
DEBUG - 2025-05-02 21:13:44 --> Session: Class initialized using 'CodeIgniter\Session\Handlers\FileHandler' driver.
DEBUG - 2025-05-02 21:13:44 --> Session: Class initialized using 'CodeIgniter\Session\Handlers\FileHandler' driver.
DEBUG - 2025-05-02 21:13:44 --> Session: Class initialized using 'CodeIgniter\Session\Handlers\FileHandler' driver.
DEBUG - 2025-05-02 21:13:44 --> Session: Class initialized using 'CodeIgniter\Session\Handlers\FileHandler' driver.
DEBUG - 2025-05-02 21:13:44 --> Session: Class initialized using 'CodeIgniter\Session\Handlers\FileHandler' driver.
DEBUG - 2025-05-02 21:13:54 --> Session: Class initialized using 'CodeIgniter\Session\Handlers\FileHandler' driver.
DEBUG - 2025-05-02 21:13:55 --> Session: Class initialized using 'CodeIgniter\Session\Handlers\FileHandler' driver.
DEBUG - 2025-05-02 21:13:55 --> Session: Class initialized using 'CodeIgniter\Session\Handlers\FileHandler' driver.
DEBUG - 2025-05-02 21:15:18 --> Session: Class initialized using 'CodeIgniter\Session\Handlers\FileHandler' driver.
INFO - 2025-05-02 21:15:18 --> CSRF token verified.
DEBUG - 2025-05-02 21:15:19 --> Session: Class initialized using 'CodeIgniter\Session\Handlers\FileHandler' driver.
DEBUG - 2025-05-02 21:15:20 --> Session: Class initialized using 'CodeIgniter\Session\Handlers\FileHandler' driver.
DEBUG - 2025-05-02 21:15:20 --> Session: Class initialized using 'CodeIgniter\Session\Handlers\FileHandler' driver.
DEBUG - 2025-05-02 21:15:32 --> Session: Class initialized using 'CodeIgniter\Session\Handlers\FileHandler' driver.
DEBUG - 2025-05-02 21:15:33 --> Session: Class initialized using 'CodeIgniter\Session\Handlers\FileHandler' driver.
DEBUG - 2025-05-02 21:15:33 --> Session: Class initialized using 'CodeIgniter\Session\Handlers\FileHandler' driver.
DEBUG - 2025-05-02 21:15:33 --> Session: Class initialized using 'CodeIgniter\Session\Handlers\FileHandler' driver.
DEBUG - 2025-05-02 21:15:33 --> Session: Class initialized using 'CodeIgniter\Session\Handlers\FileHandler' driver.
DEBUG - 2025-05-02 21:15:33 --> Session: Class initialized using 'CodeIgniter\Session\Handlers\FileHandler' driver.
DEBUG - 2025-05-02 21:15:37 --> Session: Class initialized using 'CodeIgniter\Session\Handlers\FileHandler' driver.
DEBUG - 2025-05-02 21:15:37 --> Session: Class initialized using 'CodeIgniter\Session\Handlers\FileHandler' driver.
DEBUG - 2025-05-02 21:15:38 --> Session: Class initialized using 'CodeIgniter\Session\Handlers\FileHandler' driver.
DEBUG - 2025-05-02 21:16:48 --> Session: Class initialized using 'CodeIgniter\Session\Handlers\FileHandler' driver.
DEBUG - 2025-05-02 21:16:51 --> Session: Class initialized using 'CodeIgniter\Session\Handlers\FileHandler' driver.
DEBUG - 2025-05-02 21:16:51 --> Session: Class initialized using 'CodeIgniter\Session\Handlers\FileHandler' driver.
DEBUG - 2025-05-02 21:17:03 --> Session: Class initialized using 'CodeIgniter\Session\Handlers\FileHandler' driver.
DEBUG - 2025-05-02 21:17:04 --> Session: Class initialized using 'CodeIgniter\Session\Handlers\FileHandler' driver.
DEBUG - 2025-05-02 21:17:04 --> Session: Class initialized using 'CodeIgniter\Session\Handlers\FileHandler' driver.
DEBUG - 2025-05-02 21:17:08 --> Session: Class initialized using 'CodeIgniter\Session\Handlers\FileHandler' driver.
DEBUG - 2025-05-02 21:17:08 --> Session: Class initialized using 'CodeIgniter\Session\Handlers\FileHandler' driver.
DEBUG - 2025-05-02 21:17:09 --> Session: Class initialized using 'CodeIgniter\Session\Handlers\FileHandler' driver.
DEBUG - 2025-05-02 21:17:09 --> Session: Class initialized using 'CodeIgniter\Session\Handlers\FileHandler' driver.
DEBUG - 2025-05-02 21:17:09 --> Session: Class initialized using 'CodeIgniter\Session\Handlers\FileHandler' driver.
DEBUG - 2025-05-02 21:17:09 --> Session: Class initialized using 'CodeIgniter\Session\Handlers\FileHandler' driver.
DEBUG - 2025-05-02 21:25:27 --> Session: Class initialized using 'CodeIgniter\Session\Handlers\FileHandler' driver.
DEBUG - 2025-05-02 21:25:29 --> Session: Class initialized using 'CodeIgniter\Session\Handlers\FileHandler' driver.
DEBUG - 2025-05-02 21:25:35 --> Session: Class initialized using 'CodeIgniter\Session\Handlers\FileHandler' driver.
DEBUG - 2025-05-02 21:25:35 --> Session: Class initialized using 'CodeIgniter\Session\Handlers\FileHandler' driver.
DEBUG - 2025-05-02 21:25:35 --> Session: Class initialized using 'CodeIgniter\Session\Handlers\FileHandler' driver.
DEBUG - 2025-05-02 21:25:55 --> Session: Class initialized using 'CodeIgniter\Session\Handlers\FileHandler' driver.
DEBUG - 2025-05-02 21:25:55 --> Session: Class initialized using 'CodeIgniter\Session\Handlers\FileHandler' driver.
DEBUG - 2025-05-02 21:26:15 --> Session: Class initialized using 'CodeIgniter\Session\Handlers\FileHandler' driver.
INFO - 2025-05-02 21:26:15 --> CSRF token verified.
DEBUG - 2025-05-02 21:26:16 --> Session: Class initialized using 'CodeIgniter\Session\Handlers\FileHandler' driver.
DEBUG - 2025-05-02 21:26:17 --> Session: Class initialized using 'CodeIgniter\Session\Handlers\FileHandler' driver.
DEBUG - 2025-05-02 21:26:29 --> Session: Class initialized using 'CodeIgniter\Session\Handlers\FileHandler' driver.
INFO - 2025-05-02 21:26:29 --> CSRF token verified.
DEBUG - 2025-05-02 21:26:30 --> Session: Class initialized using 'CodeIgniter\Session\Handlers\FileHandler' driver.
DEBUG - 2025-05-02 21:26:30 --> Session: Class initialized using 'CodeIgniter\Session\Handlers\FileHandler' driver.
DEBUG - 2025-05-02 21:26:38 --> Session: Class initialized using 'CodeIgniter\Session\Handlers\FileHandler' driver.
INFO - 2025-05-02 21:26:38 --> CSRF token verified.
DEBUG - 2025-05-02 21:26:38 --> Session: Class initialized using 'CodeIgniter\Session\Handlers\FileHandler' driver.
DEBUG - 2025-05-02 21:26:39 --> Session: Class initialized using 'CodeIgniter\Session\Handlers\FileHandler' driver.
DEBUG - 2025-05-02 21:36:57 --> Session: Class initialized using 'CodeIgniter\Session\Handlers\FileHandler' driver.
DEBUG - 2025-05-02 21:36:58 --> Session: Class initialized using 'CodeIgniter\Session\Handlers\FileHandler' driver.
DEBUG - 2025-05-02 21:36:58 --> Session: Class initialized using 'CodeIgniter\Session\Handlers\FileHandler' driver.
DEBUG - 2025-05-02 21:37:56 --> Session: Class initialized using 'CodeIgniter\Session\Handlers\FileHandler' driver.
DEBUG - 2025-05-02 21:37:56 --> Session: Class initialized using 'CodeIgniter\Session\Handlers\FileHandler' driver.
DEBUG - 2025-05-02 21:37:57 --> Session: Class initialized using 'CodeIgniter\Session\Handlers\FileHandler' driver.
DEBUG - 2025-05-02 21:38:56 --> Session: Class initialized using 'CodeIgniter\Session\Handlers\FileHandler' driver.
DEBUG - 2025-05-02 21:38:56 --> Session: Class initialized using 'CodeIgniter\Session\Handlers\FileHandler' driver.
DEBUG - 2025-05-02 21:38:56 --> Session: Class initialized using 'CodeIgniter\Session\Handlers\FileHandler' driver.
DEBUG - 2025-05-02 21:39:11 --> Session: Class initialized using 'CodeIgniter\Session\Handlers\FileHandler' driver.
INFO - 2025-05-02 21:39:11 --> CSRF token verified.
DEBUG - 2025-05-02 21:39:12 --> Session: Class initialized using 'CodeIgniter\Session\Handlers\FileHandler' driver.
DEBUG - 2025-05-02 21:39:12 --> Session: Class initialized using 'CodeIgniter\Session\Handlers\FileHandler' driver.
DEBUG - 2025-05-02 21:39:12 --> Session: Class initialized using 'CodeIgniter\Session\Handlers\FileHandler' driver.
DEBUG - 2025-05-02 21:40:13 --> Session: Class initialized using 'CodeIgniter\Session\Handlers\FileHandler' driver.
DEBUG - 2025-05-02 21:40:13 --> Session: Class initialized using 'CodeIgniter\Session\Handlers\FileHandler' driver.
DEBUG - 2025-05-02 21:40:14 --> Session: Class initialized using 'CodeIgniter\Session\Handlers\FileHandler' driver.
DEBUG - 2025-05-02 21:40:15 --> Session: Class initialized using 'CodeIgniter\Session\Handlers\FileHandler' driver.
DEBUG - 2025-05-02 21:40:15 --> Session: Class initialized using 'CodeIgniter\Session\Handlers\FileHandler' driver.
DEBUG - 2025-05-02 21:40:16 --> Session: Class initialized using 'CodeIgniter\Session\Handlers\FileHandler' driver.
DEBUG - 2025-05-02 21:40:20 --> Session: Class initialized using 'CodeIgniter\Session\Handlers\FileHandler' driver.
DEBUG - 2025-05-02 21:40:20 --> Session: Class initialized using 'CodeIgniter\Session\Handlers\FileHandler' driver.
DEBUG - 2025-05-02 21:40:20 --> Session: Class initialized using 'CodeIgniter\Session\Handlers\FileHandler' driver.
DEBUG - 2025-05-02 21:41:11 --> Session: Class initialized using 'CodeIgniter\Session\Handlers\FileHandler' driver.
INFO - 2025-05-02 21:41:11 --> CSRF token verified.
DEBUG - 2025-05-02 21:41:12 --> Session: Class initialized using 'CodeIgniter\Session\Handlers\FileHandler' driver.
DEBUG - 2025-05-02 21:41:12 --> Session: Class initialized using 'CodeIgniter\Session\Handlers\FileHandler' driver.
DEBUG - 2025-05-02 21:41:12 --> Session: Class initialized using 'CodeIgniter\Session\Handlers\FileHandler' driver.
DEBUG - 2025-05-02 21:41:46 --> Session: Class initialized using 'CodeIgniter\Session\Handlers\FileHandler' driver.
DEBUG - 2025-05-02 21:41:47 --> Session: Class initialized using 'CodeIgniter\Session\Handlers\FileHandler' driver.
DEBUG - 2025-05-02 21:41:47 --> Session: Class initialized using 'CodeIgniter\Session\Handlers\FileHandler' driver.
DEBUG - 2025-05-02 21:41:52 --> Session: Class initialized using 'CodeIgniter\Session\Handlers\FileHandler' driver.
DEBUG - 2025-05-02 21:41:53 --> Session: Class initialized using 'CodeIgniter\Session\Handlers\FileHandler' driver.
DEBUG - 2025-05-02 21:41:53 --> Session: Class initialized using 'CodeIgniter\Session\Handlers\FileHandler' driver.
DEBUG - 2025-05-02 21:48:42 --> Session: Class initialized using 'CodeIgniter\Session\Handlers\FileHandler' driver.
DEBUG - 2025-05-02 21:48:42 --> Session: Class initialized using 'CodeIgniter\Session\Handlers\FileHandler' driver.
DEBUG - 2025-05-02 21:48:42 --> Session: Class initialized using 'CodeIgniter\Session\Handlers\FileHandler' driver.
DEBUG - 2025-05-02 21:51:39 --> Session: Class initialized using 'CodeIgniter\Session\Handlers\FileHandler' driver.
ERROR - 2025-05-02 21:51:39 --> mysqli_sql_exception: Table 'ci-learn_affix.settings' doesn't exist in C:\wamp64\www\ci-learn_affix\system\Database\MySQLi\Connection.php:327
Stack trace:
#0 C:\wamp64\www\ci-learn_affix\system\Database\MySQLi\Connection.php(327): mysqli->query('SELECT *\nFROM `...', 0)
#1 C:\wamp64\www\ci-learn_affix\system\Database\BaseConnection.php(738): CodeIgniter\Database\MySQLi\Connection->execute('SELECT *\nFROM `...')
#2 C:\wamp64\www\ci-learn_affix\system\Database\BaseConnection.php(652): CodeIgniter\Database\BaseConnection->simpleQuery('SELECT *\nFROM `...')
#3 C:\wamp64\www\ci-learn_affix\system\Database\BaseBuilder.php(1649): CodeIgniter\Database\BaseConnection->query('SELECT *\nFROM `...', Array, false)
#4 C:\wamp64\www\ci-learn_affix\vendor\codeigniter4\settings\src\Handlers\DatabaseHandler.php(186): CodeIgniter\Database\BaseBuilder->get()
#5 C:\wamp64\www\ci-learn_affix\vendor\codeigniter4\settings\src\Handlers\DatabaseHandler.php(51): CodeIgniter\Settings\Handlers\DatabaseHandler->hydrate(NULL)
#6 C:\wamp64\www\ci-learn_affix\vendor\codeigniter4\settings\src\Settings.php(59): CodeIgniter\Settings\Handlers\DatabaseHandler->has('Config\\Auth', 'sessionConfig', NULL)
#7 C:\wamp64\www\ci-learn_affix\vendor\codeigniter4\settings\src\Helpers\setting_helper.php(25): CodeIgniter\Settings\Settings->get('Auth.sessionCon...')
#8 C:\wamp64\www\ci-learn_affix\vendor\codeigniter4\shield\src\Authentication\Authenticators\Session.php(682): setting('Auth.sessionCon...')
#9 C:\wamp64\www\ci-learn_affix\vendor\codeigniter4\shield\src\Authentication\Authenticators\Session.php(700): CodeIgniter\Shield\Authentication\Authenticators\Session->getSessionUserInfo()
#10 C:\wamp64\www\ci-learn_affix\vendor\codeigniter4\shield\src\Authentication\Authenticators\Session.php(387): CodeIgniter\Shield\Authentication\Authenticators\Session->getSessionUserKey('id')
#11 C:\wamp64\www\ci-learn_affix\vendor\codeigniter4\shield\src\Authentication\Authenticators\Session.php(371): CodeIgniter\Shield\Authentication\Authenticators\Session->checkUserState()
#12 C:\wamp64\www\ci-learn_affix\vendor\codeigniter4\shield\src\Auth.php(101): CodeIgniter\Shield\Authentication\Authenticators\Session->loggedIn()
#13 C:\wamp64\www\ci-learn_affix\app\Views\home.php(18): CodeIgniter\Shield\Auth->user()
#14 C:\wamp64\www\ci-learn_affix\system\View\View.php(224): include('C:\\wamp64\\www\\c...')
#15 C:\wamp64\www\ci-learn_affix\system\View\View.php(227): CodeIgniter\View\View->CodeIgniter\View\{closure}()
#16 C:\wamp64\www\ci-learn_affix\system\Common.php(1173): CodeIgniter\View\View->render('home', Array, true)
#17 C:\wamp64\www\ci-learn_affix\app\Controllers\Home.php(66): view('home', Array)
#18 C:\wamp64\www\ci-learn_affix\system\CodeIgniter.php(933): App\Controllers\Home->index()
#19 C:\wamp64\www\ci-learn_affix\system\CodeIgniter.php(507): CodeIgniter\CodeIgniter->runController(Object(App\Controllers\Home))
#20 C:\wamp64\www\ci-learn_affix\system\CodeIgniter.php(354): CodeIgniter\CodeIgniter->handleRequest(NULL, Object(Config\Cache), false)
#21 C:\wamp64\www\ci-learn_affix\system\Boot.php(334): CodeIgniter\CodeIgniter->run()
#22 C:\wamp64\www\ci-learn_affix\system\Boot.php(67): CodeIgniter\Boot::runCodeIgniter(Object(CodeIgniter\CodeIgniter))
#23 C:\wamp64\www\ci-learn_affix\index.php(56): CodeIgniter\Boot::bootWeb(Object(Config\Paths))
#24 {main}
CRITICAL - 2025-05-02 21:51:39 --> CodeIgniter\Database\Exceptions\DatabaseException: Table 'ci-learn_affix.settings' doesn't exist
[Method: GET, Route: /]
in SYSTEMPATH\Database\BaseConnection.php on line 692.
 1 SYSTEMPATH\Database\BaseBuilder.php(1649): CodeIgniter\Database\BaseConnection->query('SELECT *
FROM `settings`
WHERE `context` IS NULL', [], false)
 2 FCPATH\vendor\codeigniter4\settings\src\Handlers\DatabaseHandler.php(186): CodeIgniter\Database\BaseBuilder->get()
 3 FCPATH\vendor\codeigniter4\settings\src\Handlers\DatabaseHandler.php(51): CodeIgniter\Settings\Handlers\DatabaseHandler->hydrate(null)
 4 FCPATH\vendor\codeigniter4\settings\src\Settings.php(59): CodeIgniter\Settings\Handlers\DatabaseHandler->has('Config\\Auth', 'sessionConfig', null)
 5 FCPATH\vendor\codeigniter4\settings\src\Helpers\setting_helper.php(25): CodeIgniter\Settings\Settings->get('Auth.sessionConfig')
 6 FCPATH\vendor\codeigniter4\shield\src\Authentication\Authenticators\Session.php(682): setting('Auth.sessionConfig')
 7 FCPATH\vendor\codeigniter4\shield\src\Authentication\Authenticators\Session.php(700): CodeIgniter\Shield\Authentication\Authenticators\Session->getSessionUserInfo()
 8 FCPATH\vendor\codeigniter4\shield\src\Authentication\Authenticators\Session.php(387): CodeIgniter\Shield\Authentication\Authenticators\Session->getSessionUserKey('id')
 9 FCPATH\vendor\codeigniter4\shield\src\Authentication\Authenticators\Session.php(371): CodeIgniter\Shield\Authentication\Authenticators\Session->checkUserState()
10 FCPATH\vendor\codeigniter4\shield\src\Auth.php(101): CodeIgniter\Shield\Authentication\Authenticators\Session->loggedIn()
11 APPPATH\Views\home.php(18): CodeIgniter\Shield\Auth->user()
12 SYSTEMPATH\View\View.php(224): include('C:\\wamp64\\www\\ci-learn_affix\\app\\Views\\home.php')
13 SYSTEMPATH\View\View.php(227): CodeIgniter\View\View->CodeIgniter\View\{closure}()
14 SYSTEMPATH\Common.php(1173): CodeIgniter\View\View->render('home', [], true)
15 APPPATH\Controllers\Home.php(66): view('home', [...])
16 SYSTEMPATH\CodeIgniter.php(933): App\Controllers\Home->index()
17 SYSTEMPATH\CodeIgniter.php(507): CodeIgniter\CodeIgniter->runController(Object(App\Controllers\Home))
18 SYSTEMPATH\CodeIgniter.php(354): CodeIgniter\CodeIgniter->handleRequest(null, Object(Config\Cache), false)
19 SYSTEMPATH\Boot.php(334): CodeIgniter\CodeIgniter->run()
20 SYSTEMPATH\Boot.php(67): CodeIgniter\Boot::runCodeIgniter(Object(CodeIgniter\CodeIgniter))
21 FCPATH\index.php(56): CodeIgniter\Boot::bootWeb(Object(Config\Paths))
CRITICAL - 2025-05-02 21:51:39 --> [Caused by] CodeIgniter\Database\Exceptions\DatabaseException: Table 'ci-learn_affix.settings' doesn't exist
in SYSTEMPATH\Database\MySQLi\Connection.php on line 332.
 1 SYSTEMPATH\Database\BaseConnection.php(738): CodeIgniter\Database\MySQLi\Connection->execute('SELECT *
FROM `settings`
WHERE `context` IS NULL')
 2 SYSTEMPATH\Database\BaseConnection.php(652): CodeIgniter\Database\BaseConnection->simpleQuery('SELECT *
FROM `settings`
WHERE `context` IS NULL')
 3 SYSTEMPATH\Database\BaseBuilder.php(1649): CodeIgniter\Database\BaseConnection->query('SELECT *
FROM `settings`
WHERE `context` IS NULL', [], false)
 4 FCPATH\vendor\codeigniter4\settings\src\Handlers\DatabaseHandler.php(186): CodeIgniter\Database\BaseBuilder->get()
 5 FCPATH\vendor\codeigniter4\settings\src\Handlers\DatabaseHandler.php(51): CodeIgniter\Settings\Handlers\DatabaseHandler->hydrate(null)
 6 FCPATH\vendor\codeigniter4\settings\src\Settings.php(59): CodeIgniter\Settings\Handlers\DatabaseHandler->has('Config\\Auth', 'sessionConfig', null)
 7 FCPATH\vendor\codeigniter4\settings\src\Helpers\setting_helper.php(25): CodeIgniter\Settings\Settings->get('Auth.sessionConfig')
 8 FCPATH\vendor\codeigniter4\shield\src\Authentication\Authenticators\Session.php(682): setting('Auth.sessionConfig')
 9 FCPATH\vendor\codeigniter4\shield\src\Authentication\Authenticators\Session.php(700): CodeIgniter\Shield\Authentication\Authenticators\Session->getSessionUserInfo()
10 FCPATH\vendor\codeigniter4\shield\src\Authentication\Authenticators\Session.php(387): CodeIgniter\Shield\Authentication\Authenticators\Session->getSessionUserKey('id')
11 FCPATH\vendor\codeigniter4\shield\src\Authentication\Authenticators\Session.php(371): CodeIgniter\Shield\Authentication\Authenticators\Session->checkUserState()
12 FCPATH\vendor\codeigniter4\shield\src\Auth.php(101): CodeIgniter\Shield\Authentication\Authenticators\Session->loggedIn()
13 APPPATH\Views\home.php(18): CodeIgniter\Shield\Auth->user()
14 SYSTEMPATH\View\View.php(224): include('C:\\wamp64\\www\\ci-learn_affix\\app\\Views\\home.php')
15 SYSTEMPATH\View\View.php(227): CodeIgniter\View\View->CodeIgniter\View\{closure}()
16 SYSTEMPATH\Common.php(1173): CodeIgniter\View\View->render('home', [], true)
17 APPPATH\Controllers\Home.php(66): view('home', [...])
18 SYSTEMPATH\CodeIgniter.php(933): App\Controllers\Home->index()
19 SYSTEMPATH\CodeIgniter.php(507): CodeIgniter\CodeIgniter->runController(Object(App\Controllers\Home))
20 SYSTEMPATH\CodeIgniter.php(354): CodeIgniter\CodeIgniter->handleRequest(null, Object(Config\Cache), false)
21 SYSTEMPATH\Boot.php(334): CodeIgniter\CodeIgniter->run()
22 SYSTEMPATH\Boot.php(67): CodeIgniter\Boot::runCodeIgniter(Object(CodeIgniter\CodeIgniter))
23 FCPATH\index.php(56): CodeIgniter\Boot::bootWeb(Object(Config\Paths))
CRITICAL - 2025-05-02 21:51:39 --> [Caused by] mysqli_sql_exception: Table 'ci-learn_affix.settings' doesn't exist
in SYSTEMPATH\Database\MySQLi\Connection.php on line 327.
 1 SYSTEMPATH\Database\MySQLi\Connection.php(327): mysqli->query('SELECT *
FROM `settings`
WHERE `context` IS NULL', 0)
 2 SYSTEMPATH\Database\BaseConnection.php(738): CodeIgniter\Database\MySQLi\Connection->execute('SELECT *
FROM `settings`
WHERE `context` IS NULL')
 3 SYSTEMPATH\Database\BaseConnection.php(652): CodeIgniter\Database\BaseConnection->simpleQuery('SELECT *
FROM `settings`
WHERE `context` IS NULL')
 4 SYSTEMPATH\Database\BaseBuilder.php(1649): CodeIgniter\Database\BaseConnection->query('SELECT *
FROM `settings`
WHERE `context` IS NULL', [], false)
 5 FCPATH\vendor\codeigniter4\settings\src\Handlers\DatabaseHandler.php(186): CodeIgniter\Database\BaseBuilder->get()
 6 FCPATH\vendor\codeigniter4\settings\src\Handlers\DatabaseHandler.php(51): CodeIgniter\Settings\Handlers\DatabaseHandler->hydrate(null)
 7 FCPATH\vendor\codeigniter4\settings\src\Settings.php(59): CodeIgniter\Settings\Handlers\DatabaseHandler->has('Config\\Auth', 'sessionConfig', null)
 8 FCPATH\vendor\codeigniter4\settings\src\Helpers\setting_helper.php(25): CodeIgniter\Settings\Settings->get('Auth.sessionConfig')
 9 FCPATH\vendor\codeigniter4\shield\src\Authentication\Authenticators\Session.php(682): setting('Auth.sessionConfig')
10 FCPATH\vendor\codeigniter4\shield\src\Authentication\Authenticators\Session.php(700): CodeIgniter\Shield\Authentication\Authenticators\Session->getSessionUserInfo()
11 FCPATH\vendor\codeigniter4\shield\src\Authentication\Authenticators\Session.php(387): CodeIgniter\Shield\Authentication\Authenticators\Session->getSessionUserKey('id')
12 FCPATH\vendor\codeigniter4\shield\src\Authentication\Authenticators\Session.php(371): CodeIgniter\Shield\Authentication\Authenticators\Session->checkUserState()
13 FCPATH\vendor\codeigniter4\shield\src\Auth.php(101): CodeIgniter\Shield\Authentication\Authenticators\Session->loggedIn()
14 APPPATH\Views\home.php(18): CodeIgniter\Shield\Auth->user()
15 SYSTEMPATH\View\View.php(224): include('C:\\wamp64\\www\\ci-learn_affix\\app\\Views\\home.php')
16 SYSTEMPATH\View\View.php(227): CodeIgniter\View\View->CodeIgniter\View\{closure}()
17 SYSTEMPATH\Common.php(1173): CodeIgniter\View\View->render('home', [], true)
18 APPPATH\Controllers\Home.php(66): view('home', [...])
19 SYSTEMPATH\CodeIgniter.php(933): App\Controllers\Home->index()
20 SYSTEMPATH\CodeIgniter.php(507): CodeIgniter\CodeIgniter->runController(Object(App\Controllers\Home))
21 SYSTEMPATH\CodeIgniter.php(354): CodeIgniter\CodeIgniter->handleRequest(null, Object(Config\Cache), false)
22 SYSTEMPATH\Boot.php(334): CodeIgniter\CodeIgniter->run()
23 SYSTEMPATH\Boot.php(67): CodeIgniter\Boot::runCodeIgniter(Object(CodeIgniter\CodeIgniter))
24 FCPATH\index.php(56): CodeIgniter\Boot::bootWeb(Object(Config\Paths))
DEBUG - 2025-05-02 21:51:39 --> Session: Class initialized using 'CodeIgniter\Session\Handlers\FileHandler' driver.
ERROR - 2025-05-02 21:51:39 --> mysqli_sql_exception: Table 'ci-learn_affix.settings' doesn't exist in C:\wamp64\www\ci-learn_affix\system\Database\MySQLi\Connection.php:327
Stack trace:
#0 C:\wamp64\www\ci-learn_affix\system\Database\MySQLi\Connection.php(327): mysqli->query('SELECT *\nFROM `...', 0)
#1 C:\wamp64\www\ci-learn_affix\system\Database\BaseConnection.php(738): CodeIgniter\Database\MySQLi\Connection->execute('SELECT *\nFROM `...')
#2 C:\wamp64\www\ci-learn_affix\system\Database\BaseConnection.php(652): CodeIgniter\Database\BaseConnection->simpleQuery('SELECT *\nFROM `...')
#3 C:\wamp64\www\ci-learn_affix\system\Database\BaseBuilder.php(1649): CodeIgniter\Database\BaseConnection->query('SELECT *\nFROM `...', Array, false)
#4 C:\wamp64\www\ci-learn_affix\vendor\codeigniter4\settings\src\Handlers\DatabaseHandler.php(186): CodeIgniter\Database\BaseBuilder->get()
#5 C:\wamp64\www\ci-learn_affix\vendor\codeigniter4\settings\src\Handlers\DatabaseHandler.php(51): CodeIgniter\Settings\Handlers\DatabaseHandler->hydrate(NULL)
#6 C:\wamp64\www\ci-learn_affix\vendor\codeigniter4\settings\src\Settings.php(59): CodeIgniter\Settings\Handlers\DatabaseHandler->has('Config\\Auth', 'sessionConfig', NULL)
#7 C:\wamp64\www\ci-learn_affix\vendor\codeigniter4\settings\src\Helpers\setting_helper.php(25): CodeIgniter\Settings\Settings->get('Auth.sessionCon...')
#8 C:\wamp64\www\ci-learn_affix\vendor\codeigniter4\shield\src\Authentication\Authenticators\Session.php(682): setting('Auth.sessionCon...')
#9 C:\wamp64\www\ci-learn_affix\vendor\codeigniter4\shield\src\Authentication\Authenticators\Session.php(700): CodeIgniter\Shield\Authentication\Authenticators\Session->getSessionUserInfo()
#10 C:\wamp64\www\ci-learn_affix\vendor\codeigniter4\shield\src\Authentication\Authenticators\Session.php(387): CodeIgniter\Shield\Authentication\Authenticators\Session->getSessionUserKey('id')
#11 C:\wamp64\www\ci-learn_affix\vendor\codeigniter4\shield\src\Authentication\Authenticators\Session.php(371): CodeIgniter\Shield\Authentication\Authenticators\Session->checkUserState()
#12 C:\wamp64\www\ci-learn_affix\vendor\codeigniter4\shield\src\Auth.php(101): CodeIgniter\Shield\Authentication\Authenticators\Session->loggedIn()
#13 C:\wamp64\www\ci-learn_affix\app\Views\home.php(18): CodeIgniter\Shield\Auth->user()
#14 C:\wamp64\www\ci-learn_affix\system\View\View.php(224): include('C:\\wamp64\\www\\c...')
#15 C:\wamp64\www\ci-learn_affix\system\View\View.php(227): CodeIgniter\View\View->CodeIgniter\View\{closure}()
#16 C:\wamp64\www\ci-learn_affix\system\Common.php(1173): CodeIgniter\View\View->render('home', Array, true)
#17 C:\wamp64\www\ci-learn_affix\app\Controllers\Home.php(66): view('home', Array)
#18 C:\wamp64\www\ci-learn_affix\system\CodeIgniter.php(933): App\Controllers\Home->index()
#19 C:\wamp64\www\ci-learn_affix\system\CodeIgniter.php(507): CodeIgniter\CodeIgniter->runController(Object(App\Controllers\Home))
#20 C:\wamp64\www\ci-learn_affix\system\CodeIgniter.php(354): CodeIgniter\CodeIgniter->handleRequest(NULL, Object(Config\Cache), false)
#21 C:\wamp64\www\ci-learn_affix\system\Boot.php(334): CodeIgniter\CodeIgniter->run()
#22 C:\wamp64\www\ci-learn_affix\system\Boot.php(67): CodeIgniter\Boot::runCodeIgniter(Object(CodeIgniter\CodeIgniter))
#23 C:\wamp64\www\ci-learn_affix\index.php(56): CodeIgniter\Boot::bootWeb(Object(Config\Paths))
#24 {main}
CRITICAL - 2025-05-02 21:51:39 --> CodeIgniter\Database\Exceptions\DatabaseException: Table 'ci-learn_affix.settings' doesn't exist
[Method: GET, Route: /]
in SYSTEMPATH\Database\BaseConnection.php on line 692.
 1 SYSTEMPATH\Database\BaseBuilder.php(1649): CodeIgniter\Database\BaseConnection->query('SELECT *
FROM `settings`
WHERE `context` IS NULL', [], false)
 2 FCPATH\vendor\codeigniter4\settings\src\Handlers\DatabaseHandler.php(186): CodeIgniter\Database\BaseBuilder->get()
 3 FCPATH\vendor\codeigniter4\settings\src\Handlers\DatabaseHandler.php(51): CodeIgniter\Settings\Handlers\DatabaseHandler->hydrate(null)
 4 FCPATH\vendor\codeigniter4\settings\src\Settings.php(59): CodeIgniter\Settings\Handlers\DatabaseHandler->has('Config\\Auth', 'sessionConfig', null)
 5 FCPATH\vendor\codeigniter4\settings\src\Helpers\setting_helper.php(25): CodeIgniter\Settings\Settings->get('Auth.sessionConfig')
 6 FCPATH\vendor\codeigniter4\shield\src\Authentication\Authenticators\Session.php(682): setting('Auth.sessionConfig')
 7 FCPATH\vendor\codeigniter4\shield\src\Authentication\Authenticators\Session.php(700): CodeIgniter\Shield\Authentication\Authenticators\Session->getSessionUserInfo()
 8 FCPATH\vendor\codeigniter4\shield\src\Authentication\Authenticators\Session.php(387): CodeIgniter\Shield\Authentication\Authenticators\Session->getSessionUserKey('id')
 9 FCPATH\vendor\codeigniter4\shield\src\Authentication\Authenticators\Session.php(371): CodeIgniter\Shield\Authentication\Authenticators\Session->checkUserState()
10 FCPATH\vendor\codeigniter4\shield\src\Auth.php(101): CodeIgniter\Shield\Authentication\Authenticators\Session->loggedIn()
11 APPPATH\Views\home.php(18): CodeIgniter\Shield\Auth->user()
12 SYSTEMPATH\View\View.php(224): include('C:\\wamp64\\www\\ci-learn_affix\\app\\Views\\home.php')
13 SYSTEMPATH\View\View.php(227): CodeIgniter\View\View->CodeIgniter\View\{closure}()
14 SYSTEMPATH\Common.php(1173): CodeIgniter\View\View->render('home', [], true)
15 APPPATH\Controllers\Home.php(66): view('home', [...])
16 SYSTEMPATH\CodeIgniter.php(933): App\Controllers\Home->index()
17 SYSTEMPATH\CodeIgniter.php(507): CodeIgniter\CodeIgniter->runController(Object(App\Controllers\Home))
18 SYSTEMPATH\CodeIgniter.php(354): CodeIgniter\CodeIgniter->handleRequest(null, Object(Config\Cache), false)
19 SYSTEMPATH\Boot.php(334): CodeIgniter\CodeIgniter->run()
20 SYSTEMPATH\Boot.php(67): CodeIgniter\Boot::runCodeIgniter(Object(CodeIgniter\CodeIgniter))
21 FCPATH\index.php(56): CodeIgniter\Boot::bootWeb(Object(Config\Paths))
CRITICAL - 2025-05-02 21:51:39 --> [Caused by] CodeIgniter\Database\Exceptions\DatabaseException: Table 'ci-learn_affix.settings' doesn't exist
in SYSTEMPATH\Database\MySQLi\Connection.php on line 332.
 1 SYSTEMPATH\Database\BaseConnection.php(738): CodeIgniter\Database\MySQLi\Connection->execute('SELECT *
FROM `settings`
WHERE `context` IS NULL')
 2 SYSTEMPATH\Database\BaseConnection.php(652): CodeIgniter\Database\BaseConnection->simpleQuery('SELECT *
FROM `settings`
WHERE `context` IS NULL')
 3 SYSTEMPATH\Database\BaseBuilder.php(1649): CodeIgniter\Database\BaseConnection->query('SELECT *
FROM `settings`
WHERE `context` IS NULL', [], false)
 4 FCPATH\vendor\codeigniter4\settings\src\Handlers\DatabaseHandler.php(186): CodeIgniter\Database\BaseBuilder->get()
 5 FCPATH\vendor\codeigniter4\settings\src\Handlers\DatabaseHandler.php(51): CodeIgniter\Settings\Handlers\DatabaseHandler->hydrate(null)
 6 FCPATH\vendor\codeigniter4\settings\src\Settings.php(59): CodeIgniter\Settings\Handlers\DatabaseHandler->has('Config\\Auth', 'sessionConfig', null)
 7 FCPATH\vendor\codeigniter4\settings\src\Helpers\setting_helper.php(25): CodeIgniter\Settings\Settings->get('Auth.sessionConfig')
 8 FCPATH\vendor\codeigniter4\shield\src\Authentication\Authenticators\Session.php(682): setting('Auth.sessionConfig')
 9 FCPATH\vendor\codeigniter4\shield\src\Authentication\Authenticators\Session.php(700): CodeIgniter\Shield\Authentication\Authenticators\Session->getSessionUserInfo()
10 FCPATH\vendor\codeigniter4\shield\src\Authentication\Authenticators\Session.php(387): CodeIgniter\Shield\Authentication\Authenticators\Session->getSessionUserKey('id')
11 FCPATH\vendor\codeigniter4\shield\src\Authentication\Authenticators\Session.php(371): CodeIgniter\Shield\Authentication\Authenticators\Session->checkUserState()
12 FCPATH\vendor\codeigniter4\shield\src\Auth.php(101): CodeIgniter\Shield\Authentication\Authenticators\Session->loggedIn()
13 APPPATH\Views\home.php(18): CodeIgniter\Shield\Auth->user()
14 SYSTEMPATH\View\View.php(224): include('C:\\wamp64\\www\\ci-learn_affix\\app\\Views\\home.php')
15 SYSTEMPATH\View\View.php(227): CodeIgniter\View\View->CodeIgniter\View\{closure}()
16 SYSTEMPATH\Common.php(1173): CodeIgniter\View\View->render('home', [], true)
17 APPPATH\Controllers\Home.php(66): view('home', [...])
18 SYSTEMPATH\CodeIgniter.php(933): App\Controllers\Home->index()
19 SYSTEMPATH\CodeIgniter.php(507): CodeIgniter\CodeIgniter->runController(Object(App\Controllers\Home))
20 SYSTEMPATH\CodeIgniter.php(354): CodeIgniter\CodeIgniter->handleRequest(null, Object(Config\Cache), false)
21 SYSTEMPATH\Boot.php(334): CodeIgniter\CodeIgniter->run()
22 SYSTEMPATH\Boot.php(67): CodeIgniter\Boot::runCodeIgniter(Object(CodeIgniter\CodeIgniter))
23 FCPATH\index.php(56): CodeIgniter\Boot::bootWeb(Object(Config\Paths))
CRITICAL - 2025-05-02 21:51:39 --> [Caused by] mysqli_sql_exception: Table 'ci-learn_affix.settings' doesn't exist
in SYSTEMPATH\Database\MySQLi\Connection.php on line 327.
 1 SYSTEMPATH\Database\MySQLi\Connection.php(327): mysqli->query('SELECT *
FROM `settings`
WHERE `context` IS NULL', 0)
 2 SYSTEMPATH\Database\BaseConnection.php(738): CodeIgniter\Database\MySQLi\Connection->execute('SELECT *
FROM `settings`
WHERE `context` IS NULL')
 3 SYSTEMPATH\Database\BaseConnection.php(652): CodeIgniter\Database\BaseConnection->simpleQuery('SELECT *
FROM `settings`
WHERE `context` IS NULL')
 4 SYSTEMPATH\Database\BaseBuilder.php(1649): CodeIgniter\Database\BaseConnection->query('SELECT *
FROM `settings`
WHERE `context` IS NULL', [], false)
 5 FCPATH\vendor\codeigniter4\settings\src\Handlers\DatabaseHandler.php(186): CodeIgniter\Database\BaseBuilder->get()
 6 FCPATH\vendor\codeigniter4\settings\src\Handlers\DatabaseHandler.php(51): CodeIgniter\Settings\Handlers\DatabaseHandler->hydrate(null)
 7 FCPATH\vendor\codeigniter4\settings\src\Settings.php(59): CodeIgniter\Settings\Handlers\DatabaseHandler->has('Config\\Auth', 'sessionConfig', null)
 8 FCPATH\vendor\codeigniter4\settings\src\Helpers\setting_helper.php(25): CodeIgniter\Settings\Settings->get('Auth.sessionConfig')
 9 FCPATH\vendor\codeigniter4\shield\src\Authentication\Authenticators\Session.php(682): setting('Auth.sessionConfig')
10 FCPATH\vendor\codeigniter4\shield\src\Authentication\Authenticators\Session.php(700): CodeIgniter\Shield\Authentication\Authenticators\Session->getSessionUserInfo()
11 FCPATH\vendor\codeigniter4\shield\src\Authentication\Authenticators\Session.php(387): CodeIgniter\Shield\Authentication\Authenticators\Session->getSessionUserKey('id')
12 FCPATH\vendor\codeigniter4\shield\src\Authentication\Authenticators\Session.php(371): CodeIgniter\Shield\Authentication\Authenticators\Session->checkUserState()
13 FCPATH\vendor\codeigniter4\shield\src\Auth.php(101): CodeIgniter\Shield\Authentication\Authenticators\Session->loggedIn()
14 APPPATH\Views\home.php(18): CodeIgniter\Shield\Auth->user()
15 SYSTEMPATH\View\View.php(224): include('C:\\wamp64\\www\\ci-learn_affix\\app\\Views\\home.php')
16 SYSTEMPATH\View\View.php(227): CodeIgniter\View\View->CodeIgniter\View\{closure}()
17 SYSTEMPATH\Common.php(1173): CodeIgniter\View\View->render('home', [], true)
18 APPPATH\Controllers\Home.php(66): view('home', [...])
19 SYSTEMPATH\CodeIgniter.php(933): App\Controllers\Home->index()
20 SYSTEMPATH\CodeIgniter.php(507): CodeIgniter\CodeIgniter->runController(Object(App\Controllers\Home))
21 SYSTEMPATH\CodeIgniter.php(354): CodeIgniter\CodeIgniter->handleRequest(null, Object(Config\Cache), false)
22 SYSTEMPATH\Boot.php(334): CodeIgniter\CodeIgniter->run()
23 SYSTEMPATH\Boot.php(67): CodeIgniter\Boot::runCodeIgniter(Object(CodeIgniter\CodeIgniter))
24 FCPATH\index.php(56): CodeIgniter\Boot::bootWeb(Object(Config\Paths))
DEBUG - 2025-05-02 21:54:05 --> Session: Class initialized using 'CodeIgniter\Session\Handlers\FileHandler' driver.
ERROR - 2025-05-02 21:54:05 --> mysqli_sql_exception: Table 'ci-learn_affix.settings' doesn't exist in C:\wamp64\www\ci-learn_affix\system\Database\MySQLi\Connection.php:327
Stack trace:
#0 C:\wamp64\www\ci-learn_affix\system\Database\MySQLi\Connection.php(327): mysqli->query('SELECT *\nFROM `...', 0)
#1 C:\wamp64\www\ci-learn_affix\system\Database\BaseConnection.php(738): CodeIgniter\Database\MySQLi\Connection->execute('SELECT *\nFROM `...')
#2 C:\wamp64\www\ci-learn_affix\system\Database\BaseConnection.php(652): CodeIgniter\Database\BaseConnection->simpleQuery('SELECT *\nFROM `...')
#3 C:\wamp64\www\ci-learn_affix\system\Database\BaseBuilder.php(1649): CodeIgniter\Database\BaseConnection->query('SELECT *\nFROM `...', Array, false)
#4 C:\wamp64\www\ci-learn_affix\vendor\codeigniter4\settings\src\Handlers\DatabaseHandler.php(186): CodeIgniter\Database\BaseBuilder->get()
#5 C:\wamp64\www\ci-learn_affix\vendor\codeigniter4\settings\src\Handlers\DatabaseHandler.php(51): CodeIgniter\Settings\Handlers\DatabaseHandler->hydrate(NULL)
#6 C:\wamp64\www\ci-learn_affix\vendor\codeigniter4\settings\src\Settings.php(59): CodeIgniter\Settings\Handlers\DatabaseHandler->has('Config\\Auth', 'sessionConfig', NULL)
#7 C:\wamp64\www\ci-learn_affix\vendor\codeigniter4\settings\src\Helpers\setting_helper.php(25): CodeIgniter\Settings\Settings->get('Auth.sessionCon...')
#8 C:\wamp64\www\ci-learn_affix\vendor\codeigniter4\shield\src\Authentication\Authenticators\Session.php(682): setting('Auth.sessionCon...')
#9 C:\wamp64\www\ci-learn_affix\vendor\codeigniter4\shield\src\Authentication\Authenticators\Session.php(700): CodeIgniter\Shield\Authentication\Authenticators\Session->getSessionUserInfo()
#10 C:\wamp64\www\ci-learn_affix\vendor\codeigniter4\shield\src\Authentication\Authenticators\Session.php(387): CodeIgniter\Shield\Authentication\Authenticators\Session->getSessionUserKey('id')
#11 C:\wamp64\www\ci-learn_affix\vendor\codeigniter4\shield\src\Authentication\Authenticators\Session.php(371): CodeIgniter\Shield\Authentication\Authenticators\Session->checkUserState()
#12 C:\wamp64\www\ci-learn_affix\vendor\codeigniter4\shield\src\Auth.php(101): CodeIgniter\Shield\Authentication\Authenticators\Session->loggedIn()
#13 C:\wamp64\www\ci-learn_affix\app\Views\home.php(18): CodeIgniter\Shield\Auth->user()
#14 C:\wamp64\www\ci-learn_affix\system\View\View.php(224): include('C:\\wamp64\\www\\c...')
#15 C:\wamp64\www\ci-learn_affix\system\View\View.php(227): CodeIgniter\View\View->CodeIgniter\View\{closure}()
#16 C:\wamp64\www\ci-learn_affix\system\Common.php(1173): CodeIgniter\View\View->render('home', Array, true)
#17 C:\wamp64\www\ci-learn_affix\app\Controllers\Home.php(66): view('home', Array)
#18 C:\wamp64\www\ci-learn_affix\system\CodeIgniter.php(933): App\Controllers\Home->index()
#19 C:\wamp64\www\ci-learn_affix\system\CodeIgniter.php(507): CodeIgniter\CodeIgniter->runController(Object(App\Controllers\Home))
#20 C:\wamp64\www\ci-learn_affix\system\CodeIgniter.php(354): CodeIgniter\CodeIgniter->handleRequest(NULL, Object(Config\Cache), false)
#21 C:\wamp64\www\ci-learn_affix\system\Boot.php(334): CodeIgniter\CodeIgniter->run()
#22 C:\wamp64\www\ci-learn_affix\system\Boot.php(67): CodeIgniter\Boot::runCodeIgniter(Object(CodeIgniter\CodeIgniter))
#23 C:\wamp64\www\ci-learn_affix\index.php(56): CodeIgniter\Boot::bootWeb(Object(Config\Paths))
#24 {main}
CRITICAL - 2025-05-02 21:54:05 --> CodeIgniter\Database\Exceptions\DatabaseException: Table 'ci-learn_affix.settings' doesn't exist
[Method: GET, Route: /]
in SYSTEMPATH\Database\BaseConnection.php on line 692.
 1 SYSTEMPATH\Database\BaseBuilder.php(1649): CodeIgniter\Database\BaseConnection->query('SELECT *
FROM `settings`
WHERE `context` IS NULL', [], false)
 2 FCPATH\vendor\codeigniter4\settings\src\Handlers\DatabaseHandler.php(186): CodeIgniter\Database\BaseBuilder->get()
 3 FCPATH\vendor\codeigniter4\settings\src\Handlers\DatabaseHandler.php(51): CodeIgniter\Settings\Handlers\DatabaseHandler->hydrate(null)
 4 FCPATH\vendor\codeigniter4\settings\src\Settings.php(59): CodeIgniter\Settings\Handlers\DatabaseHandler->has('Config\\Auth', 'sessionConfig', null)
 5 FCPATH\vendor\codeigniter4\settings\src\Helpers\setting_helper.php(25): CodeIgniter\Settings\Settings->get('Auth.sessionConfig')
 6 FCPATH\vendor\codeigniter4\shield\src\Authentication\Authenticators\Session.php(682): setting('Auth.sessionConfig')
 7 FCPATH\vendor\codeigniter4\shield\src\Authentication\Authenticators\Session.php(700): CodeIgniter\Shield\Authentication\Authenticators\Session->getSessionUserInfo()
 8 FCPATH\vendor\codeigniter4\shield\src\Authentication\Authenticators\Session.php(387): CodeIgniter\Shield\Authentication\Authenticators\Session->getSessionUserKey('id')
 9 FCPATH\vendor\codeigniter4\shield\src\Authentication\Authenticators\Session.php(371): CodeIgniter\Shield\Authentication\Authenticators\Session->checkUserState()
10 FCPATH\vendor\codeigniter4\shield\src\Auth.php(101): CodeIgniter\Shield\Authentication\Authenticators\Session->loggedIn()
11 APPPATH\Views\home.php(18): CodeIgniter\Shield\Auth->user()
12 SYSTEMPATH\View\View.php(224): include('C:\\wamp64\\www\\ci-learn_affix\\app\\Views\\home.php')
13 SYSTEMPATH\View\View.php(227): CodeIgniter\View\View->CodeIgniter\View\{closure}()
14 SYSTEMPATH\Common.php(1173): CodeIgniter\View\View->render('home', [], true)
15 APPPATH\Controllers\Home.php(66): view('home', [...])
16 SYSTEMPATH\CodeIgniter.php(933): App\Controllers\Home->index()
17 SYSTEMPATH\CodeIgniter.php(507): CodeIgniter\CodeIgniter->runController(Object(App\Controllers\Home))
18 SYSTEMPATH\CodeIgniter.php(354): CodeIgniter\CodeIgniter->handleRequest(null, Object(Config\Cache), false)
19 SYSTEMPATH\Boot.php(334): CodeIgniter\CodeIgniter->run()
20 SYSTEMPATH\Boot.php(67): CodeIgniter\Boot::runCodeIgniter(Object(CodeIgniter\CodeIgniter))
21 FCPATH\index.php(56): CodeIgniter\Boot::bootWeb(Object(Config\Paths))
CRITICAL - 2025-05-02 21:54:05 --> [Caused by] CodeIgniter\Database\Exceptions\DatabaseException: Table 'ci-learn_affix.settings' doesn't exist
in SYSTEMPATH\Database\MySQLi\Connection.php on line 332.
 1 SYSTEMPATH\Database\BaseConnection.php(738): CodeIgniter\Database\MySQLi\Connection->execute('SELECT *
FROM `settings`
WHERE `context` IS NULL')
 2 SYSTEMPATH\Database\BaseConnection.php(652): CodeIgniter\Database\BaseConnection->simpleQuery('SELECT *
FROM `settings`
WHERE `context` IS NULL')
 3 SYSTEMPATH\Database\BaseBuilder.php(1649): CodeIgniter\Database\BaseConnection->query('SELECT *
FROM `settings`
WHERE `context` IS NULL', [], false)
 4 FCPATH\vendor\codeigniter4\settings\src\Handlers\DatabaseHandler.php(186): CodeIgniter\Database\BaseBuilder->get()
 5 FCPATH\vendor\codeigniter4\settings\src\Handlers\DatabaseHandler.php(51): CodeIgniter\Settings\Handlers\DatabaseHandler->hydrate(null)
 6 FCPATH\vendor\codeigniter4\settings\src\Settings.php(59): CodeIgniter\Settings\Handlers\DatabaseHandler->has('Config\\Auth', 'sessionConfig', null)
 7 FCPATH\vendor\codeigniter4\settings\src\Helpers\setting_helper.php(25): CodeIgniter\Settings\Settings->get('Auth.sessionConfig')
 8 FCPATH\vendor\codeigniter4\shield\src\Authentication\Authenticators\Session.php(682): setting('Auth.sessionConfig')
 9 FCPATH\vendor\codeigniter4\shield\src\Authentication\Authenticators\Session.php(700): CodeIgniter\Shield\Authentication\Authenticators\Session->getSessionUserInfo()
10 FCPATH\vendor\codeigniter4\shield\src\Authentication\Authenticators\Session.php(387): CodeIgniter\Shield\Authentication\Authenticators\Session->getSessionUserKey('id')
11 FCPATH\vendor\codeigniter4\shield\src\Authentication\Authenticators\Session.php(371): CodeIgniter\Shield\Authentication\Authenticators\Session->checkUserState()
12 FCPATH\vendor\codeigniter4\shield\src\Auth.php(101): CodeIgniter\Shield\Authentication\Authenticators\Session->loggedIn()
13 APPPATH\Views\home.php(18): CodeIgniter\Shield\Auth->user()
14 SYSTEMPATH\View\View.php(224): include('C:\\wamp64\\www\\ci-learn_affix\\app\\Views\\home.php')
15 SYSTEMPATH\View\View.php(227): CodeIgniter\View\View->CodeIgniter\View\{closure}()
16 SYSTEMPATH\Common.php(1173): CodeIgniter\View\View->render('home', [], true)
17 APPPATH\Controllers\Home.php(66): view('home', [...])
18 SYSTEMPATH\CodeIgniter.php(933): App\Controllers\Home->index()
19 SYSTEMPATH\CodeIgniter.php(507): CodeIgniter\CodeIgniter->runController(Object(App\Controllers\Home))
20 SYSTEMPATH\CodeIgniter.php(354): CodeIgniter\CodeIgniter->handleRequest(null, Object(Config\Cache), false)
21 SYSTEMPATH\Boot.php(334): CodeIgniter\CodeIgniter->run()
22 SYSTEMPATH\Boot.php(67): CodeIgniter\Boot::runCodeIgniter(Object(CodeIgniter\CodeIgniter))
23 FCPATH\index.php(56): CodeIgniter\Boot::bootWeb(Object(Config\Paths))
CRITICAL - 2025-05-02 21:54:05 --> [Caused by] mysqli_sql_exception: Table 'ci-learn_affix.settings' doesn't exist
in SYSTEMPATH\Database\MySQLi\Connection.php on line 327.
 1 SYSTEMPATH\Database\MySQLi\Connection.php(327): mysqli->query('SELECT *
FROM `settings`
WHERE `context` IS NULL', 0)
 2 SYSTEMPATH\Database\BaseConnection.php(738): CodeIgniter\Database\MySQLi\Connection->execute('SELECT *
FROM `settings`
WHERE `context` IS NULL')
 3 SYSTEMPATH\Database\BaseConnection.php(652): CodeIgniter\Database\BaseConnection->simpleQuery('SELECT *
FROM `settings`
WHERE `context` IS NULL')
 4 SYSTEMPATH\Database\BaseBuilder.php(1649): CodeIgniter\Database\BaseConnection->query('SELECT *
FROM `settings`
WHERE `context` IS NULL', [], false)
 5 FCPATH\vendor\codeigniter4\settings\src\Handlers\DatabaseHandler.php(186): CodeIgniter\Database\BaseBuilder->get()
 6 FCPATH\vendor\codeigniter4\settings\src\Handlers\DatabaseHandler.php(51): CodeIgniter\Settings\Handlers\DatabaseHandler->hydrate(null)
 7 FCPATH\vendor\codeigniter4\settings\src\Settings.php(59): CodeIgniter\Settings\Handlers\DatabaseHandler->has('Config\\Auth', 'sessionConfig', null)
 8 FCPATH\vendor\codeigniter4\settings\src\Helpers\setting_helper.php(25): CodeIgniter\Settings\Settings->get('Auth.sessionConfig')
 9 FCPATH\vendor\codeigniter4\shield\src\Authentication\Authenticators\Session.php(682): setting('Auth.sessionConfig')
10 FCPATH\vendor\codeigniter4\shield\src\Authentication\Authenticators\Session.php(700): CodeIgniter\Shield\Authentication\Authenticators\Session->getSessionUserInfo()
11 FCPATH\vendor\codeigniter4\shield\src\Authentication\Authenticators\Session.php(387): CodeIgniter\Shield\Authentication\Authenticators\Session->getSessionUserKey('id')
12 FCPATH\vendor\codeigniter4\shield\src\Authentication\Authenticators\Session.php(371): CodeIgniter\Shield\Authentication\Authenticators\Session->checkUserState()
13 FCPATH\vendor\codeigniter4\shield\src\Auth.php(101): CodeIgniter\Shield\Authentication\Authenticators\Session->loggedIn()
14 APPPATH\Views\home.php(18): CodeIgniter\Shield\Auth->user()
15 SYSTEMPATH\View\View.php(224): include('C:\\wamp64\\www\\ci-learn_affix\\app\\Views\\home.php')
16 SYSTEMPATH\View\View.php(227): CodeIgniter\View\View->CodeIgniter\View\{closure}()
17 SYSTEMPATH\Common.php(1173): CodeIgniter\View\View->render('home', [], true)
18 APPPATH\Controllers\Home.php(66): view('home', [...])
19 SYSTEMPATH\CodeIgniter.php(933): App\Controllers\Home->index()
20 SYSTEMPATH\CodeIgniter.php(507): CodeIgniter\CodeIgniter->runController(Object(App\Controllers\Home))
21 SYSTEMPATH\CodeIgniter.php(354): CodeIgniter\CodeIgniter->handleRequest(null, Object(Config\Cache), false)
22 SYSTEMPATH\Boot.php(334): CodeIgniter\CodeIgniter->run()
23 SYSTEMPATH\Boot.php(67): CodeIgniter\Boot::runCodeIgniter(Object(CodeIgniter\CodeIgniter))
24 FCPATH\index.php(56): CodeIgniter\Boot::bootWeb(Object(Config\Paths))
DEBUG - 2025-05-02 21:54:20 --> Session: Class initialized using 'CodeIgniter\Session\Handlers\FileHandler' driver.
ERROR - 2025-05-02 21:54:20 --> mysqli_sql_exception: Table 'ci-learn_affix.users' doesn't exist in C:\wamp64\www\ci-learn_affix\system\Database\MySQLi\Connection.php:327
Stack trace:
#0 C:\wamp64\www\ci-learn_affix\system\Database\MySQLi\Connection.php(327): mysqli->query('SELECT *\nFROM `...', 0)
#1 C:\wamp64\www\ci-learn_affix\system\Database\BaseConnection.php(738): CodeIgniter\Database\MySQLi\Connection->execute('SELECT *\nFROM `...')
#2 C:\wamp64\www\ci-learn_affix\system\Database\BaseConnection.php(652): CodeIgniter\Database\BaseConnection->simpleQuery('SELECT *\nFROM `...')
#3 C:\wamp64\www\ci-learn_affix\system\Database\BaseBuilder.php(1649): CodeIgniter\Database\BaseConnection->query('SELECT *\nFROM `...', Array, false)
#4 C:\wamp64\www\ci-learn_affix\system\Model.php(210): CodeIgniter\Database\BaseBuilder->get()
#5 C:\wamp64\www\ci-learn_affix\system\BaseModel.php(609): CodeIgniter\Model->doFind(true, 1)
#6 C:\wamp64\www\ci-learn_affix\vendor\codeigniter4\shield\src\Models\UserModel.php(185): CodeIgniter\BaseModel->find(1)
#7 C:\wamp64\www\ci-learn_affix\vendor\codeigniter4\shield\src\Authentication\Authenticators\Session.php(391): CodeIgniter\Shield\Models\UserModel->findById(1)
#8 C:\wamp64\www\ci-learn_affix\vendor\codeigniter4\shield\src\Authentication\Authenticators\Session.php(371): CodeIgniter\Shield\Authentication\Authenticators\Session->checkUserState()
#9 C:\wamp64\www\ci-learn_affix\vendor\codeigniter4\shield\src\Auth.php(101): CodeIgniter\Shield\Authentication\Authenticators\Session->loggedIn()
#10 C:\wamp64\www\ci-learn_affix\app\Views\home.php(18): CodeIgniter\Shield\Auth->user()
#11 C:\wamp64\www\ci-learn_affix\system\View\View.php(224): include('C:\\wamp64\\www\\c...')
#12 C:\wamp64\www\ci-learn_affix\system\View\View.php(227): CodeIgniter\View\View->CodeIgniter\View\{closure}()
#13 C:\wamp64\www\ci-learn_affix\system\Common.php(1173): CodeIgniter\View\View->render('home', Array, true)
#14 C:\wamp64\www\ci-learn_affix\app\Controllers\Home.php(66): view('home', Array)
#15 C:\wamp64\www\ci-learn_affix\system\CodeIgniter.php(933): App\Controllers\Home->index()
#16 C:\wamp64\www\ci-learn_affix\system\CodeIgniter.php(507): CodeIgniter\CodeIgniter->runController(Object(App\Controllers\Home))
#17 C:\wamp64\www\ci-learn_affix\system\CodeIgniter.php(354): CodeIgniter\CodeIgniter->handleRequest(NULL, Object(Config\Cache), false)
#18 C:\wamp64\www\ci-learn_affix\system\Boot.php(334): CodeIgniter\CodeIgniter->run()
#19 C:\wamp64\www\ci-learn_affix\system\Boot.php(67): CodeIgniter\Boot::runCodeIgniter(Object(CodeIgniter\CodeIgniter))
#20 C:\wamp64\www\ci-learn_affix\index.php(56): CodeIgniter\Boot::bootWeb(Object(Config\Paths))
#21 {main}
CRITICAL - 2025-05-02 21:54:20 --> CodeIgniter\Database\Exceptions\DatabaseException: Table 'ci-learn_affix.users' doesn't exist
[Method: GET, Route: /]
in SYSTEMPATH\Database\BaseConnection.php on line 692.
 1 SYSTEMPATH\Database\BaseBuilder.php(1649): CodeIgniter\Database\BaseConnection->query('SELECT *
FROM `users`
WHERE `users`.`deleted_at` IS NULL
AND `users`.`id` = :users.id:', [...], false)
 2 SYSTEMPATH\Model.php(210): CodeIgniter\Database\BaseBuilder->get()
 3 SYSTEMPATH\BaseModel.php(609): CodeIgniter\Model->doFind(true, 1)
 4 FCPATH\vendor\codeigniter4\shield\src\Models\UserModel.php(185): CodeIgniter\BaseModel->find(1)
 5 FCPATH\vendor\codeigniter4\shield\src\Authentication\Authenticators\Session.php(391): CodeIgniter\Shield\Models\UserModel->findById(1)
 6 FCPATH\vendor\codeigniter4\shield\src\Authentication\Authenticators\Session.php(371): CodeIgniter\Shield\Authentication\Authenticators\Session->checkUserState()
 7 FCPATH\vendor\codeigniter4\shield\src\Auth.php(101): CodeIgniter\Shield\Authentication\Authenticators\Session->loggedIn()
 8 APPPATH\Views\home.php(18): CodeIgniter\Shield\Auth->user()
 9 SYSTEMPATH\View\View.php(224): include('C:\\wamp64\\www\\ci-learn_affix\\app\\Views\\home.php')
10 SYSTEMPATH\View\View.php(227): CodeIgniter\View\View->CodeIgniter\View\{closure}()
11 SYSTEMPATH\Common.php(1173): CodeIgniter\View\View->render('home', [], true)
12 APPPATH\Controllers\Home.php(66): view('home', [...])
13 SYSTEMPATH\CodeIgniter.php(933): App\Controllers\Home->index()
14 SYSTEMPATH\CodeIgniter.php(507): CodeIgniter\CodeIgniter->runController(Object(App\Controllers\Home))
15 SYSTEMPATH\CodeIgniter.php(354): CodeIgniter\CodeIgniter->handleRequest(null, Object(Config\Cache), false)
16 SYSTEMPATH\Boot.php(334): CodeIgniter\CodeIgniter->run()
17 SYSTEMPATH\Boot.php(67): CodeIgniter\Boot::runCodeIgniter(Object(CodeIgniter\CodeIgniter))
18 FCPATH\index.php(56): CodeIgniter\Boot::bootWeb(Object(Config\Paths))
CRITICAL - 2025-05-02 21:54:20 --> [Caused by] CodeIgniter\Database\Exceptions\DatabaseException: Table 'ci-learn_affix.users' doesn't exist
in SYSTEMPATH\Database\MySQLi\Connection.php on line 332.
 1 SYSTEMPATH\Database\BaseConnection.php(738): CodeIgniter\Database\MySQLi\Connection->execute('SELECT *
FROM `users`
WHERE `users`.`deleted_at` IS NULL
AND `users`.`id` = 1')
 2 SYSTEMPATH\Database\BaseConnection.php(652): CodeIgniter\Database\BaseConnection->simpleQuery('SELECT *
FROM `users`
WHERE `users`.`deleted_at` IS NULL
AND `users`.`id` = 1')
 3 SYSTEMPATH\Database\BaseBuilder.php(1649): CodeIgniter\Database\BaseConnection->query('SELECT *
FROM `users`
WHERE `users`.`deleted_at` IS NULL
AND `users`.`id` = :users.id:', [...], false)
 4 SYSTEMPATH\Model.php(210): CodeIgniter\Database\BaseBuilder->get()
 5 SYSTEMPATH\BaseModel.php(609): CodeIgniter\Model->doFind(true, 1)
 6 FCPATH\vendor\codeigniter4\shield\src\Models\UserModel.php(185): CodeIgniter\BaseModel->find(1)
 7 FCPATH\vendor\codeigniter4\shield\src\Authentication\Authenticators\Session.php(391): CodeIgniter\Shield\Models\UserModel->findById(1)
 8 FCPATH\vendor\codeigniter4\shield\src\Authentication\Authenticators\Session.php(371): CodeIgniter\Shield\Authentication\Authenticators\Session->checkUserState()
 9 FCPATH\vendor\codeigniter4\shield\src\Auth.php(101): CodeIgniter\Shield\Authentication\Authenticators\Session->loggedIn()
10 APPPATH\Views\home.php(18): CodeIgniter\Shield\Auth->user()
11 SYSTEMPATH\View\View.php(224): include('C:\\wamp64\\www\\ci-learn_affix\\app\\Views\\home.php')
12 SYSTEMPATH\View\View.php(227): CodeIgniter\View\View->CodeIgniter\View\{closure}()
13 SYSTEMPATH\Common.php(1173): CodeIgniter\View\View->render('home', [], true)
14 APPPATH\Controllers\Home.php(66): view('home', [...])
15 SYSTEMPATH\CodeIgniter.php(933): App\Controllers\Home->index()
16 SYSTEMPATH\CodeIgniter.php(507): CodeIgniter\CodeIgniter->runController(Object(App\Controllers\Home))
17 SYSTEMPATH\CodeIgniter.php(354): CodeIgniter\CodeIgniter->handleRequest(null, Object(Config\Cache), false)
18 SYSTEMPATH\Boot.php(334): CodeIgniter\CodeIgniter->run()
19 SYSTEMPATH\Boot.php(67): CodeIgniter\Boot::runCodeIgniter(Object(CodeIgniter\CodeIgniter))
20 FCPATH\index.php(56): CodeIgniter\Boot::bootWeb(Object(Config\Paths))
CRITICAL - 2025-05-02 21:54:20 --> [Caused by] mysqli_sql_exception: Table 'ci-learn_affix.users' doesn't exist
in SYSTEMPATH\Database\MySQLi\Connection.php on line 327.
 1 SYSTEMPATH\Database\MySQLi\Connection.php(327): mysqli->query('SELECT *
FROM `users`
WHERE `users`.`deleted_at` IS NULL
AND `users`.`id` = 1', 0)
 2 SYSTEMPATH\Database\BaseConnection.php(738): CodeIgniter\Database\MySQLi\Connection->execute('SELECT *
FROM `users`
WHERE `users`.`deleted_at` IS NULL
AND `users`.`id` = 1')
 3 SYSTEMPATH\Database\BaseConnection.php(652): CodeIgniter\Database\BaseConnection->simpleQuery('SELECT *
FROM `users`
WHERE `users`.`deleted_at` IS NULL
AND `users`.`id` = 1')
 4 SYSTEMPATH\Database\BaseBuilder.php(1649): CodeIgniter\Database\BaseConnection->query('SELECT *
FROM `users`
WHERE `users`.`deleted_at` IS NULL
AND `users`.`id` = :users.id:', [...], false)
 5 SYSTEMPATH\Model.php(210): CodeIgniter\Database\BaseBuilder->get()
 6 SYSTEMPATH\BaseModel.php(609): CodeIgniter\Model->doFind(true, 1)
 7 FCPATH\vendor\codeigniter4\shield\src\Models\UserModel.php(185): CodeIgniter\BaseModel->find(1)
 8 FCPATH\vendor\codeigniter4\shield\src\Authentication\Authenticators\Session.php(391): CodeIgniter\Shield\Models\UserModel->findById(1)
 9 FCPATH\vendor\codeigniter4\shield\src\Authentication\Authenticators\Session.php(371): CodeIgniter\Shield\Authentication\Authenticators\Session->checkUserState()
10 FCPATH\vendor\codeigniter4\shield\src\Auth.php(101): CodeIgniter\Shield\Authentication\Authenticators\Session->loggedIn()
11 APPPATH\Views\home.php(18): CodeIgniter\Shield\Auth->user()
12 SYSTEMPATH\View\View.php(224): include('C:\\wamp64\\www\\ci-learn_affix\\app\\Views\\home.php')
13 SYSTEMPATH\View\View.php(227): CodeIgniter\View\View->CodeIgniter\View\{closure}()
14 SYSTEMPATH\Common.php(1173): CodeIgniter\View\View->render('home', [], true)
15 APPPATH\Controllers\Home.php(66): view('home', [...])
16 SYSTEMPATH\CodeIgniter.php(933): App\Controllers\Home->index()
17 SYSTEMPATH\CodeIgniter.php(507): CodeIgniter\CodeIgniter->runController(Object(App\Controllers\Home))
18 SYSTEMPATH\CodeIgniter.php(354): CodeIgniter\CodeIgniter->handleRequest(null, Object(Config\Cache), false)
19 SYSTEMPATH\Boot.php(334): CodeIgniter\CodeIgniter->run()
20 SYSTEMPATH\Boot.php(67): CodeIgniter\Boot::runCodeIgniter(Object(CodeIgniter\CodeIgniter))
21 FCPATH\index.php(56): CodeIgniter\Boot::bootWeb(Object(Config\Paths))
DEBUG - 2025-05-02 21:55:45 --> Session: Class initialized using 'CodeIgniter\Session\Handlers\FileHandler' driver.
ERROR - 2025-05-02 21:55:45 --> mysqli_sql_exception: Unknown column 'users.deleted_at' in 'where clause' in C:\wamp64\www\ci-learn_affix\system\Database\MySQLi\Connection.php:327
Stack trace:
#0 C:\wamp64\www\ci-learn_affix\system\Database\MySQLi\Connection.php(327): mysqli->query('SELECT *\nFROM `...', 0)
#1 C:\wamp64\www\ci-learn_affix\system\Database\BaseConnection.php(738): CodeIgniter\Database\MySQLi\Connection->execute('SELECT *\nFROM `...')
#2 C:\wamp64\www\ci-learn_affix\system\Database\BaseConnection.php(652): CodeIgniter\Database\BaseConnection->simpleQuery('SELECT *\nFROM `...')
#3 C:\wamp64\www\ci-learn_affix\system\Database\BaseBuilder.php(1649): CodeIgniter\Database\BaseConnection->query('SELECT *\nFROM `...', Array, false)
#4 C:\wamp64\www\ci-learn_affix\system\Model.php(210): CodeIgniter\Database\BaseBuilder->get()
#5 C:\wamp64\www\ci-learn_affix\system\BaseModel.php(609): CodeIgniter\Model->doFind(true, 1)
#6 C:\wamp64\www\ci-learn_affix\vendor\codeigniter4\shield\src\Models\UserModel.php(185): CodeIgniter\BaseModel->find(1)
#7 C:\wamp64\www\ci-learn_affix\vendor\codeigniter4\shield\src\Authentication\Authenticators\Session.php(391): CodeIgniter\Shield\Models\UserModel->findById(1)
#8 C:\wamp64\www\ci-learn_affix\vendor\codeigniter4\shield\src\Authentication\Authenticators\Session.php(371): CodeIgniter\Shield\Authentication\Authenticators\Session->checkUserState()
#9 C:\wamp64\www\ci-learn_affix\vendor\codeigniter4\shield\src\Auth.php(101): CodeIgniter\Shield\Authentication\Authenticators\Session->loggedIn()
#10 C:\wamp64\www\ci-learn_affix\app\Views\home.php(18): CodeIgniter\Shield\Auth->user()
#11 C:\wamp64\www\ci-learn_affix\system\View\View.php(224): include('C:\\wamp64\\www\\c...')
#12 C:\wamp64\www\ci-learn_affix\system\View\View.php(227): CodeIgniter\View\View->CodeIgniter\View\{closure}()
#13 C:\wamp64\www\ci-learn_affix\system\Common.php(1173): CodeIgniter\View\View->render('home', Array, true)
#14 C:\wamp64\www\ci-learn_affix\app\Controllers\Home.php(66): view('home', Array)
#15 C:\wamp64\www\ci-learn_affix\system\CodeIgniter.php(933): App\Controllers\Home->index()
#16 C:\wamp64\www\ci-learn_affix\system\CodeIgniter.php(507): CodeIgniter\CodeIgniter->runController(Object(App\Controllers\Home))
#17 C:\wamp64\www\ci-learn_affix\system\CodeIgniter.php(354): CodeIgniter\CodeIgniter->handleRequest(NULL, Object(Config\Cache), false)
#18 C:\wamp64\www\ci-learn_affix\system\Boot.php(334): CodeIgniter\CodeIgniter->run()
#19 C:\wamp64\www\ci-learn_affix\system\Boot.php(67): CodeIgniter\Boot::runCodeIgniter(Object(CodeIgniter\CodeIgniter))
#20 C:\wamp64\www\ci-learn_affix\index.php(56): CodeIgniter\Boot::bootWeb(Object(Config\Paths))
#21 {main}
CRITICAL - 2025-05-02 21:55:45 --> CodeIgniter\Database\Exceptions\DatabaseException: Unknown column 'users.deleted_at' in 'where clause'
[Method: GET, Route: /]
in SYSTEMPATH\Database\BaseConnection.php on line 692.
 1 SYSTEMPATH\Database\BaseBuilder.php(1649): CodeIgniter\Database\BaseConnection->query('SELECT *
FROM `users`
WHERE `users`.`deleted_at` IS NULL
AND `users`.`id` = :users.id:', [...], false)
 2 SYSTEMPATH\Model.php(210): CodeIgniter\Database\BaseBuilder->get()
 3 SYSTEMPATH\BaseModel.php(609): CodeIgniter\Model->doFind(true, 1)
 4 FCPATH\vendor\codeigniter4\shield\src\Models\UserModel.php(185): CodeIgniter\BaseModel->find(1)
 5 FCPATH\vendor\codeigniter4\shield\src\Authentication\Authenticators\Session.php(391): CodeIgniter\Shield\Models\UserModel->findById(1)
 6 FCPATH\vendor\codeigniter4\shield\src\Authentication\Authenticators\Session.php(371): CodeIgniter\Shield\Authentication\Authenticators\Session->checkUserState()
 7 FCPATH\vendor\codeigniter4\shield\src\Auth.php(101): CodeIgniter\Shield\Authentication\Authenticators\Session->loggedIn()
 8 APPPATH\Views\home.php(18): CodeIgniter\Shield\Auth->user()
 9 SYSTEMPATH\View\View.php(224): include('C:\\wamp64\\www\\ci-learn_affix\\app\\Views\\home.php')
10 SYSTEMPATH\View\View.php(227): CodeIgniter\View\View->CodeIgniter\View\{closure}()
11 SYSTEMPATH\Common.php(1173): CodeIgniter\View\View->render('home', [], true)
12 APPPATH\Controllers\Home.php(66): view('home', [...])
13 SYSTEMPATH\CodeIgniter.php(933): App\Controllers\Home->index()
14 SYSTEMPATH\CodeIgniter.php(507): CodeIgniter\CodeIgniter->runController(Object(App\Controllers\Home))
15 SYSTEMPATH\CodeIgniter.php(354): CodeIgniter\CodeIgniter->handleRequest(null, Object(Config\Cache), false)
16 SYSTEMPATH\Boot.php(334): CodeIgniter\CodeIgniter->run()
17 SYSTEMPATH\Boot.php(67): CodeIgniter\Boot::runCodeIgniter(Object(CodeIgniter\CodeIgniter))
18 FCPATH\index.php(56): CodeIgniter\Boot::bootWeb(Object(Config\Paths))
CRITICAL - 2025-05-02 21:55:45 --> [Caused by] CodeIgniter\Database\Exceptions\DatabaseException: Unknown column 'users.deleted_at' in 'where clause'
in SYSTEMPATH\Database\MySQLi\Connection.php on line 332.
 1 SYSTEMPATH\Database\BaseConnection.php(738): CodeIgniter\Database\MySQLi\Connection->execute('SELECT *
FROM `users`
WHERE `users`.`deleted_at` IS NULL
AND `users`.`id` = 1')
 2 SYSTEMPATH\Database\BaseConnection.php(652): CodeIgniter\Database\BaseConnection->simpleQuery('SELECT *
FROM `users`
WHERE `users`.`deleted_at` IS NULL
AND `users`.`id` = 1')
 3 SYSTEMPATH\Database\BaseBuilder.php(1649): CodeIgniter\Database\BaseConnection->query('SELECT *
FROM `users`
WHERE `users`.`deleted_at` IS NULL
AND `users`.`id` = :users.id:', [...], false)
 4 SYSTEMPATH\Model.php(210): CodeIgniter\Database\BaseBuilder->get()
 5 SYSTEMPATH\BaseModel.php(609): CodeIgniter\Model->doFind(true, 1)
 6 FCPATH\vendor\codeigniter4\shield\src\Models\UserModel.php(185): CodeIgniter\BaseModel->find(1)
 7 FCPATH\vendor\codeigniter4\shield\src\Authentication\Authenticators\Session.php(391): CodeIgniter\Shield\Models\UserModel->findById(1)
 8 FCPATH\vendor\codeigniter4\shield\src\Authentication\Authenticators\Session.php(371): CodeIgniter\Shield\Authentication\Authenticators\Session->checkUserState()
 9 FCPATH\vendor\codeigniter4\shield\src\Auth.php(101): CodeIgniter\Shield\Authentication\Authenticators\Session->loggedIn()
10 APPPATH\Views\home.php(18): CodeIgniter\Shield\Auth->user()
11 SYSTEMPATH\View\View.php(224): include('C:\\wamp64\\www\\ci-learn_affix\\app\\Views\\home.php')
12 SYSTEMPATH\View\View.php(227): CodeIgniter\View\View->CodeIgniter\View\{closure}()
13 SYSTEMPATH\Common.php(1173): CodeIgniter\View\View->render('home', [], true)
14 APPPATH\Controllers\Home.php(66): view('home', [...])
15 SYSTEMPATH\CodeIgniter.php(933): App\Controllers\Home->index()
16 SYSTEMPATH\CodeIgniter.php(507): CodeIgniter\CodeIgniter->runController(Object(App\Controllers\Home))
17 SYSTEMPATH\CodeIgniter.php(354): CodeIgniter\CodeIgniter->handleRequest(null, Object(Config\Cache), false)
18 SYSTEMPATH\Boot.php(334): CodeIgniter\CodeIgniter->run()
19 SYSTEMPATH\Boot.php(67): CodeIgniter\Boot::runCodeIgniter(Object(CodeIgniter\CodeIgniter))
20 FCPATH\index.php(56): CodeIgniter\Boot::bootWeb(Object(Config\Paths))
CRITICAL - 2025-05-02 21:55:45 --> [Caused by] mysqli_sql_exception: Unknown column 'users.deleted_at' in 'where clause'
in SYSTEMPATH\Database\MySQLi\Connection.php on line 327.
 1 SYSTEMPATH\Database\MySQLi\Connection.php(327): mysqli->query('SELECT *
FROM `users`
WHERE `users`.`deleted_at` IS NULL
AND `users`.`id` = 1', 0)
 2 SYSTEMPATH\Database\BaseConnection.php(738): CodeIgniter\Database\MySQLi\Connection->execute('SELECT *
FROM `users`
WHERE `users`.`deleted_at` IS NULL
AND `users`.`id` = 1')
 3 SYSTEMPATH\Database\BaseConnection.php(652): CodeIgniter\Database\BaseConnection->simpleQuery('SELECT *
FROM `users`
WHERE `users`.`deleted_at` IS NULL
AND `users`.`id` = 1')
 4 SYSTEMPATH\Database\BaseBuilder.php(1649): CodeIgniter\Database\BaseConnection->query('SELECT *
FROM `users`
WHERE `users`.`deleted_at` IS NULL
AND `users`.`id` = :users.id:', [...], false)
 5 SYSTEMPATH\Model.php(210): CodeIgniter\Database\BaseBuilder->get()
 6 SYSTEMPATH\BaseModel.php(609): CodeIgniter\Model->doFind(true, 1)
 7 FCPATH\vendor\codeigniter4\shield\src\Models\UserModel.php(185): CodeIgniter\BaseModel->find(1)
 8 FCPATH\vendor\codeigniter4\shield\src\Authentication\Authenticators\Session.php(391): CodeIgniter\Shield\Models\UserModel->findById(1)
 9 FCPATH\vendor\codeigniter4\shield\src\Authentication\Authenticators\Session.php(371): CodeIgniter\Shield\Authentication\Authenticators\Session->checkUserState()
10 FCPATH\vendor\codeigniter4\shield\src\Auth.php(101): CodeIgniter\Shield\Authentication\Authenticators\Session->loggedIn()
11 APPPATH\Views\home.php(18): CodeIgniter\Shield\Auth->user()
12 SYSTEMPATH\View\View.php(224): include('C:\\wamp64\\www\\ci-learn_affix\\app\\Views\\home.php')
13 SYSTEMPATH\View\View.php(227): CodeIgniter\View\View->CodeIgniter\View\{closure}()
14 SYSTEMPATH\Common.php(1173): CodeIgniter\View\View->render('home', [], true)
15 APPPATH\Controllers\Home.php(66): view('home', [...])
16 SYSTEMPATH\CodeIgniter.php(933): App\Controllers\Home->index()
17 SYSTEMPATH\CodeIgniter.php(507): CodeIgniter\CodeIgniter->runController(Object(App\Controllers\Home))
18 SYSTEMPATH\CodeIgniter.php(354): CodeIgniter\CodeIgniter->handleRequest(null, Object(Config\Cache), false)
19 SYSTEMPATH\Boot.php(334): CodeIgniter\CodeIgniter->run()
20 SYSTEMPATH\Boot.php(67): CodeIgniter\Boot::runCodeIgniter(Object(CodeIgniter\CodeIgniter))
21 FCPATH\index.php(56): CodeIgniter\Boot::bootWeb(Object(Config\Paths))
DEBUG - 2025-05-02 21:56:10 --> Session: Class initialized using 'CodeIgniter\Session\Handlers\FileHandler' driver.
CRITICAL - 2025-05-02 21:56:10 --> ErrorException: Trying to access array offset on value of type null
[Method: GET, Route: /]
in APPPATH\Views\layouts\app.php on line 305.
 1 APPPATH\Views\layouts\app.php(305): CodeIgniter\Debug\Exceptions->errorHandler(2, 'Trying to access array offset on value of type null', 'C:\\wamp64\\www\\ci-learn_affix\\app\\Views\\layouts\\app.php', 305)
 2 SYSTEMPATH\View\View.php(224): include('C:\\wamp64\\www\\ci-learn_affix\\app\\Views\\layouts\\app.php')
 3 SYSTEMPATH\View\View.php(227): CodeIgniter\View\View->CodeIgniter\View\{closure}()
 4 SYSTEMPATH\View\View.php(240): CodeIgniter\View\View->render('layouts/app', [], true)
 5 SYSTEMPATH\Common.php(1173): CodeIgniter\View\View->render('home', [], true)
 6 APPPATH\Controllers\Home.php(66): view('home', [...])
 7 SYSTEMPATH\CodeIgniter.php(933): App\Controllers\Home->index()
 8 SYSTEMPATH\CodeIgniter.php(507): CodeIgniter\CodeIgniter->runController(Object(App\Controllers\Home))
 9 SYSTEMPATH\CodeIgniter.php(354): CodeIgniter\CodeIgniter->handleRequest(null, Object(Config\Cache), false)
10 SYSTEMPATH\Boot.php(334): CodeIgniter\CodeIgniter->run()
11 SYSTEMPATH\Boot.php(67): CodeIgniter\Boot::runCodeIgniter(Object(CodeIgniter\CodeIgniter))
12 FCPATH\index.php(56): CodeIgniter\Boot::bootWeb(Object(Config\Paths))
DEBUG - 2025-05-02 21:58:46 --> Session: Class initialized using 'CodeIgniter\Session\Handlers\FileHandler' driver.
DEBUG - 2025-05-02 21:58:47 --> Session: Class initialized using 'CodeIgniter\Session\Handlers\FileHandler' driver.
DEBUG - 2025-05-02 21:58:47 --> Session: Class initialized using 'CodeIgniter\Session\Handlers\FileHandler' driver.
DEBUG - 2025-05-02 21:58:47 --> Session: Class initialized using 'CodeIgniter\Session\Handlers\FileHandler' driver.
DEBUG - 2025-05-02 21:58:48 --> Session: Class initialized using 'CodeIgniter\Session\Handlers\FileHandler' driver.
DEBUG - 2025-05-02 21:58:48 --> Session: Class initialized using 'CodeIgniter\Session\Handlers\FileHandler' driver.
DEBUG - 2025-05-02 21:59:03 --> Session: Class initialized using 'CodeIgniter\Session\Handlers\FileHandler' driver.
DEBUG - 2025-05-02 21:59:04 --> Session: Class initialized using 'CodeIgniter\Session\Handlers\FileHandler' driver.
DEBUG - 2025-05-02 21:59:04 --> Session: Class initialized using 'CodeIgniter\Session\Handlers\FileHandler' driver.
DEBUG - 2025-05-02 21:59:07 --> Session: Class initialized using 'CodeIgniter\Session\Handlers\FileHandler' driver.
DEBUG - 2025-05-02 21:59:08 --> Session: Class initialized using 'CodeIgniter\Session\Handlers\FileHandler' driver.
DEBUG - 2025-05-02 21:59:08 --> Session: Class initialized using 'CodeIgniter\Session\Handlers\FileHandler' driver.
DEBUG - 2025-05-02 21:59:08 --> Session: Class initialized using 'CodeIgniter\Session\Handlers\FileHandler' driver.
DEBUG - 2025-05-02 21:59:08 --> Session: Class initialized using 'CodeIgniter\Session\Handlers\FileHandler' driver.
DEBUG - 2025-05-02 21:59:08 --> Session: Class initialized using 'CodeIgniter\Session\Handlers\FileHandler' driver.
DEBUG - 2025-05-02 21:59:17 --> Session: Class initialized using 'CodeIgniter\Session\Handlers\FileHandler' driver.
DEBUG - 2025-05-02 21:59:17 --> Session: Class initialized using 'CodeIgniter\Session\Handlers\FileHandler' driver.
DEBUG - 2025-05-02 21:59:17 --> Session: Class initialized using 'CodeIgniter\Session\Handlers\FileHandler' driver.
DEBUG - 2025-05-02 21:59:19 --> Session: Class initialized using 'CodeIgniter\Session\Handlers\FileHandler' driver.
DEBUG - 2025-05-02 21:59:20 --> Session: Class initialized using 'CodeIgniter\Session\Handlers\FileHandler' driver.
DEBUG - 2025-05-02 21:59:20 --> Session: Class initialized using 'CodeIgniter\Session\Handlers\FileHandler' driver.
DEBUG - 2025-05-02 22:01:34 --> Session: Class initialized using 'CodeIgniter\Session\Handlers\FileHandler' driver.
DEBUG - 2025-05-02 22:01:35 --> Session: Class initialized using 'CodeIgniter\Session\Handlers\FileHandler' driver.
DEBUG - 2025-05-02 22:01:35 --> Session: Class initialized using 'CodeIgniter\Session\Handlers\FileHandler' driver.
DEBUG - 2025-05-02 22:01:58 --> Session: Class initialized using 'CodeIgniter\Session\Handlers\FileHandler' driver.
INFO - 2025-05-02 22:01:58 --> CSRF token verified.
DEBUG - 2025-05-02 22:01:59 --> Session: Class initialized using 'CodeIgniter\Session\Handlers\FileHandler' driver.
DEBUG - 2025-05-02 22:01:59 --> Session: Class initialized using 'CodeIgniter\Session\Handlers\FileHandler' driver.
DEBUG - 2025-05-02 22:01:59 --> Session: Class initialized using 'CodeIgniter\Session\Handlers\FileHandler' driver.
DEBUG - 2025-05-02 22:02:22 --> Session: Class initialized using 'CodeIgniter\Session\Handlers\FileHandler' driver.
INFO - 2025-05-02 22:02:22 --> CSRF token verified.
DEBUG - 2025-05-02 22:02:22 --> Session: Class initialized using 'CodeIgniter\Session\Handlers\FileHandler' driver.
DEBUG - 2025-05-02 22:02:23 --> Session: Class initialized using 'CodeIgniter\Session\Handlers\FileHandler' driver.
DEBUG - 2025-05-02 22:02:23 --> Session: Class initialized using 'CodeIgniter\Session\Handlers\FileHandler' driver.
DEBUG - 2025-05-02 22:04:26 --> Session: Class initialized using 'CodeIgniter\Session\Handlers\FileHandler' driver.
INFO - 2025-05-02 22:04:26 --> CSRF token verified.
DEBUG - 2025-05-02 22:04:50 --> Session: Class initialized using 'CodeIgniter\Session\Handlers\FileHandler' driver.
CRITICAL - 2025-05-02 22:04:50 --> CodeIgniter\Security\Exceptions\SecurityException: The action you requested is not allowed.
[Method: POST, Route: admin/login]
in SYSTEMPATH\Security\Security.php on line 262.
 1 SYSTEMPATH\Security\Security.php(262): CodeIgniter\Security\Exceptions\SecurityException::forDisallowedAction()
 2 SYSTEMPATH\Filters\CSRF.php(52): CodeIgniter\Security\Security->verify(Object(CodeIgniter\HTTP\IncomingRequest))
 3 SYSTEMPATH\Filters\Filters.php(241): CodeIgniter\Filters\CSRF->before(Object(CodeIgniter\HTTP\IncomingRequest), null)
 4 SYSTEMPATH\Filters\Filters.php(360): CodeIgniter\Filters\Filters->runBefore([...])
 5 SYSTEMPATH\CodeIgniter.php(387): CodeIgniter\Filters\Filters->runRequired('before')
 6 SYSTEMPATH\CodeIgniter.php(347): CodeIgniter\CodeIgniter->runRequiredBeforeFilters(Object(CodeIgniter\Filters\Filters))
 7 SYSTEMPATH\Boot.php(334): CodeIgniter\CodeIgniter->run()
 8 SYSTEMPATH\Boot.php(67): CodeIgniter\Boot::runCodeIgniter(Object(CodeIgniter\CodeIgniter))
 9 FCPATH\index.php(56): CodeIgniter\Boot::bootWeb(Object(Config\Paths))
DEBUG - 2025-05-02 22:09:20 --> Session: Class initialized using 'CodeIgniter\Session\Handlers\FileHandler' driver.
DEBUG - 2025-05-02 22:09:34 --> Session: Class initialized using 'CodeIgniter\Session\Handlers\FileHandler' driver.
DEBUG - 2025-05-02 22:09:36 --> Session: Class initialized using 'CodeIgniter\Session\Handlers\FileHandler' driver.
DEBUG - 2025-05-02 22:10:24 --> Session: Class initialized using 'CodeIgniter\Session\Handlers\FileHandler' driver.
DEBUG - 2025-05-02 22:10:27 --> Session: Class initialized using 'CodeIgniter\Session\Handlers\FileHandler' driver.
DEBUG - 2025-05-02 22:10:27 --> Session: Class initialized using 'CodeIgniter\Session\Handlers\FileHandler' driver.
DEBUG - 2025-05-02 22:10:30 --> Session: Class initialized using 'CodeIgniter\Session\Handlers\FileHandler' driver.
DEBUG - 2025-05-02 22:10:30 --> Session: Class initialized using 'CodeIgniter\Session\Handlers\FileHandler' driver.
DEBUG - 2025-05-02 22:10:38 --> Session: Class initialized using 'CodeIgniter\Session\Handlers\FileHandler' driver.
DEBUG - 2025-05-02 22:10:38 --> Session: Class initialized using 'CodeIgniter\Session\Handlers\FileHandler' driver.
DEBUG - 2025-05-02 22:12:14 --> Session: Class initialized using 'CodeIgniter\Session\Handlers\FileHandler' driver.
DEBUG - 2025-05-02 22:12:16 --> Session: Class initialized using 'CodeIgniter\Session\Handlers\FileHandler' driver.
DEBUG - 2025-05-02 22:12:25 --> Session: Class initialized using 'CodeIgniter\Session\Handlers\FileHandler' driver.
DEBUG - 2025-05-02 22:12:25 --> Session: Class initialized using 'CodeIgniter\Session\Handlers\FileHandler' driver.
DEBUG - 2025-05-02 22:12:25 --> Session: Class initialized using 'CodeIgniter\Session\Handlers\FileHandler' driver.
DEBUG - 2025-05-02 22:13:13 --> Session: Class initialized using 'CodeIgniter\Session\Handlers\FileHandler' driver.
INFO - 2025-05-02 22:13:13 --> CSRF token verified.
DEBUG - 2025-05-02 22:13:14 --> Session: Class initialized using 'CodeIgniter\Session\Handlers\FileHandler' driver.
DEBUG - 2025-05-02 22:13:14 --> Session: Class initialized using 'CodeIgniter\Session\Handlers\FileHandler' driver.
DEBUG - 2025-05-02 22:13:14 --> Session: Class initialized using 'CodeIgniter\Session\Handlers\FileHandler' driver.
DEBUG - 2025-05-02 22:13:55 --> Session: Class initialized using 'CodeIgniter\Session\Handlers\FileHandler' driver.
DEBUG - 2025-05-02 22:13:55 --> Session: Class initialized using 'CodeIgniter\Session\Handlers\FileHandler' driver.
DEBUG - 2025-05-02 22:13:55 --> Session: Class initialized using 'CodeIgniter\Session\Handlers\FileHandler' driver.
DEBUG - 2025-05-02 22:13:56 --> Session: Class initialized using 'CodeIgniter\Session\Handlers\FileHandler' driver.
DEBUG - 2025-05-02 22:19:32 --> Session: Class initialized using 'CodeIgniter\Session\Handlers\FileHandler' driver.
DEBUG - 2025-05-02 22:19:32 --> Session: Class initialized using 'CodeIgniter\Session\Handlers\FileHandler' driver.
DEBUG - 2025-05-02 22:19:32 --> Session: Class initialized using 'CodeIgniter\Session\Handlers\FileHandler' driver.
DEBUG - 2025-05-02 22:19:45 --> Session: Class initialized using 'CodeIgniter\Session\Handlers\FileHandler' driver.
DEBUG - 2025-05-02 22:19:45 --> Session: Class initialized using 'CodeIgniter\Session\Handlers\FileHandler' driver.
DEBUG - 2025-05-02 22:19:46 --> Session: Class initialized using 'CodeIgniter\Session\Handlers\FileHandler' driver.
DEBUG - 2025-05-02 22:20:06 --> Session: Class initialized using 'CodeIgniter\Session\Handlers\FileHandler' driver.
INFO - 2025-05-02 22:20:06 --> CSRF token verified.
DEBUG - 2025-05-02 22:20:07 --> Session: Class initialized using 'CodeIgniter\Session\Handlers\FileHandler' driver.
DEBUG - 2025-05-02 22:20:07 --> Session: Class initialized using 'CodeIgniter\Session\Handlers\FileHandler' driver.
DEBUG - 2025-05-02 22:20:07 --> Session: Class initialized using 'CodeIgniter\Session\Handlers\FileHandler' driver.
DEBUG - 2025-05-02 22:20:13 --> Session: Class initialized using 'CodeIgniter\Session\Handlers\FileHandler' driver.
INFO - 2025-05-02 22:20:13 --> CSRF token verified.
DEBUG - 2025-05-02 22:20:13 --> Session: Class initialized using 'CodeIgniter\Session\Handlers\FileHandler' driver.
DEBUG - 2025-05-02 22:20:14 --> Session: Class initialized using 'CodeIgniter\Session\Handlers\FileHandler' driver.
DEBUG - 2025-05-02 22:21:03 --> Session: Class initialized using 'CodeIgniter\Session\Handlers\FileHandler' driver.
DEBUG - 2025-05-02 22:21:05 --> Session: Class initialized using 'CodeIgniter\Session\Handlers\FileHandler' driver.
DEBUG - 2025-05-02 22:21:06 --> Session: Class initialized using 'CodeIgniter\Session\Handlers\FileHandler' driver.
DEBUG - 2025-05-02 22:22:49 --> Session: Class initialized using 'CodeIgniter\Session\Handlers\FileHandler' driver.
DEBUG - 2025-05-02 22:22:49 --> Session: Class initialized using 'CodeIgniter\Session\Handlers\FileHandler' driver.
DEBUG - 2025-05-02 22:22:49 --> Session: Class initialized using 'CodeIgniter\Session\Handlers\FileHandler' driver.
DEBUG - 2025-05-02 22:22:50 --> Session: Class initialized using 'CodeIgniter\Session\Handlers\FileHandler' driver.
DEBUG - 2025-05-02 22:23:01 --> Session: Class initialized using 'CodeIgniter\Session\Handlers\FileHandler' driver.
INFO - 2025-05-02 22:23:01 --> CSRF token verified.
DEBUG - 2025-05-02 22:23:01 --> Session: Class initialized using 'CodeIgniter\Session\Handlers\FileHandler' driver.
DEBUG - 2025-05-02 22:23:02 --> Session: Class initialized using 'CodeIgniter\Session\Handlers\FileHandler' driver.
DEBUG - 2025-05-02 22:25:20 --> Session: Class initialized using 'CodeIgniter\Session\Handlers\FileHandler' driver.
DEBUG - 2025-05-02 22:25:20 --> Session: Class initialized using 'CodeIgniter\Session\Handlers\FileHandler' driver.
DEBUG - 2025-05-02 22:25:46 --> Session: Class initialized using 'CodeIgniter\Session\Handlers\FileHandler' driver.
DEBUG - 2025-05-02 22:25:47 --> Session: Class initialized using 'CodeIgniter\Session\Handlers\FileHandler' driver.
DEBUG - 2025-05-02 22:34:23 --> Session: Class initialized using 'CodeIgniter\Session\Handlers\FileHandler' driver.
CRITICAL - 2025-05-02 22:34:23 --> ErrorException: include(_sidebar.php): Failed to open stream: No such file or directory
[Method: GET, Route: admin/dashboard]
in APPPATH\Views\admin\dashboard.php on line 7.
 1 APPPATH\Views\admin\dashboard.php(7): CodeIgniter\Debug\Exceptions->errorHandler(2, 'include(_sidebar.php): Failed to open stream: No such file or directory', 'C:\\wamp64\\www\\ci-learn_affix\\app\\Views\\admin\\dashboard.php', 7)
 2 APPPATH\Views\admin\dashboard.php(7): include()
 3 SYSTEMPATH\View\View.php(224): include('C:\\wamp64\\www\\ci-learn_affix\\app\\Views\\admin\\dashboard.php')
 4 SYSTEMPATH\View\View.php(227): CodeIgniter\View\View->CodeIgniter\View\{closure}()
 5 SYSTEMPATH\Common.php(1173): CodeIgniter\View\View->render('admin/dashboard', [], true)
 6 APPPATH\Controllers\Admin\AdminController.php(12): view('admin/dashboard')
 7 SYSTEMPATH\CodeIgniter.php(933): App\Controllers\Admin\AdminController->index()
 8 SYSTEMPATH\CodeIgniter.php(507): CodeIgniter\CodeIgniter->runController(Object(App\Controllers\Admin\AdminController))
 9 SYSTEMPATH\CodeIgniter.php(354): CodeIgniter\CodeIgniter->handleRequest(null, Object(Config\Cache), false)
10 SYSTEMPATH\Boot.php(334): CodeIgniter\CodeIgniter->run()
11 SYSTEMPATH\Boot.php(67): CodeIgniter\Boot::runCodeIgniter(Object(CodeIgniter\CodeIgniter))
12 FCPATH\index.php(56): CodeIgniter\Boot::bootWeb(Object(Config\Paths))
DEBUG - 2025-05-02 22:34:47 --> Session: Class initialized using 'CodeIgniter\Session\Handlers\FileHandler' driver.
CRITICAL - 2025-05-02 22:34:47 --> ErrorException: include(partials/_dashboard_charts.php): Failed to open stream: No such file or directory
[Method: GET, Route: admin/dashboard]
in APPPATH\Views\admin\dashboard.php on line 11.
 1 APPPATH\Views\admin\dashboard.php(11): CodeIgniter\Debug\Exceptions->errorHandler(2, 'include(partials/_dashboard_charts.php): Failed to open stream: No such file or directory', 'C:\\wamp64\\www\\ci-learn_affix\\app\\Views\\admin\\dashboard.php', 11)
 2 APPPATH\Views\admin\dashboard.php(11): include()
 3 SYSTEMPATH\View\View.php(224): include('C:\\wamp64\\www\\ci-learn_affix\\app\\Views\\admin\\dashboard.php')
 4 SYSTEMPATH\View\View.php(227): CodeIgniter\View\View->CodeIgniter\View\{closure}()
 5 SYSTEMPATH\Common.php(1173): CodeIgniter\View\View->render('admin/dashboard', [], true)
 6 APPPATH\Controllers\Admin\AdminController.php(12): view('admin/dashboard')
 7 SYSTEMPATH\CodeIgniter.php(933): App\Controllers\Admin\AdminController->index()
 8 SYSTEMPATH\CodeIgniter.php(507): CodeIgniter\CodeIgniter->runController(Object(App\Controllers\Admin\AdminController))
 9 SYSTEMPATH\CodeIgniter.php(354): CodeIgniter\CodeIgniter->handleRequest(null, Object(Config\Cache), false)
10 SYSTEMPATH\Boot.php(334): CodeIgniter\CodeIgniter->run()
11 SYSTEMPATH\Boot.php(67): CodeIgniter\Boot::runCodeIgniter(Object(CodeIgniter\CodeIgniter))
12 FCPATH\index.php(56): CodeIgniter\Boot::bootWeb(Object(Config\Paths))
DEBUG - 2025-05-02 22:35:06 --> Session: Class initialized using 'CodeIgniter\Session\Handlers\FileHandler' driver.
DEBUG - 2025-05-02 22:35:07 --> Session: Class initialized using 'CodeIgniter\Session\Handlers\FileHandler' driver.
DEBUG - 2025-05-02 22:36:22 --> Session: Class initialized using 'CodeIgniter\Session\Handlers\FileHandler' driver.
DEBUG - 2025-05-02 22:36:23 --> Session: Class initialized using 'CodeIgniter\Session\Handlers\FileHandler' driver.
DEBUG - 2025-05-02 22:36:37 --> Session: Class initialized using 'CodeIgniter\Session\Handlers\FileHandler' driver.
DEBUG - 2025-05-02 22:36:37 --> Session: Class initialized using 'CodeIgniter\Session\Handlers\FileHandler' driver.
DEBUG - 2025-05-02 22:36:39 --> Session: Class initialized using 'CodeIgniter\Session\Handlers\FileHandler' driver.
DEBUG - 2025-05-02 22:36:39 --> Session: Class initialized using 'CodeIgniter\Session\Handlers\FileHandler' driver.
DEBUG - 2025-05-02 22:37:14 --> Session: Class initialized using 'CodeIgniter\Session\Handlers\FileHandler' driver.
DEBUG - 2025-05-02 22:37:14 --> Session: Class initialized using 'CodeIgniter\Session\Handlers\FileHandler' driver.
DEBUG - 2025-05-02 22:40:45 --> Session: Class initialized using 'CodeIgniter\Session\Handlers\FileHandler' driver.
DEBUG - 2025-05-02 22:40:46 --> Session: Class initialized using 'CodeIgniter\Session\Handlers\FileHandler' driver.
DEBUG - 2025-05-02 22:40:47 --> Session: Class initialized using 'CodeIgniter\Session\Handlers\FileHandler' driver.
DEBUG - 2025-05-02 22:40:48 --> Session: Class initialized using 'CodeIgniter\Session\Handlers\FileHandler' driver.
DEBUG - 2025-05-02 22:41:17 --> Session: Class initialized using 'CodeIgniter\Session\Handlers\FileHandler' driver.
DEBUG - 2025-05-02 22:41:17 --> Session: Class initialized using 'CodeIgniter\Session\Handlers\FileHandler' driver.
DEBUG - 2025-05-02 22:41:19 --> Session: Class initialized using 'CodeIgniter\Session\Handlers\FileHandler' driver.
DEBUG - 2025-05-02 22:41:20 --> Session: Class initialized using 'CodeIgniter\Session\Handlers\FileHandler' driver.
DEBUG - 2025-05-02 22:41:39 --> Session: Class initialized using 'CodeIgniter\Session\Handlers\FileHandler' driver.
DEBUG - 2025-05-02 22:41:39 --> Session: Class initialized using 'CodeIgniter\Session\Handlers\FileHandler' driver.
DEBUG - 2025-05-02 22:41:48 --> Session: Class initialized using 'CodeIgniter\Session\Handlers\FileHandler' driver.
DEBUG - 2025-05-02 22:41:48 --> Session: Class initialized using 'CodeIgniter\Session\Handlers\FileHandler' driver.
DEBUG - 2025-05-02 22:42:02 --> Session: Class initialized using 'CodeIgniter\Session\Handlers\FileHandler' driver.
DEBUG - 2025-05-02 22:42:04 --> Session: Class initialized using 'CodeIgniter\Session\Handlers\FileHandler' driver.
DEBUG - 2025-05-02 22:42:04 --> Session: Class initialized using 'CodeIgniter\Session\Handlers\FileHandler' driver.
DEBUG - 2025-05-02 22:44:16 --> Session: Class initialized using 'CodeIgniter\Session\Handlers\FileHandler' driver.
CRITICAL - 2025-05-02 22:44:16 --> ErrorException: include(partials/_dashboard_cards.php): Failed to open stream: No such file or directory
[Method: GET, Route: admin/dashboard]
in APPPATH\Views\admin\dashboard.php on line 10.
 1 APPPATH\Views\admin\dashboard.php(10): CodeIgniter\Debug\Exceptions->errorHandler(2, 'include(partials/_dashboard_cards.php): Failed to open stream: No such file or directory', 'C:\\wamp64\\www\\ci-learn_affix\\app\\Views\\admin\\dashboard.php', 10)
 2 APPPATH\Views\admin\dashboard.php(10): include()
 3 SYSTEMPATH\View\View.php(224): include('C:\\wamp64\\www\\ci-learn_affix\\app\\Views\\admin\\dashboard.php')
 4 SYSTEMPATH\View\View.php(227): CodeIgniter\View\View->CodeIgniter\View\{closure}()
 5 SYSTEMPATH\Common.php(1173): CodeIgniter\View\View->render('admin/dashboard', [], true)
 6 APPPATH\Controllers\Admin\AdminController.php(12): view('admin/dashboard')
 7 SYSTEMPATH\CodeIgniter.php(933): App\Controllers\Admin\AdminController->index()
 8 SYSTEMPATH\CodeIgniter.php(507): CodeIgniter\CodeIgniter->runController(Object(App\Controllers\Admin\AdminController))
 9 SYSTEMPATH\CodeIgniter.php(354): CodeIgniter\CodeIgniter->handleRequest(null, Object(Config\Cache), false)
10 SYSTEMPATH\Boot.php(334): CodeIgniter\CodeIgniter->run()
11 SYSTEMPATH\Boot.php(67): CodeIgniter\Boot::runCodeIgniter(Object(CodeIgniter\CodeIgniter))
12 FCPATH\index.php(56): CodeIgniter\Boot::bootWeb(Object(Config\Paths))
DEBUG - 2025-05-02 22:44:43 --> Session: Class initialized using 'CodeIgniter\Session\Handlers\FileHandler' driver.
DEBUG - 2025-05-02 22:44:44 --> Session: Class initialized using 'CodeIgniter\Session\Handlers\FileHandler' driver.
DEBUG - 2025-05-02 22:45:36 --> Session: Class initialized using 'CodeIgniter\Session\Handlers\FileHandler' driver.
DEBUG - 2025-05-02 22:45:36 --> Session: Class initialized using 'CodeIgniter\Session\Handlers\FileHandler' driver.
DEBUG - 2025-05-02 22:45:38 --> Session: Class initialized using 'CodeIgniter\Session\Handlers\FileHandler' driver.
DEBUG - 2025-05-02 22:45:39 --> Session: Class initialized using 'CodeIgniter\Session\Handlers\FileHandler' driver.
DEBUG - 2025-05-02 22:45:39 --> Session: Class initialized using 'CodeIgniter\Session\Handlers\FileHandler' driver.
DEBUG - 2025-05-02 22:45:39 --> Session: Class initialized using 'CodeIgniter\Session\Handlers\FileHandler' driver.
DEBUG - 2025-05-02 22:45:39 --> Session: Class initialized using 'CodeIgniter\Session\Handlers\FileHandler' driver.
DEBUG - 2025-05-02 22:45:40 --> Session: Class initialized using 'CodeIgniter\Session\Handlers\FileHandler' driver.
DEBUG - 2025-05-02 22:45:50 --> Session: Class initialized using 'CodeIgniter\Session\Handlers\FileHandler' driver.
DEBUG - 2025-05-02 22:45:51 --> Session: Class initialized using 'CodeIgniter\Session\Handlers\FileHandler' driver.
DEBUG - 2025-05-02 22:45:54 --> Session: Class initialized using 'CodeIgniter\Session\Handlers\FileHandler' driver.
DEBUG - 2025-05-02 22:45:55 --> Session: Class initialized using 'CodeIgniter\Session\Handlers\FileHandler' driver.
DEBUG - 2025-05-02 22:46:48 --> Session: Class initialized using 'CodeIgniter\Session\Handlers\FileHandler' driver.
DEBUG - 2025-05-02 22:46:51 --> Session: Class initialized using 'CodeIgniter\Session\Handlers\FileHandler' driver.
DEBUG - 2025-05-02 22:46:51 --> Session: Class initialized using 'CodeIgniter\Session\Handlers\FileHandler' driver.
DEBUG - 2025-05-02 22:47:40 --> Session: Class initialized using 'CodeIgniter\Session\Handlers\FileHandler' driver.
DEBUG - 2025-05-02 22:47:40 --> Session: Class initialized using 'CodeIgniter\Session\Handlers\FileHandler' driver.
DEBUG - 2025-05-02 22:47:55 --> Session: Class initialized using 'CodeIgniter\Session\Handlers\FileHandler' driver.
DEBUG - 2025-05-02 22:47:56 --> Session: Class initialized using 'CodeIgniter\Session\Handlers\FileHandler' driver.
DEBUG - 2025-05-02 22:47:57 --> Session: Class initialized using 'CodeIgniter\Session\Handlers\FileHandler' driver.
DEBUG - 2025-05-02 22:47:57 --> Session: Class initialized using 'CodeIgniter\Session\Handlers\FileHandler' driver.
DEBUG - 2025-05-02 22:50:32 --> Session: Class initialized using 'CodeIgniter\Session\Handlers\FileHandler' driver.
DEBUG - 2025-05-02 22:50:33 --> Session: Class initialized using 'CodeIgniter\Session\Handlers\FileHandler' driver.
DEBUG - 2025-05-02 22:50:52 --> Session: Class initialized using 'CodeIgniter\Session\Handlers\FileHandler' driver.
DEBUG - 2025-05-02 22:50:55 --> Session: Class initialized using 'CodeIgniter\Session\Handlers\FileHandler' driver.
DEBUG - 2025-05-02 22:50:55 --> Session: Class initialized using 'CodeIgniter\Session\Handlers\FileHandler' driver.
DEBUG - 2025-05-02 22:51:01 --> Session: Class initialized using 'CodeIgniter\Session\Handlers\FileHandler' driver.
DEBUG - 2025-05-02 22:51:02 --> Session: Class initialized using 'CodeIgniter\Session\Handlers\FileHandler' driver.
DEBUG - 2025-05-02 22:52:04 --> Session: Class initialized using 'CodeIgniter\Session\Handlers\FileHandler' driver.
DEBUG - 2025-05-02 22:54:08 --> Session: Class initialized using 'CodeIgniter\Session\Handlers\FileHandler' driver.
DEBUG - 2025-05-02 22:54:10 --> Session: Class initialized using 'CodeIgniter\Session\Handlers\FileHandler' driver.
DEBUG - 2025-05-02 22:54:11 --> Session: Class initialized using 'CodeIgniter\Session\Handlers\FileHandler' driver.
DEBUG - 2025-05-02 22:54:12 --> Session: Class initialized using 'CodeIgniter\Session\Handlers\FileHandler' driver.
DEBUG - 2025-05-02 22:54:12 --> Session: Class initialized using 'CodeIgniter\Session\Handlers\FileHandler' driver.
DEBUG - 2025-05-02 22:54:13 --> Session: Class initialized using 'CodeIgniter\Session\Handlers\FileHandler' driver.
DEBUG - 2025-05-02 22:54:14 --> Session: Class initialized using 'CodeIgniter\Session\Handlers\FileHandler' driver.
DEBUG - 2025-05-02 22:54:47 --> Session: Class initialized using 'CodeIgniter\Session\Handlers\FileHandler' driver.
ERROR - 2025-05-02 22:54:47 --> mysqli_sql_exception: Table 'ci-learn_affix.categories' doesn't exist in C:\wamp64\www\ci-learn_affix\system\Database\MySQLi\Connection.php:327
Stack trace:
#0 C:\wamp64\www\ci-learn_affix\system\Database\MySQLi\Connection.php(327): mysqli->query('SELECT *\nFROM `...', 0)
#1 C:\wamp64\www\ci-learn_affix\system\Database\BaseConnection.php(738): CodeIgniter\Database\MySQLi\Connection->execute('SELECT *\nFROM `...')
#2 C:\wamp64\www\ci-learn_affix\system\Database\BaseConnection.php(652): CodeIgniter\Database\BaseConnection->simpleQuery('SELECT *\nFROM `...')
#3 C:\wamp64\www\ci-learn_affix\system\Database\BaseBuilder.php(1649): CodeIgniter\Database\BaseConnection->query('SELECT *\nFROM `...', Array, false)
#4 C:\wamp64\www\ci-learn_affix\system\Model.php(286): CodeIgniter\Database\BaseBuilder->get()
#5 C:\wamp64\www\ci-learn_affix\system\BaseModel.php(675): CodeIgniter\Model->doFindAll(0, 0)
#6 C:\wamp64\www\ci-learn_affix\app\Controllers\Admin\BlogAdminController.php(30): CodeIgniter\BaseModel->findAll()
#7 C:\wamp64\www\ci-learn_affix\system\CodeIgniter.php(933): App\Controllers\Admin\BlogAdminController->create()
#8 C:\wamp64\www\ci-learn_affix\system\CodeIgniter.php(507): CodeIgniter\CodeIgniter->runController(Object(App\Controllers\Admin\BlogAdminController))
#9 C:\wamp64\www\ci-learn_affix\system\CodeIgniter.php(354): CodeIgniter\CodeIgniter->handleRequest(NULL, Object(Config\Cache), false)
#10 C:\wamp64\www\ci-learn_affix\system\Boot.php(334): CodeIgniter\CodeIgniter->run()
#11 C:\wamp64\www\ci-learn_affix\system\Boot.php(67): CodeIgniter\Boot::runCodeIgniter(Object(CodeIgniter\CodeIgniter))
#12 C:\wamp64\www\ci-learn_affix\index.php(56): CodeIgniter\Boot::bootWeb(Object(Config\Paths))
#13 {main}
CRITICAL - 2025-05-02 22:54:47 --> CodeIgniter\Database\Exceptions\DatabaseException: Table 'ci-learn_affix.categories' doesn't exist
[Method: GET, Route: admin/blog/create]
in SYSTEMPATH\Database\BaseConnection.php on line 692.
 1 SYSTEMPATH\Database\BaseBuilder.php(1649): CodeIgniter\Database\BaseConnection->query('SELECT *
FROM `categories`', [], false)
 2 SYSTEMPATH\Model.php(286): CodeIgniter\Database\BaseBuilder->get()
 3 SYSTEMPATH\BaseModel.php(675): CodeIgniter\Model->doFindAll(0, 0)
 4 APPPATH\Controllers\Admin\BlogAdminController.php(30): CodeIgniter\BaseModel->findAll()
 5 SYSTEMPATH\CodeIgniter.php(933): App\Controllers\Admin\BlogAdminController->create()
 6 SYSTEMPATH\CodeIgniter.php(507): CodeIgniter\CodeIgniter->runController(Object(App\Controllers\Admin\BlogAdminController))
 7 SYSTEMPATH\CodeIgniter.php(354): CodeIgniter\CodeIgniter->handleRequest(null, Object(Config\Cache), false)
 8 SYSTEMPATH\Boot.php(334): CodeIgniter\CodeIgniter->run()
 9 SYSTEMPATH\Boot.php(67): CodeIgniter\Boot::runCodeIgniter(Object(CodeIgniter\CodeIgniter))
10 FCPATH\index.php(56): CodeIgniter\Boot::bootWeb(Object(Config\Paths))
CRITICAL - 2025-05-02 22:54:47 --> [Caused by] CodeIgniter\Database\Exceptions\DatabaseException: Table 'ci-learn_affix.categories' doesn't exist
in SYSTEMPATH\Database\MySQLi\Connection.php on line 332.
 1 SYSTEMPATH\Database\BaseConnection.php(738): CodeIgniter\Database\MySQLi\Connection->execute('SELECT *
FROM `categories`')
 2 SYSTEMPATH\Database\BaseConnection.php(652): CodeIgniter\Database\BaseConnection->simpleQuery('SELECT *
FROM `categories`')
 3 SYSTEMPATH\Database\BaseBuilder.php(1649): CodeIgniter\Database\BaseConnection->query('SELECT *
FROM `categories`', [], false)
 4 SYSTEMPATH\Model.php(286): CodeIgniter\Database\BaseBuilder->get()
 5 SYSTEMPATH\BaseModel.php(675): CodeIgniter\Model->doFindAll(0, 0)
 6 APPPATH\Controllers\Admin\BlogAdminController.php(30): CodeIgniter\BaseModel->findAll()
 7 SYSTEMPATH\CodeIgniter.php(933): App\Controllers\Admin\BlogAdminController->create()
 8 SYSTEMPATH\CodeIgniter.php(507): CodeIgniter\CodeIgniter->runController(Object(App\Controllers\Admin\BlogAdminController))
 9 SYSTEMPATH\CodeIgniter.php(354): CodeIgniter\CodeIgniter->handleRequest(null, Object(Config\Cache), false)
10 SYSTEMPATH\Boot.php(334): CodeIgniter\CodeIgniter->run()
11 SYSTEMPATH\Boot.php(67): CodeIgniter\Boot::runCodeIgniter(Object(CodeIgniter\CodeIgniter))
12 FCPATH\index.php(56): CodeIgniter\Boot::bootWeb(Object(Config\Paths))
CRITICAL - 2025-05-02 22:54:47 --> [Caused by] mysqli_sql_exception: Table 'ci-learn_affix.categories' doesn't exist
in SYSTEMPATH\Database\MySQLi\Connection.php on line 327.
 1 SYSTEMPATH\Database\MySQLi\Connection.php(327): mysqli->query('SELECT *
FROM `categories`', 0)
 2 SYSTEMPATH\Database\BaseConnection.php(738): CodeIgniter\Database\MySQLi\Connection->execute('SELECT *
FROM `categories`')
 3 SYSTEMPATH\Database\BaseConnection.php(652): CodeIgniter\Database\BaseConnection->simpleQuery('SELECT *
FROM `categories`')
 4 SYSTEMPATH\Database\BaseBuilder.php(1649): CodeIgniter\Database\BaseConnection->query('SELECT *
FROM `categories`', [], false)
 5 SYSTEMPATH\Model.php(286): CodeIgniter\Database\BaseBuilder->get()
 6 SYSTEMPATH\BaseModel.php(675): CodeIgniter\Model->doFindAll(0, 0)
 7 APPPATH\Controllers\Admin\BlogAdminController.php(30): CodeIgniter\BaseModel->findAll()
 8 SYSTEMPATH\CodeIgniter.php(933): App\Controllers\Admin\BlogAdminController->create()
 9 SYSTEMPATH\CodeIgniter.php(507): CodeIgniter\CodeIgniter->runController(Object(App\Controllers\Admin\BlogAdminController))
10 SYSTEMPATH\CodeIgniter.php(354): CodeIgniter\CodeIgniter->handleRequest(null, Object(Config\Cache), false)
11 SYSTEMPATH\Boot.php(334): CodeIgniter\CodeIgniter->run()
12 SYSTEMPATH\Boot.php(67): CodeIgniter\Boot::runCodeIgniter(Object(CodeIgniter\CodeIgniter))
13 FCPATH\index.php(56): CodeIgniter\Boot::bootWeb(Object(Config\Paths))
DEBUG - 2025-05-02 22:57:20 --> Session: Class initialized using 'CodeIgniter\Session\Handlers\FileHandler' driver.
DEBUG - 2025-05-02 22:57:21 --> Session: Class initialized using 'CodeIgniter\Session\Handlers\FileHandler' driver.
DEBUG - 2025-05-02 22:58:10 --> Session: Class initialized using 'CodeIgniter\Session\Handlers\FileHandler' driver.
DEBUG - 2025-05-02 22:58:10 --> Session: Class initialized using 'CodeIgniter\Session\Handlers\FileHandler' driver.
DEBUG - 2025-05-02 22:58:32 --> Session: Class initialized using 'CodeIgniter\Session\Handlers\FileHandler' driver.
DEBUG - 2025-05-02 22:58:33 --> Session: Class initialized using 'CodeIgniter\Session\Handlers\FileHandler' driver.
DEBUG - 2025-05-02 22:59:04 --> Session: Class initialized using 'CodeIgniter\Session\Handlers\FileHandler' driver.
CRITICAL - 2025-05-02 22:59:05 --> ErrorException: include(partials/_sidebar.php): Failed to open stream: No such file or directory
[Method: GET, Route: admin/blog/create]
in APPPATH\Views\admin\blog\create.php on line 6.
 1 APPPATH\Views\admin\blog\create.php(6): CodeIgniter\Debug\Exceptions->errorHandler(2, 'include(partials/_sidebar.php): Failed to open stream: No such file or directory', 'C:\\wamp64\\www\\ci-learn_affix\\app\\Views\\admin\\blog\\create.php', 6)
 2 APPPATH\Views\admin\blog\create.php(6): include()
 3 SYSTEMPATH\View\View.php(224): include('C:\\wamp64\\www\\ci-learn_affix\\app\\Views\\admin\\blog\\create.php')
 4 SYSTEMPATH\View\View.php(227): CodeIgniter\View\View->CodeIgniter\View\{closure}()
 5 SYSTEMPATH\Common.php(1173): CodeIgniter\View\View->render('admin/blog/create', [], true)
 6 APPPATH\Controllers\Admin\BlogAdminController.php(32): view('admin/blog/create', [...])
 7 SYSTEMPATH\CodeIgniter.php(933): App\Controllers\Admin\BlogAdminController->create()
 8 SYSTEMPATH\CodeIgniter.php(507): CodeIgniter\CodeIgniter->runController(Object(App\Controllers\Admin\BlogAdminController))
 9 SYSTEMPATH\CodeIgniter.php(354): CodeIgniter\CodeIgniter->handleRequest(null, Object(Config\Cache), false)
10 SYSTEMPATH\Boot.php(334): CodeIgniter\CodeIgniter->run()
11 SYSTEMPATH\Boot.php(67): CodeIgniter\Boot::runCodeIgniter(Object(CodeIgniter\CodeIgniter))
12 FCPATH\index.php(56): CodeIgniter\Boot::bootWeb(Object(Config\Paths))
DEBUG - 2025-05-02 23:00:09 --> Session: Class initialized using 'CodeIgniter\Session\Handlers\FileHandler' driver.
CRITICAL - 2025-05-02 23:00:09 --> ErrorException: include(partials/_sidebar.php): Failed to open stream: No such file or directory
[Method: GET, Route: admin/blog/create]
in APPPATH\Views\admin\blog\create.php on line 6.
 1 APPPATH\Views\admin\blog\create.php(6): CodeIgniter\Debug\Exceptions->errorHandler(2, 'include(partials/_sidebar.php): Failed to open stream: No such file or directory', 'C:\\wamp64\\www\\ci-learn_affix\\app\\Views\\admin\\blog\\create.php', 6)
 2 APPPATH\Views\admin\blog\create.php(6): include()
 3 SYSTEMPATH\View\View.php(224): include('C:\\wamp64\\www\\ci-learn_affix\\app\\Views\\admin\\blog\\create.php')
 4 SYSTEMPATH\View\View.php(227): CodeIgniter\View\View->CodeIgniter\View\{closure}()
 5 SYSTEMPATH\Common.php(1173): CodeIgniter\View\View->render('admin/blog/create', [], true)
 6 APPPATH\Controllers\Admin\BlogAdminController.php(32): view('admin/blog/create', [...])
 7 SYSTEMPATH\CodeIgniter.php(933): App\Controllers\Admin\BlogAdminController->create()
 8 SYSTEMPATH\CodeIgniter.php(507): CodeIgniter\CodeIgniter->runController(Object(App\Controllers\Admin\BlogAdminController))
 9 SYSTEMPATH\CodeIgniter.php(354): CodeIgniter\CodeIgniter->handleRequest(null, Object(Config\Cache), false)
10 SYSTEMPATH\Boot.php(334): CodeIgniter\CodeIgniter->run()
11 SYSTEMPATH\Boot.php(67): CodeIgniter\Boot::runCodeIgniter(Object(CodeIgniter\CodeIgniter))
12 FCPATH\index.php(56): CodeIgniter\Boot::bootWeb(Object(Config\Paths))
DEBUG - 2025-05-02 23:00:36 --> Session: Class initialized using 'CodeIgniter\Session\Handlers\FileHandler' driver.
CRITICAL - 2025-05-02 23:00:36 --> ErrorException: include(partials/_sidebar.php): Failed to open stream: No such file or directory
[Method: GET, Route: admin/blog/create]
in APPPATH\Views\admin\layout\master.php on line 19.
 1 APPPATH\Views\admin\layout\master.php(19): CodeIgniter\Debug\Exceptions->errorHandler(2, 'include(partials/_sidebar.php): Failed to open stream: No such file or directory', 'C:\\wamp64\\www\\ci-learn_affix\\app\\Views\\admin\\layout\\master.php', 19)
 2 APPPATH\Views\admin\layout\master.php(19): include()
 3 SYSTEMPATH\View\View.php(224): include('C:\\wamp64\\www\\ci-learn_affix\\app\\Views\\admin\\layout\\master.php')
 4 SYSTEMPATH\View\View.php(227): CodeIgniter\View\View->CodeIgniter\View\{closure}()
 5 SYSTEMPATH\View\View.php(240): CodeIgniter\View\View->render('admin/layout/master', [], true)
 6 SYSTEMPATH\Common.php(1173): CodeIgniter\View\View->render('admin/blog/create', [], true)
 7 APPPATH\Controllers\Admin\BlogAdminController.php(32): view('admin/blog/create', [...])
 8 SYSTEMPATH\CodeIgniter.php(933): App\Controllers\Admin\BlogAdminController->create()
 9 SYSTEMPATH\CodeIgniter.php(507): CodeIgniter\CodeIgniter->runController(Object(App\Controllers\Admin\BlogAdminController))
10 SYSTEMPATH\CodeIgniter.php(354): CodeIgniter\CodeIgniter->handleRequest(null, Object(Config\Cache), false)
11 SYSTEMPATH\Boot.php(334): CodeIgniter\CodeIgniter->run()
12 SYSTEMPATH\Boot.php(67): CodeIgniter\Boot::runCodeIgniter(Object(CodeIgniter\CodeIgniter))
13 FCPATH\index.php(56): CodeIgniter\Boot::bootWeb(Object(Config\Paths))
DEBUG - 2025-05-02 23:01:06 --> Session: Class initialized using 'CodeIgniter\Session\Handlers\FileHandler' driver.
CRITICAL - 2025-05-02 23:01:06 --> ErrorException: include(../partials/_sidebar.php): Failed to open stream: No such file or directory
[Method: GET, Route: admin/blog/create]
in APPPATH\Views\admin\layout\master.php on line 19.
 1 APPPATH\Views\admin\layout\master.php(19): CodeIgniter\Debug\Exceptions->errorHandler(2, 'include(../partials/_sidebar.php): Failed to open stream: No such file or directory', 'C:\\wamp64\\www\\ci-learn_affix\\app\\Views\\admin\\layout\\master.php', 19)
 2 APPPATH\Views\admin\layout\master.php(19): include()
 3 SYSTEMPATH\View\View.php(224): include('C:\\wamp64\\www\\ci-learn_affix\\app\\Views\\admin\\layout\\master.php')
 4 SYSTEMPATH\View\View.php(227): CodeIgniter\View\View->CodeIgniter\View\{closure}()
 5 SYSTEMPATH\View\View.php(240): CodeIgniter\View\View->render('admin/layout/master', [], true)
 6 SYSTEMPATH\Common.php(1173): CodeIgniter\View\View->render('admin/blog/create', [], true)
 7 APPPATH\Controllers\Admin\BlogAdminController.php(32): view('admin/blog/create', [...])
 8 SYSTEMPATH\CodeIgniter.php(933): App\Controllers\Admin\BlogAdminController->create()
 9 SYSTEMPATH\CodeIgniter.php(507): CodeIgniter\CodeIgniter->runController(Object(App\Controllers\Admin\BlogAdminController))
10 SYSTEMPATH\CodeIgniter.php(354): CodeIgniter\CodeIgniter->handleRequest(null, Object(Config\Cache), false)
11 SYSTEMPATH\Boot.php(334): CodeIgniter\CodeIgniter->run()
12 SYSTEMPATH\Boot.php(67): CodeIgniter\Boot::runCodeIgniter(Object(CodeIgniter\CodeIgniter))
13 FCPATH\index.php(56): CodeIgniter\Boot::bootWeb(Object(Config\Paths))
DEBUG - 2025-05-02 23:01:55 --> Session: Class initialized using 'CodeIgniter\Session\Handlers\FileHandler' driver.
CRITICAL - 2025-05-02 23:01:55 --> ErrorException: include(../partials/_sidebar.php): Failed to open stream: No such file or directory
[Method: GET, Route: admin/blog/create]
in APPPATH\Views\admin\layout\master.php on line 19.
 1 APPPATH\Views\admin\layout\master.php(19): CodeIgniter\Debug\Exceptions->errorHandler(2, 'include(../partials/_sidebar.php): Failed to open stream: No such file or directory', 'C:\\wamp64\\www\\ci-learn_affix\\app\\Views\\admin\\layout\\master.php', 19)
 2 APPPATH\Views\admin\layout\master.php(19): include()
 3 SYSTEMPATH\View\View.php(224): include('C:\\wamp64\\www\\ci-learn_affix\\app\\Views\\admin\\layout\\master.php')
 4 SYSTEMPATH\View\View.php(227): CodeIgniter\View\View->CodeIgniter\View\{closure}()
 5 SYSTEMPATH\View\View.php(240): CodeIgniter\View\View->render('admin/layout/master', [], true)
 6 SYSTEMPATH\Common.php(1173): CodeIgniter\View\View->render('admin/blog/create', [], true)
 7 APPPATH\Controllers\Admin\BlogAdminController.php(32): view('admin/blog/create', [...])
 8 SYSTEMPATH\CodeIgniter.php(933): App\Controllers\Admin\BlogAdminController->create()
 9 SYSTEMPATH\CodeIgniter.php(507): CodeIgniter\CodeIgniter->runController(Object(App\Controllers\Admin\BlogAdminController))
10 SYSTEMPATH\CodeIgniter.php(354): CodeIgniter\CodeIgniter->handleRequest(null, Object(Config\Cache), false)
11 SYSTEMPATH\Boot.php(334): CodeIgniter\CodeIgniter->run()
12 SYSTEMPATH\Boot.php(67): CodeIgniter\Boot::runCodeIgniter(Object(CodeIgniter\CodeIgniter))
13 FCPATH\index.php(56): CodeIgniter\Boot::bootWeb(Object(Config\Paths))
DEBUG - 2025-05-02 23:01:56 --> Session: Class initialized using 'CodeIgniter\Session\Handlers\FileHandler' driver.
CRITICAL - 2025-05-02 23:01:56 --> ErrorException: include(../partials/_sidebar.php): Failed to open stream: No such file or directory
[Method: GET, Route: admin/blog/create]
in APPPATH\Views\admin\layout\master.php on line 19.
 1 APPPATH\Views\admin\layout\master.php(19): CodeIgniter\Debug\Exceptions->errorHandler(2, 'include(../partials/_sidebar.php): Failed to open stream: No such file or directory', 'C:\\wamp64\\www\\ci-learn_affix\\app\\Views\\admin\\layout\\master.php', 19)
 2 APPPATH\Views\admin\layout\master.php(19): include()
 3 SYSTEMPATH\View\View.php(224): include('C:\\wamp64\\www\\ci-learn_affix\\app\\Views\\admin\\layout\\master.php')
 4 SYSTEMPATH\View\View.php(227): CodeIgniter\View\View->CodeIgniter\View\{closure}()
 5 SYSTEMPATH\View\View.php(240): CodeIgniter\View\View->render('admin/layout/master', [], true)
 6 SYSTEMPATH\Common.php(1173): CodeIgniter\View\View->render('admin/blog/create', [], true)
 7 APPPATH\Controllers\Admin\BlogAdminController.php(32): view('admin/blog/create', [...])
 8 SYSTEMPATH\CodeIgniter.php(933): App\Controllers\Admin\BlogAdminController->create()
 9 SYSTEMPATH\CodeIgniter.php(507): CodeIgniter\CodeIgniter->runController(Object(App\Controllers\Admin\BlogAdminController))
10 SYSTEMPATH\CodeIgniter.php(354): CodeIgniter\CodeIgniter->handleRequest(null, Object(Config\Cache), false)
11 SYSTEMPATH\Boot.php(334): CodeIgniter\CodeIgniter->run()
12 SYSTEMPATH\Boot.php(67): CodeIgniter\Boot::runCodeIgniter(Object(CodeIgniter\CodeIgniter))
13 FCPATH\index.php(56): CodeIgniter\Boot::bootWeb(Object(Config\Paths))
DEBUG - 2025-05-02 23:01:58 --> Session: Class initialized using 'CodeIgniter\Session\Handlers\FileHandler' driver.
CRITICAL - 2025-05-02 23:01:58 --> ErrorException: include(../partials/_sidebar.php): Failed to open stream: No such file or directory
[Method: GET, Route: admin/blog/create]
in APPPATH\Views\admin\layout\master.php on line 19.
 1 APPPATH\Views\admin\layout\master.php(19): CodeIgniter\Debug\Exceptions->errorHandler(2, 'include(../partials/_sidebar.php): Failed to open stream: No such file or directory', 'C:\\wamp64\\www\\ci-learn_affix\\app\\Views\\admin\\layout\\master.php', 19)
 2 APPPATH\Views\admin\layout\master.php(19): include()
 3 SYSTEMPATH\View\View.php(224): include('C:\\wamp64\\www\\ci-learn_affix\\app\\Views\\admin\\layout\\master.php')
 4 SYSTEMPATH\View\View.php(227): CodeIgniter\View\View->CodeIgniter\View\{closure}()
 5 SYSTEMPATH\View\View.php(240): CodeIgniter\View\View->render('admin/layout/master', [], true)
 6 SYSTEMPATH\Common.php(1173): CodeIgniter\View\View->render('admin/blog/create', [], true)
 7 APPPATH\Controllers\Admin\BlogAdminController.php(32): view('admin/blog/create', [...])
 8 SYSTEMPATH\CodeIgniter.php(933): App\Controllers\Admin\BlogAdminController->create()
 9 SYSTEMPATH\CodeIgniter.php(507): CodeIgniter\CodeIgniter->runController(Object(App\Controllers\Admin\BlogAdminController))
10 SYSTEMPATH\CodeIgniter.php(354): CodeIgniter\CodeIgniter->handleRequest(null, Object(Config\Cache), false)
11 SYSTEMPATH\Boot.php(334): CodeIgniter\CodeIgniter->run()
12 SYSTEMPATH\Boot.php(67): CodeIgniter\Boot::runCodeIgniter(Object(CodeIgniter\CodeIgniter))
13 FCPATH\index.php(56): CodeIgniter\Boot::bootWeb(Object(Config\Paths))
DEBUG - 2025-05-02 23:03:12 --> Session: Class initialized using 'CodeIgniter\Session\Handlers\FileHandler' driver.
CRITICAL - 2025-05-02 23:03:12 --> ErrorException: include(C:\wamp64\www\ci-learn_affix\app\Views/partials/_sidebar.php): Failed to open stream: No such file or directory
[Method: GET, Route: admin/blog/create]
in APPPATH\Views\admin\layout\master.php on line 19.
 1 APPPATH\Views\admin\layout\master.php(19): CodeIgniter\Debug\Exceptions->errorHandler(2, 'include(C:\\wamp64\\www\\ci-learn_affix\\app\\Views/partials/_sidebar.php): Failed to open stream: No such file or directory', 'C:\\wamp64\\www\\ci-learn_affix\\app\\Views\\admin\\layout\\master.php', 19)
 2 APPPATH\Views\admin\layout\master.php(19): include()
 3 SYSTEMPATH\View\View.php(224): include('C:\\wamp64\\www\\ci-learn_affix\\app\\Views\\admin\\layout\\master.php')
 4 SYSTEMPATH\View\View.php(227): CodeIgniter\View\View->CodeIgniter\View\{closure}()
 5 SYSTEMPATH\View\View.php(240): CodeIgniter\View\View->render('admin/layout/master', [], true)
 6 SYSTEMPATH\Common.php(1173): CodeIgniter\View\View->render('admin/blog/create', [], true)
 7 APPPATH\Controllers\Admin\BlogAdminController.php(32): view('admin/blog/create', [...])
 8 SYSTEMPATH\CodeIgniter.php(933): App\Controllers\Admin\BlogAdminController->create()
 9 SYSTEMPATH\CodeIgniter.php(507): CodeIgniter\CodeIgniter->runController(Object(App\Controllers\Admin\BlogAdminController))
10 SYSTEMPATH\CodeIgniter.php(354): CodeIgniter\CodeIgniter->handleRequest(null, Object(Config\Cache), false)
11 SYSTEMPATH\Boot.php(334): CodeIgniter\CodeIgniter->run()
12 SYSTEMPATH\Boot.php(67): CodeIgniter\Boot::runCodeIgniter(Object(CodeIgniter\CodeIgniter))
13 FCPATH\index.php(56): CodeIgniter\Boot::bootWeb(Object(Config\Paths))
DEBUG - 2025-05-02 23:03:49 --> Session: Class initialized using 'CodeIgniter\Session\Handlers\FileHandler' driver.
DEBUG - 2025-05-02 23:03:49 --> Session: Class initialized using 'CodeIgniter\Session\Handlers\FileHandler' driver.
DEBUG - 2025-05-02 23:04:10 --> Session: Class initialized using 'CodeIgniter\Session\Handlers\FileHandler' driver.
DEBUG - 2025-05-02 23:04:11 --> Session: Class initialized using 'CodeIgniter\Session\Handlers\FileHandler' driver.
DEBUG - 2025-05-02 23:05:22 --> Session: Class initialized using 'CodeIgniter\Session\Handlers\FileHandler' driver.
DEBUG - 2025-05-02 23:05:23 --> Session: Class initialized using 'CodeIgniter\Session\Handlers\FileHandler' driver.
DEBUG - 2025-05-02 23:05:28 --> Session: Class initialized using 'CodeIgniter\Session\Handlers\FileHandler' driver.
DEBUG - 2025-05-02 23:05:28 --> Session: Class initialized using 'CodeIgniter\Session\Handlers\FileHandler' driver.
DEBUG - 2025-05-02 23:06:20 --> Session: Class initialized using 'CodeIgniter\Session\Handlers\FileHandler' driver.
DEBUG - 2025-05-02 23:06:21 --> Session: Class initialized using 'CodeIgniter\Session\Handlers\FileHandler' driver.
DEBUG - 2025-05-02 23:06:23 --> Session: Class initialized using 'CodeIgniter\Session\Handlers\FileHandler' driver.
DEBUG - 2025-05-02 23:06:24 --> Session: Class initialized using 'CodeIgniter\Session\Handlers\FileHandler' driver.
DEBUG - 2025-05-02 23:06:37 --> Session: Class initialized using 'CodeIgniter\Session\Handlers\FileHandler' driver.
DEBUG - 2025-05-02 23:06:38 --> Session: Class initialized using 'CodeIgniter\Session\Handlers\FileHandler' driver.
DEBUG - 2025-05-02 23:06:53 --> Session: Class initialized using 'CodeIgniter\Session\Handlers\FileHandler' driver.
DEBUG - 2025-05-02 23:06:54 --> Session: Class initialized using 'CodeIgniter\Session\Handlers\FileHandler' driver.
DEBUG - 2025-05-02 23:07:02 --> Session: Class initialized using 'CodeIgniter\Session\Handlers\FileHandler' driver.
DEBUG - 2025-05-02 23:07:02 --> Session: Class initialized using 'CodeIgniter\Session\Handlers\FileHandler' driver.
CRITICAL - 2025-05-02 23:25:11 --> ErrorException: session_start(): Failed to decode session object. Session has been destroyed
[Method: GET, Route: admin/blog/create]
in SYSTEMPATH\Session\Session.php on line 896.
 1 [internal function]: CodeIgniter\Debug\Exceptions->errorHandler(2, 'session_start(): Failed to decode session object. Session has been destroyed', 'C:\\wamp64\\www\\ci-learn_affix\\system\\Session\\Session.php', 896)
 2 SYSTEMPATH\Session\Session.php(896): session_start()
 3 SYSTEMPATH\Session\Session.php(242): CodeIgniter\Session\Session->startSession()
 4 SYSTEMPATH\Config\Services.php(710): CodeIgniter\Session\Session->start()
 5 SYSTEMPATH\Config\BaseService.php(312): CodeIgniter\Config\Services::session(Object(Config\Session), false)
 6 SYSTEMPATH\Config\BaseService.php(251): CodeIgniter\Config\BaseService::__callStatic('session', [...])
 7 SYSTEMPATH\Config\Services.php(668): CodeIgniter\Config\BaseService::getSharedInstance('session', null)
 8 SYSTEMPATH\Config\BaseService.php(321): CodeIgniter\Config\Services::session()
 9 SYSTEMPATH\Config\BaseService.php(202): CodeIgniter\Config\BaseService::__callStatic('session', [])
10 SYSTEMPATH\Common.php(1000): CodeIgniter\Config\BaseService::get('session')
11 SYSTEMPATH\Security\Security.php(225): service('session')
12 SYSTEMPATH\Security\Security.php(206): CodeIgniter\Security\Security->configureSession()
13 SYSTEMPATH\Config\Services.php(657): CodeIgniter\Security\Security->__construct(Object(Config\Security))
14 SYSTEMPATH\Config\BaseService.php(312): CodeIgniter\Config\Services::security(Object(Config\Security), false)
15 SYSTEMPATH\Config\BaseService.php(251): CodeIgniter\Config\BaseService::__callStatic('security', [...])
16 SYSTEMPATH\Config\Services.php(652): CodeIgniter\Config\BaseService::getSharedInstance('security', null)
17 SYSTEMPATH\Config\BaseService.php(321): CodeIgniter\Config\Services::security()
18 SYSTEMPATH\Config\BaseService.php(202): CodeIgniter\Config\BaseService::__callStatic('security', [])
19 SYSTEMPATH\Common.php(1000): CodeIgniter\Config\BaseService::get('security')
20 SYSTEMPATH\Filters\CSRF.php(49): service('security')
21 SYSTEMPATH\Filters\Filters.php(241): CodeIgniter\Filters\CSRF->before(Object(CodeIgniter\HTTP\IncomingRequest), null)
22 SYSTEMPATH\Filters\Filters.php(360): CodeIgniter\Filters\Filters->runBefore([...])
23 SYSTEMPATH\CodeIgniter.php(387): CodeIgniter\Filters\Filters->runRequired('before')
24 SYSTEMPATH\CodeIgniter.php(347): CodeIgniter\CodeIgniter->runRequiredBeforeFilters(Object(CodeIgniter\Filters\Filters))
25 SYSTEMPATH\Boot.php(334): CodeIgniter\CodeIgniter->run()
26 SYSTEMPATH\Boot.php(67): CodeIgniter\Boot::runCodeIgniter(Object(CodeIgniter\CodeIgniter))
27 FCPATH\index.php(56): CodeIgniter\Boot::bootWeb(Object(Config\Paths))
DEBUG - 2025-05-02 23:26:36 --> Session: Class initialized using 'CodeIgniter\Session\Handlers\FileHandler' driver.
DEBUG - 2025-05-02 23:26:43 --> Session: Class initialized using 'CodeIgniter\Session\Handlers\FileHandler' driver.
DEBUG - 2025-05-02 23:26:44 --> Session: Class initialized using 'CodeIgniter\Session\Handlers\FileHandler' driver.
DEBUG - 2025-05-02 23:26:45 --> Session: Class initialized using 'CodeIgniter\Session\Handlers\FileHandler' driver.
DEBUG - 2025-05-02 23:27:01 --> Session: Class initialized using 'CodeIgniter\Session\Handlers\FileHandler' driver.
INFO - 2025-05-02 23:27:01 --> CSRF token verified.
DEBUG - 2025-05-02 23:27:02 --> Session: Class initialized using 'CodeIgniter\Session\Handlers\FileHandler' driver.
DEBUG - 2025-05-02 23:27:03 --> Session: Class initialized using 'CodeIgniter\Session\Handlers\FileHandler' driver.
DEBUG - 2025-05-02 23:27:11 --> Session: Class initialized using 'CodeIgniter\Session\Handlers\FileHandler' driver.
DEBUG - 2025-05-02 23:27:12 --> Session: Class initialized using 'CodeIgniter\Session\Handlers\FileHandler' driver.
DEBUG - 2025-05-02 23:28:03 --> Session: Class initialized using 'CodeIgniter\Session\Handlers\FileHandler' driver.
DEBUG - 2025-05-02 23:28:05 --> Session: Class initialized using 'CodeIgniter\Session\Handlers\FileHandler' driver.
DEBUG - 2025-05-02 23:29:35 --> Session: Class initialized using 'CodeIgniter\Session\Handlers\FileHandler' driver.
DEBUG - 2025-05-02 23:29:36 --> Session: Class initialized using 'CodeIgniter\Session\Handlers\FileHandler' driver.
DEBUG - 2025-05-02 23:29:50 --> Session: Class initialized using 'CodeIgniter\Session\Handlers\FileHandler' driver.
DEBUG - 2025-05-02 23:29:51 --> Session: Class initialized using 'CodeIgniter\Session\Handlers\FileHandler' driver.
DEBUG - 2025-05-02 23:30:05 --> Session: Class initialized using 'CodeIgniter\Session\Handlers\FileHandler' driver.
DEBUG - 2025-05-02 23:30:06 --> Session: Class initialized using 'CodeIgniter\Session\Handlers\FileHandler' driver.
DEBUG - 2025-05-02 23:30:41 --> Session: Class initialized using 'CodeIgniter\Session\Handlers\FileHandler' driver.
DEBUG - 2025-05-02 23:30:41 --> Session: Class initialized using 'CodeIgniter\Session\Handlers\FileHandler' driver.
DEBUG - 2025-05-02 23:32:18 --> Session: Class initialized using 'CodeIgniter\Session\Handlers\FileHandler' driver.
DEBUG - 2025-05-02 23:32:18 --> Session: Class initialized using 'CodeIgniter\Session\Handlers\FileHandler' driver.
DEBUG - 2025-05-02 23:35:23 --> Session: Class initialized using 'CodeIgniter\Session\Handlers\FileHandler' driver.
DEBUG - 2025-05-02 23:35:24 --> Session: Class initialized using 'CodeIgniter\Session\Handlers\FileHandler' driver.
DEBUG - 2025-05-02 23:36:26 --> Session: Class initialized using 'CodeIgniter\Session\Handlers\FileHandler' driver.
CRITICAL - 2025-05-02 23:36:27 --> ParseError: syntax error, unexpected token "->", expecting identifier or variable or "{" or "$"
[Method: GET, Route: admin/blog/create]
in APPPATH\Controllers\Admin\BlogAdminController.php on line 32.
 1 SYSTEMPATH\Autoloader\Autoloader.php(295): CodeIgniter\Autoloader\Autoloader->includeFile('C:\\wamp64\\www\\ci-learn_affix\\app\\Controllers\\Admin\\BlogAdminController.php')
 2 SYSTEMPATH\Autoloader\Autoloader.php(271): CodeIgniter\Autoloader\Autoloader->loadInNamespace('App\\Controllers\\Admin\\BlogAdminController')
 3 [internal function]: CodeIgniter\Autoloader\Autoloader->loadClass('App\\Controllers\\Admin\\BlogAdminController')
 4 SYSTEMPATH\CodeIgniter.php(885): class_exists('\\App\\Controllers\\Admin\\BlogAdminController', true)
 5 SYSTEMPATH\CodeIgniter.php(494): CodeIgniter\CodeIgniter->startController()
 6 SYSTEMPATH\CodeIgniter.php(354): CodeIgniter\CodeIgniter->handleRequest(null, Object(Config\Cache), false)
 7 SYSTEMPATH\Boot.php(334): CodeIgniter\CodeIgniter->run()
 8 SYSTEMPATH\Boot.php(67): CodeIgniter\Boot::runCodeIgniter(Object(CodeIgniter\CodeIgniter))
 9 FCPATH\index.php(56): CodeIgniter\Boot::bootWeb(Object(Config\Paths))
DEBUG - 2025-05-02 23:39:06 --> Session: Class initialized using 'CodeIgniter\Session\Handlers\FileHandler' driver.
CRITICAL - 2025-05-02 23:39:06 --> ErrorException: Array to string conversion
[Method: GET, Route: admin/blog/create]
in APPPATH\Views\admin\blog\create.php on line 38.
 1 APPPATH\Views\admin\blog\create.php(38): CodeIgniter\Debug\Exceptions->errorHandler(2, 'Array to string conversion', 'C:\\wamp64\\www\\ci-learn_affix\\app\\Views\\admin\\blog\\create.php', 38)
 2 SYSTEMPATH\View\View.php(224): include('C:\\wamp64\\www\\ci-learn_affix\\app\\Views\\admin\\blog\\create.php')
 3 SYSTEMPATH\View\View.php(227): CodeIgniter\View\View->CodeIgniter\View\{closure}()
 4 SYSTEMPATH\Common.php(1173): CodeIgniter\View\View->render('admin/blog/create', [], true)
 5 APPPATH\Controllers\Admin\BlogAdminController.php(33): view('admin/blog/create', [...])
 6 SYSTEMPATH\CodeIgniter.php(933): App\Controllers\Admin\BlogAdminController->create()
 7 SYSTEMPATH\CodeIgniter.php(507): CodeIgniter\CodeIgniter->runController(Object(App\Controllers\Admin\BlogAdminController))
 8 SYSTEMPATH\CodeIgniter.php(354): CodeIgniter\CodeIgniter->handleRequest(null, Object(Config\Cache), false)
 9 SYSTEMPATH\Boot.php(334): CodeIgniter\CodeIgniter->run()
10 SYSTEMPATH\Boot.php(67): CodeIgniter\Boot::runCodeIgniter(Object(CodeIgniter\CodeIgniter))
11 FCPATH\index.php(56): CodeIgniter\Boot::bootWeb(Object(Config\Paths))
DEBUG - 2025-05-02 23:39:47 --> Session: Class initialized using 'CodeIgniter\Session\Handlers\FileHandler' driver.
DEBUG - 2025-05-02 23:39:48 --> Session: Class initialized using 'CodeIgniter\Session\Handlers\FileHandler' driver.
DEBUG - 2025-05-02 23:42:48 --> Session: Class initialized using 'CodeIgniter\Session\Handlers\FileHandler' driver.
CRITICAL - 2025-05-02 23:42:49 --> ErrorException: Undefined property: CodeIgniter\View\View::$uri
[Method: GET, Route: admin/blog/create]
in APPPATH\Views\admin\layout\master.php on line 23.
 1 APPPATH\Views\admin\layout\master.php(23): CodeIgniter\Debug\Exceptions->errorHandler(2, 'Undefined property: CodeIgniter\\View\\View::$uri', 'C:\\wamp64\\www\\ci-learn_affix\\app\\Views\\admin\\layout\\master.php', 23)
 2 SYSTEMPATH\View\View.php(224): include('C:\\wamp64\\www\\ci-learn_affix\\app\\Views\\admin\\layout\\master.php')
 3 SYSTEMPATH\View\View.php(227): CodeIgniter\View\View->CodeIgniter\View\{closure}()
 4 SYSTEMPATH\View\View.php(240): CodeIgniter\View\View->render('admin/layout/master', [], true)
 5 SYSTEMPATH\Common.php(1173): CodeIgniter\View\View->render('admin/blog/create', [], true)
 6 APPPATH\Controllers\Admin\BlogAdminController.php(33): view('admin/blog/create', [...])
 7 SYSTEMPATH\CodeIgniter.php(933): App\Controllers\Admin\BlogAdminController->create()
 8 SYSTEMPATH\CodeIgniter.php(507): CodeIgniter\CodeIgniter->runController(Object(App\Controllers\Admin\BlogAdminController))
 9 SYSTEMPATH\CodeIgniter.php(354): CodeIgniter\CodeIgniter->handleRequest(null, Object(Config\Cache), false)
10 SYSTEMPATH\Boot.php(334): CodeIgniter\CodeIgniter->run()
11 SYSTEMPATH\Boot.php(67): CodeIgniter\Boot::runCodeIgniter(Object(CodeIgniter\CodeIgniter))
12 FCPATH\index.php(56): CodeIgniter\Boot::bootWeb(Object(Config\Paths))
DEBUG - 2025-05-02 23:43:58 --> Session: Class initialized using 'CodeIgniter\Session\Handlers\FileHandler' driver.
CRITICAL - 2025-05-02 23:43:58 --> Error: Cannot access protected property CodeIgniter\HTTP\IncomingRequest::$uri
[Method: GET, Route: admin/blog/create]
in APPPATH\Controllers\Admin\BlogAdminController.php on line 31.
 1 SYSTEMPATH\CodeIgniter.php(933): App\Controllers\Admin\BlogAdminController->create()
 2 SYSTEMPATH\CodeIgniter.php(507): CodeIgniter\CodeIgniter->runController(Object(App\Controllers\Admin\BlogAdminController))
 3 SYSTEMPATH\CodeIgniter.php(354): CodeIgniter\CodeIgniter->handleRequest(null, Object(Config\Cache), false)
 4 SYSTEMPATH\Boot.php(334): CodeIgniter\CodeIgniter->run()
 5 SYSTEMPATH\Boot.php(67): CodeIgniter\Boot::runCodeIgniter(Object(CodeIgniter\CodeIgniter))
 6 FCPATH\index.php(56): CodeIgniter\Boot::bootWeb(Object(Config\Paths))
DEBUG - 2025-05-02 23:45:50 --> Session: Class initialized using 'CodeIgniter\Session\Handlers\FileHandler' driver.
DEBUG - 2025-05-02 23:45:51 --> Session: Class initialized using 'CodeIgniter\Session\Handlers\FileHandler' driver.
DEBUG - 2025-05-02 23:45:54 --> Session: Class initialized using 'CodeIgniter\Session\Handlers\FileHandler' driver.
DEBUG - 2025-05-02 23:45:55 --> Session: Class initialized using 'CodeIgniter\Session\Handlers\FileHandler' driver.
DEBUG - 2025-05-02 23:46:05 --> Session: Class initialized using 'CodeIgniter\Session\Handlers\FileHandler' driver.
DEBUG - 2025-05-02 23:46:05 --> Session: Class initialized using 'CodeIgniter\Session\Handlers\FileHandler' driver.
DEBUG - 2025-05-02 23:46:08 --> Session: Class initialized using 'CodeIgniter\Session\Handlers\FileHandler' driver.
CRITICAL - 2025-05-02 23:46:08 --> ErrorException: Undefined variable $current_uri
[Method: GET, Route: admin/dashboard]
in APPPATH\Views\admin\layout\master.php on line 23.
 1 APPPATH\Views\admin\layout\master.php(23): CodeIgniter\Debug\Exceptions->errorHandler(2, 'Undefined variable $current_uri', 'C:\\wamp64\\www\\ci-learn_affix\\app\\Views\\admin\\layout\\master.php', 23)
 2 SYSTEMPATH\View\View.php(224): include('C:\\wamp64\\www\\ci-learn_affix\\app\\Views\\admin\\layout\\master.php')
 3 SYSTEMPATH\View\View.php(227): CodeIgniter\View\View->CodeIgniter\View\{closure}()
 4 SYSTEMPATH\View\View.php(240): CodeIgniter\View\View->render('admin/layout/master', [], true)
 5 SYSTEMPATH\Common.php(1173): CodeIgniter\View\View->render('admin/dashboard', [], true)
 6 APPPATH\Controllers\Admin\AdminController.php(12): view('admin/dashboard')
 7 SYSTEMPATH\CodeIgniter.php(933): App\Controllers\Admin\AdminController->index()
 8 SYSTEMPATH\CodeIgniter.php(507): CodeIgniter\CodeIgniter->runController(Object(App\Controllers\Admin\AdminController))
 9 SYSTEMPATH\CodeIgniter.php(354): CodeIgniter\CodeIgniter->handleRequest(null, Object(Config\Cache), false)
10 SYSTEMPATH\Boot.php(334): CodeIgniter\CodeIgniter->run()
11 SYSTEMPATH\Boot.php(67): CodeIgniter\Boot::runCodeIgniter(Object(CodeIgniter\CodeIgniter))
12 FCPATH\index.php(56): CodeIgniter\Boot::bootWeb(Object(Config\Paths))
DEBUG - 2025-05-02 23:53:58 --> Session: Class initialized using 'CodeIgniter\Session\Handlers\FileHandler' driver.
DEBUG - 2025-05-02 23:53:59 --> Session: Class initialized using 'CodeIgniter\Session\Handlers\FileHandler' driver.
DEBUG - 2025-05-02 23:54:01 --> Session: Class initialized using 'CodeIgniter\Session\Handlers\FileHandler' driver.
DEBUG - 2025-05-02 23:54:02 --> Session: Class initialized using 'CodeIgniter\Session\Handlers\FileHandler' driver.
