WARNING - 2025-04-17 08:25:54 --> [DEPRECATED] Passing lowercase HTTP method "get" is deprecated. Use uppercase HTTP method like "GET". in SYSTEMPATH\Router\RouteCollection.php on line 1026.
 1 SYSTEMPATH\Router\RouteCollection.php(1026): trigger_error('Passing lowercase HTTP method "get" is deprecated. Use uppercase HTTP method like "GET".', 16384)
 2 APPPATH\Config\Routes.php(82): CodeIgniter\Router\RouteCollection->match([...], 'user/edit', 'User\\UserController::editProfile')
 3 SYSTEMPATH\Router\RouteCollection.php(339): require('C:\\wamp64\\www\\ci-learn_affix\\app\\Config\\Routes.php')
 4 SYSTEMPATH\CLI\Console.php(41): CodeIgniter\Router\RouteCollection->loadRoutes()
 5 SYSTEMPATH\Boot.php(360): CodeIgniter\CLI\Console->run()
 6 SYSTEMPATH\Boot.php(104): CodeIgniter\Boot::runCommand(Object(CodeIgniter\CLI\Console))
 7 ROOTPATH\spark(84): CodeIgniter\Boot::bootSpark(Object(Config\Paths))
WARNING - 2025-04-17 08:25:54 --> [DEPRECATED] Passing lowercase HTTP method "post" is deprecated. Use uppercase HTTP method like "POST". in SYSTEMPATH\Router\RouteCollection.php on line 1026.
 1 SYSTEMPATH\Router\RouteCollection.php(1026): trigger_error('Passing lowercase HTTP method "post" is deprecated. Use uppercase HTTP method like "POST".', 16384)
 2 APPPATH\Config\Routes.php(82): CodeIgniter\Router\RouteCollection->match([...], 'user/edit', 'User\\UserController::editProfile')
 3 SYSTEMPATH\Router\RouteCollection.php(339): require('C:\\wamp64\\www\\ci-learn_affix\\app\\Config\\Routes.php')
 4 SYSTEMPATH\CLI\Console.php(41): CodeIgniter\Router\RouteCollection->loadRoutes()
 5 SYSTEMPATH\Boot.php(360): CodeIgniter\CLI\Console->run()
 6 SYSTEMPATH\Boot.php(104): CodeIgniter\Boot::runCommand(Object(CodeIgniter\CLI\Console))
 7 ROOTPATH\spark(84): CodeIgniter\Boot::bootSpark(Object(Config\Paths))
DEBUG - 2025-04-17 08:26:45 --> Session: Class initialized using 'CodeIgniter\Session\Handlers\FileHandler' driver.
WARNING - 2025-04-17 08:26:45 --> [DEPRECATED] Passing lowercase HTTP method "get" is deprecated. Use uppercase HTTP method like "GET". in SYSTEMPATH\Router\RouteCollection.php on line 1026.
 1 SYSTEMPATH\Router\RouteCollection.php(1026): trigger_error('Passing lowercase HTTP method "get" is deprecated. Use uppercase HTTP method like "GET".', 16384)
 2 APPPATH\Config\Routes.php(82): CodeIgniter\Router\RouteCollection->match([...], 'user/edit', 'User\\UserController::editProfile')
 3 SYSTEMPATH\Router\RouteCollection.php(339): require('C:\\wamp64\\www\\ci-learn_affix\\app\\Config\\Routes.php')
 4 SYSTEMPATH\CodeIgniter.php(821): CodeIgniter\Router\RouteCollection->loadRoutes()
 5 SYSTEMPATH\CodeIgniter.php(455): CodeIgniter\CodeIgniter->tryToRouteIt(null)
 6 SYSTEMPATH\CodeIgniter.php(354): CodeIgniter\CodeIgniter->handleRequest(null, Object(Config\Cache), false)
 7 SYSTEMPATH\Boot.php(334): CodeIgniter\CodeIgniter->run()
 8 SYSTEMPATH\Boot.php(67): CodeIgniter\Boot::runCodeIgniter(Object(CodeIgniter\CodeIgniter))
 9 FCPATH\index.php(56): CodeIgniter\Boot::bootWeb(Object(Config\Paths))
WARNING - 2025-04-17 08:26:45 --> [DEPRECATED] Passing lowercase HTTP method "post" is deprecated. Use uppercase HTTP method like "POST". in SYSTEMPATH\Router\RouteCollection.php on line 1026.
 1 SYSTEMPATH\Router\RouteCollection.php(1026): trigger_error('Passing lowercase HTTP method "post" is deprecated. Use uppercase HTTP method like "POST".', 16384)
 2 APPPATH\Config\Routes.php(82): CodeIgniter\Router\RouteCollection->match([...], 'user/edit', 'User\\UserController::editProfile')
 3 SYSTEMPATH\Router\RouteCollection.php(339): require('C:\\wamp64\\www\\ci-learn_affix\\app\\Config\\Routes.php')
 4 SYSTEMPATH\CodeIgniter.php(821): CodeIgniter\Router\RouteCollection->loadRoutes()
 5 SYSTEMPATH\CodeIgniter.php(455): CodeIgniter\CodeIgniter->tryToRouteIt(null)
 6 SYSTEMPATH\CodeIgniter.php(354): CodeIgniter\CodeIgniter->handleRequest(null, Object(Config\Cache), false)
 7 SYSTEMPATH\Boot.php(334): CodeIgniter\CodeIgniter->run()
 8 SYSTEMPATH\Boot.php(67): CodeIgniter\Boot::runCodeIgniter(Object(CodeIgniter\CodeIgniter))
 9 FCPATH\index.php(56): CodeIgniter\Boot::bootWeb(Object(Config\Paths))
DEBUG - 2025-04-17 08:27:12 --> Unsplash API Response for category "Programming": {"id":"QUHuwyNgSA0","slug":"a-computer-monitor-sitting-on-top-of-a-wooden-desk-QUHuwyNgSA0","alternative_slugs":{"en":"a-computer-monitor-sitting-on-top-of-a-wooden-desk-QUHuwyNgSA0","es":"un-monitor-de-computadora-sentado-encima-de-un-escritorio-de-madera-QUHuwyNgSA0","ja":"\u6728\u88fd\u306e\u673a\u306e\u4e0a\u306b\u7f6e\u304b\u308c\u305f\u30b3\u30f3\u30d4\u30e5\u30fc\u30bf\u30fc\u30e2\u30cb\u30bf\u30fc-QUHuwyNgSA0","fr":"un-ecran-dordinateur-pose-sur-un-bureau-en-bois-QUHuwyNgSA0","it":"un-monitor-di-computer-seduto-sopra-una-scrivania-di-legno-QUHuwyNgSA0","ko":"\ub098\ubb34-\ucc45\uc0c1-\uc704\uc5d0-\uc549\uc544-\uc788\ub294-\ucef4\ud4e8\ud130-\ubaa8\ub2c8\ud130-QUHuwyNgSA0","de":"ein-computermonitor-der-auf-einem-holzernen-schreibtisch-sitzt-QUHuwyNgSA0","pt":"um-monitor-de-computador-sentado-em-cima-de-uma-mesa-de-madeira-QUHuwyNgSA0"},"created_at":"2020-01-19T03:05:44Z","updated_at":"2025-04-17T03:57:29Z","promoted_at":"2020-01-19T13:20:02Z","width":3394,"height":4243,"color":"#f3f3f3","blur_hash":"LIHCK5tkV@?aOv?uR.s,~VIU9EjX","description":null,"alt_description":"a computer monitor sitting on top of a wooden desk","breadcrumbs":[],"urls":{"raw":"https:\/\/images.unsplash.com\/photo-1579403124614-197f69d8187b?ixid=M3w3Mzg4NTh8MHwxfHJhbmRvbXx8fHx8fHx8fDE3NDQ4Nzg0MzF8&ixlib=rb-4.0.3","full":"https:\/\/images.unsplash.com\/photo-1579403124614-197f69d8187b?crop=entropy&cs=srgb&fm=jpg&ixid=M3w3Mzg4NTh8MHwxfHJhbmRvbXx8fHx8fHx8fDE3NDQ4Nzg0MzF8&ixlib=rb-4.0.3&q=85","regular":"https:\/\/images.unsplash.com\/photo-1579403124614-197f69d8187b?crop=entropy&cs=tinysrgb&fit=max&fm=jpg&ixid=M3w3Mzg4NTh8MHwxfHJhbmRvbXx8fHx8fHx8fDE3NDQ4Nzg0MzF8&ixlib=rb-4.0.3&q=80&w=1080","small":"https:\/\/images.unsplash.com\/photo-1579403124614-197f69d8187b?crop=entropy&cs=tinysrgb&fit=max&fm=jpg&ixid=M3w3Mzg4NTh8MHwxfHJhbmRvbXx8fHx8fHx8fDE3NDQ4Nzg0MzF8&ixlib=rb-4.0.3&q=80&w=400","thumb":"https:\/\/images.unsplash.com\/photo-1579403124614-197f69d8187b?crop=entropy&cs=tinysrgb&fit=max&fm=jpg&ixid=M3w3Mzg4NTh8MHwxfHJhbmRvbXx8fHx8fHx8fDE3NDQ4Nzg0MzF8&ixlib=rb-4.0.3&q=80&w=200","small_s3":"https:\/\/s3.us-west-2.amazonaws.com\/images.unsplash.com\/small\/photo-1579403124614-197f69d8187b"},"links":{"self":"https:\/\/api.unsplash.com\/photos\/a-computer-monitor-sitting-on-top-of-a-wooden-desk-QUHuwyNgSA0","html":"https:\/\/unsplash.com\/photos\/a-computer-monitor-sitting-on-top-of-a-wooden-desk-QUHuwyNgSA0","download":"https:\/\/unsplash.com\/photos\/QUHuwyNgSA0\/download?ixid=M3w3Mzg4NTh8MHwxfHJhbmRvbXx8fHx8fHx8fDE3NDQ4Nzg0MzF8","download_location":"https:\/\/api.unsplash.com\/photos\/QUHuwyNgSA0\/download?ixid=M3w3Mzg4NTh8MHwxfHJhbmRvbXx8fHx8fHx8fDE3NDQ4Nzg0MzF8"},"likes":535,"liked_by_user":false,"current_user_collections":[],"sponsorship":null,"topic_submissions":[],"asset_type":"photo","user":{"id":"6K8B12Mu5gg","updated_at":"2025-03-28T02:54:13Z","username":"karlp","name":"Karl Pawlowicz","first_name":"Karl","last_name":"Pawlowicz","twitter_username":null,"portfolio_url":"https:\/\/karl.dev\/","bio":"I am a front end developer currently focused on Node.js and React. Find me on GitHub @karlpawlowicz or Instagram @karlxg.","location":"Toronto, Canada","links":{"self":"https:\/\/api.unsplash.com\/users\/karlp","html":"https:\/\/unsplash.com\/@karlp","photos":"https:\/\/api.unsplash.com\/users\/karlp\/photos","likes":"https:\/\/api.unsplash.com\/users\/karlp\/likes","portfolio":"https:\/\/api.unsplash.com\/users\/karlp\/portfolio"},"profile_image":{"small":"https:\/\/images.unsplash.com\/profile-1578863360857-1482e53323f2image?ixlib=rb-4.0.3&crop=faces&fit=crop&w=32&h=32","medium":"https:\/\/images.unsplash.com\/profile-1578863360857-1482e53323f2image?ixlib=rb-4.0.3&crop=faces&fit=crop&w=64&h=64","large":"https:\/\/images.unsplash.com\/profile-1578863360857-1482e53323f2image?ixlib=rb-4.0.3&crop=faces&fit=crop&w=128&h=128"},"instagram_username":"karlxg","total_collections":0,"total_likes":1,"total_photos":3,"total_promoted_photos":2,"total_illustrations":0,"total_promoted_illustrations":0,"accepted_tos":true,"for_hire":true,"social":{"instagram_username":"karlxg","portfolio_url":"https:\/\/karl.dev\/","twitter_username":null,"paypal_email":null}},"exif":{"make":"SONY","model":"ILCE-7RM3","name":"SONY, ILCE-7RM3","exposure_time":"1\/40","aperture":"1.4","focal_length":"24.0","iso":100},"location":{"name":null,"city":null,"country":null,"position":{"latitude":null,"longitude":null}},"meta":{"index":true},"public_domain":false,"tags":[{"type":"search","title":"coding"},{"type":"search","title":"programming"},{"type":"search","title":"code"},{"type":"search","title":"web development"},{"type":"search","title":"developer"},{"type":"search","title":"software"},{"type":"search","title":"programmer"},{"type":"search","title":"development"},{"type":"search","title":"software development"},{"type":"search","title":"web developer"},{"type":"search","title":"javascript"},{"type":"search","title":"coder"},{"type":"search","title":"java"},{"type":"search","title":"software developer"},{"type":"search","title":"program"},{"type":"search","title":"develop"},{"type":"search","title":"dev"},{"type":"search","title":"developing"},{"type":"search","title":"computer"},{"type":"search","title":"grey"}],"views":12366389,"downloads":132237,"topics":[]}
DEBUG - 2025-04-17 08:27:12 --> No valid image found for category "Programming"
DEBUG - 2025-04-17 08:27:13 --> Fetched Image URL for category Programming: default-image.jpg
DEBUG - 2025-04-17 08:27:13 --> No valid image found for category Programming
DEBUG - 2025-04-17 08:27:14 --> Unsplash API Response for category "AI & Video": {"id":"KzKvRONZevo","slug":"man-holding-dslr-camera-KzKvRONZevo","alternative_slugs":{"en":"man-holding-dslr-camera-KzKvRONZevo","es":"hombre-sosteniendo-una-camara-dslr-KzKvRONZevo","ja":"\u30c7\u30b8\u30bf\u30eb\u4e00\u773c\u30ec\u30d5\u30ab\u30e1\u30e9\u3092\u6301\u3064\u7537-KzKvRONZevo","fr":"homme-tenant-un-appareil-photo-reflex-numerique-KzKvRONZevo","it":"uomo-che-tiene-la-fotocamera-dslr-KzKvRONZevo","ko":"dslr-\uce74\uba54\ub77c\ub97c-\ub4e4\uace0-\uc788\ub294-\ub0a8\uc790-KzKvRONZevo","de":"mann-mit-dslr-kamera-KzKvRONZevo","pt":"homem-segurando-camera-dslr-KzKvRONZevo"},"created_at":"2018-05-15T01:49:01Z","updated_at":"2025-04-17T06:08:41Z","promoted_at":"2018-05-15T12:15:17Z","width":2157,"height":3214,"color":"#0c2626","blur_hash":"L48qEF0fpJQ,_39Fx^MwF|?G-p4n","description":"In the past year I\u2019ve transferred to full time media (photography, cinematography and social media) and I absolutely love it.  It\u2019s a very different journey, but I wouldn\u2019t trade it for anything!","alt_description":"man holding DSLR camera","breadcrumbs":[],"urls":{"raw":"https:\/\/images.unsplash.com\/photo-1526348744409-ceb6eafefa4d?ixid=M3w3Mzg4NTh8MHwxfHJhbmRvbXx8fHx8fHx8fDE3NDQ4Nzg0MzR8&ixlib=rb-4.0.3","full":"https:\/\/images.unsplash.com\/photo-1526348744409-ceb6eafefa4d?crop=entropy&cs=srgb&fm=jpg&ixid=M3w3Mzg4NTh8MHwxfHJhbmRvbXx8fHx8fHx8fDE3NDQ4Nzg0MzR8&ixlib=rb-4.0.3&q=85","regular":"https:\/\/images.unsplash.com\/photo-1526348744409-ceb6eafefa4d?crop=entropy&cs=tinysrgb&fit=max&fm=jpg&ixid=M3w3Mzg4NTh8MHwxfHJhbmRvbXx8fHx8fHx8fDE3NDQ4Nzg0MzR8&ixlib=rb-4.0.3&q=80&w=1080","small":"https:\/\/images.unsplash.com\/photo-1526348744409-ceb6eafefa4d?crop=entropy&cs=tinysrgb&fit=max&fm=jpg&ixid=M3w3Mzg4NTh8MHwxfHJhbmRvbXx8fHx8fHx8fDE3NDQ4Nzg0MzR8&ixlib=rb-4.0.3&q=80&w=400","thumb":"https:\/\/images.unsplash.com\/photo-1526348744409-ceb6eafefa4d?crop=entropy&cs=tinysrgb&fit=max&fm=jpg&ixid=M3w3Mzg4NTh8MHwxfHJhbmRvbXx8fHx8fHx8fDE3NDQ4Nzg0MzR8&ixlib=rb-4.0.3&q=80&w=200","small_s3":"https:\/\/s3.us-west-2.amazonaws.com\/images.unsplash.com\/small\/photo-1526348744409-ceb6eafefa4d"},"links":{"self":"https:\/\/api.unsplash.com\/photos\/man-holding-dslr-camera-KzKvRONZevo","html":"https:\/\/unsplash.com\/photos\/man-holding-dslr-camera-KzKvRONZevo","download":"https:\/\/unsplash.com\/photos\/KzKvRONZevo\/download?ixid=M3w3Mzg4NTh8MHwxfHJhbmRvbXx8fHx8fHx8fDE3NDQ4Nzg0MzR8","download_location":"https:\/\/api.unsplash.com\/photos\/KzKvRONZevo\/download?ixid=M3w3Mzg4NTh8MHwxfHJhbmRvbXx8fHx8fHx8fDE3NDQ4Nzg0MzR8"},"likes":59,"liked_by_user":false,"current_user_collections":[],"sponsorship":null,"topic_submissions":{"business-work":{"status":"approved","approved_on":"2020-04-06T14:20:15Z"}},"asset_type":"photo","user":{"id":"zGLvs3uZQ60","updated_at":"2024-10-11T10:36:32Z","username":"scottbroomephotography","name":"Scott Broome","first_name":"Scott","last_name":"Broome","twitter_username":null,"portfolio_url":"http:\/\/Scottbroomephotography.net","bio":"Fitness \u2022 weddings \u2022 photography & Videography \u2022 Pursuit Church Director of Media.","location":"North Carolina","links":{"self":"https:\/\/api.unsplash.com\/users\/scottbroomephotography","html":"https:\/\/unsplash.com\/@scottbroomephotography","photos":"https:\/\/api.unsplash.com\/users\/scottbroomephotography\/photos","likes":"https:\/\/api.unsplash.com\/users\/scottbroomephotography\/likes","portfolio":"https:\/\/api.unsplash.com\/users\/scottbroomephotography\/portfolio","following":"https:\/\/api.unsplash.com\/users\/scottbroomephotography\/following","followers":"https:\/\/api.unsplash.com\/users\/scottbroomephotography\/followers"},"profile_image":{"small":"https:\/\/images.unsplash.com\/profile-1526348617736-c5c94d07fd17?ixlib=rb-4.0.3&crop=faces&fit=crop&w=32&h=32","medium":"https:\/\/images.unsplash.com\/profile-1526348617736-c5c94d07fd17?ixlib=rb-4.0.3&crop=faces&fit=crop&w=64&h=64","large":"https:\/\/images.unsplash.com\/profile-1526348617736-c5c94d07fd17?ixlib=rb-4.0.3&crop=faces&fit=crop&w=128&h=128"},"instagram_username":"Scottbroomephotography","total_collections":0,"total_likes":0,"total_photos":45,"total_promoted_photos":28,"total_illustrations":0,"total_promoted_illustrations":0,"accepted_tos":true,"for_hire":false,"social":{"instagram_username":"Scottbroomephotography","portfolio_url":"http:\/\/Scottbroomephotography.net","twitter_username":null,"paypal_email":null}},"exif":{"make":"NIKON CORPORATION","model":"NIKON D750","name":"NIKON CORPORATION, NIKON D750","exposure_time":"1\/80","aperture":"1.4","focal_length":"35.0","iso":250},"location":{"name":"North Carolina, United States","city":null,"country":"United States","position":{"latitude":35.7595731,"longitude":-79.0192997}},"meta":{"index":true},"public_domain":false,"tags":[{"type":"search","title":"business"},{"type":"search","title":"man"},{"type":"search","title":"light"},{"type":"search","title":"video"},{"type":"search","title":"camera"},{"type":"search","title":"film"},{"type":"search","title":"watch"},{"type":"search","title":"indoor"},{"type":"search","title":"bokeh"},{"type":"search","title":"hat"},{"type":"search","title":"moody"},{"type":"search","title":"cap"},{"type":"search","title":"create"},{"type":"search","title":"creation"},{"type":"search","title":"hold"},{"type":"search","title":"caucasian"},{"type":"search","title":"steady"},{"type":"search","title":"black"},{"type":"search","title":"human"},{"type":"search","title":"people"}],"views":1415694,"downloads":4530,"topics":[{"id":"aeu6rL-j6ew","title":"Business & Work","slug":"business-work","visibility":"visible"}]}
DEBUG - 2025-04-17 08:27:14 --> No valid image found for category "AI & Video"
DEBUG - 2025-04-17 08:27:14 --> Fetched Image URL for category AI & Video: default-image.jpg
DEBUG - 2025-04-17 08:27:14 --> No valid image found for category AI & Video
DEBUG - 2025-04-17 08:27:16 --> Unsplash API Response for category "Cybersecurity": {"id":"NaxA1dH_JGg","slug":"a-person-standing-in-front-of-a-wall-of-lights-NaxA1dH_JGg","alternative_slugs":{"en":"a-person-standing-in-front-of-a-wall-of-lights-NaxA1dH_JGg","es":"una-persona-parada-frente-a-una-pared-de-luces-NaxA1dH_JGg","ja":"\u5149\u306e\u58c1\u306e\u524d\u306b\u7acb\u3064\u4eba-NaxA1dH_JGg","fr":"une-personne-debout-devant-un-mur-de-lumieres-NaxA1dH_JGg","it":"una-persona-in-piedi-di-fronte-a-un-muro-di-luci-NaxA1dH_JGg","ko":"\ube5b\uc758-\ubcbd-\uc55e\uc5d0-\uc11c\uc788\ub294-\uc0ac\ub78c-NaxA1dH_JGg","de":"eine-person-die-vor-einer-wand-aus-lichtern-steht-NaxA1dH_JGg","pt":"uma-pessoa-em-pe-na-frente-de-uma-parede-de-luzes-NaxA1dH_JGg"},"created_at":"2022-11-30T07:57:19Z","updated_at":"2025-04-17T05:00:20Z","promoted_at":null,"width":6960,"height":4640,"color":"#408c8c","blur_hash":"LI57*}mQk8aOy?nPaJbIaxf+adj[","description":null,"alt_description":"a person standing in front of a wall of lights","breadcrumbs":[],"urls":{"raw":"https:\/\/images.unsplash.com\/photo-1669794911682-4fded20a9cab?ixid=M3w3Mzg4NTh8MHwxfHJhbmRvbXx8fHx8fHx8fDE3NDQ4Nzg0MzZ8&ixlib=rb-4.0.3","full":"https:\/\/images.unsplash.com\/photo-1669794911682-4fded20a9cab?crop=entropy&cs=srgb&fm=jpg&ixid=M3w3Mzg4NTh8MHwxfHJhbmRvbXx8fHx8fHx8fDE3NDQ4Nzg0MzZ8&ixlib=rb-4.0.3&q=85","regular":"https:\/\/images.unsplash.com\/photo-1669794911682-4fded20a9cab?crop=entropy&cs=tinysrgb&fit=max&fm=jpg&ixid=M3w3Mzg4NTh8MHwxfHJhbmRvbXx8fHx8fHx8fDE3NDQ4Nzg0MzZ8&ixlib=rb-4.0.3&q=80&w=1080","small":"https:\/\/images.unsplash.com\/photo-1669794911682-4fded20a9cab?crop=entropy&cs=tinysrgb&fit=max&fm=jpg&ixid=M3w3Mzg4NTh8MHwxfHJhbmRvbXx8fHx8fHx8fDE3NDQ4Nzg0MzZ8&ixlib=rb-4.0.3&q=80&w=400","thumb":"https:\/\/images.unsplash.com\/photo-1669794911682-4fded20a9cab?crop=entropy&cs=tinysrgb&fit=max&fm=jpg&ixid=M3w3Mzg4NTh8MHwxfHJhbmRvbXx8fHx8fHx8fDE3NDQ4Nzg0MzZ8&ixlib=rb-4.0.3&q=80&w=200","small_s3":"https:\/\/s3.us-west-2.amazonaws.com\/images.unsplash.com\/small\/photo-1669794911682-4fded20a9cab"},"links":{"self":"https:\/\/api.unsplash.com\/photos\/a-person-standing-in-front-of-a-wall-of-lights-NaxA1dH_JGg","html":"https:\/\/unsplash.com\/photos\/a-person-standing-in-front-of-a-wall-of-lights-NaxA1dH_JGg","download":"https:\/\/unsplash.com\/photos\/NaxA1dH_JGg\/download?ixid=M3w3Mzg4NTh8MHwxfHJhbmRvbXx8fHx8fHx8fDE3NDQ4Nzg0MzZ8","download_location":"https:\/\/api.unsplash.com\/photos\/NaxA1dH_JGg\/download?ixid=M3w3Mzg4NTh8MHwxfHJhbmRvbXx8fHx8fHx8fDE3NDQ4Nzg0MzZ8"},"likes":42,"liked_by_user":false,"current_user_collections":[],"sponsorship":null,"topic_submissions":{"people":{"status":"rejected"}},"asset_type":"photo","user":{"id":"ku-2dMjI2So","updated_at":"2024-12-04T01:19:54Z","username":"hitthetrailjack","name":"Caleb Jack","first_name":"Caleb","last_name":"Jack","twitter_username":null,"portfolio_url":"https:\/\/www.youtube.com\/channel\/UC-n5bJ_FySyQg7YW9p9fazg","bio":"Long distance hiker - PCT 2023\r\nLandscape, Wildlife, Street, Photography  Canon 90D","location":"Denver CO","links":{"self":"https:\/\/api.unsplash.com\/users\/hitthetrailjack","html":"https:\/\/unsplash.com\/@hitthetrailjack","photos":"https:\/\/api.unsplash.com\/users\/hitthetrailjack\/photos","likes":"https:\/\/api.unsplash.com\/users\/hitthetrailjack\/likes","portfolio":"https:\/\/api.unsplash.com\/users\/hitthetrailjack\/portfolio","following":"https:\/\/api.unsplash.com\/users\/hitthetrailjack\/following","followers":"https:\/\/api.unsplash.com\/users\/hitthetrailjack\/followers"},"profile_image":{"small":"https:\/\/images.unsplash.com\/profile-1671346806136-dbf09728f129image?ixlib=rb-4.0.3&crop=faces&fit=crop&w=32&h=32","medium":"https:\/\/images.unsplash.com\/profile-1671346806136-dbf09728f129image?ixlib=rb-4.0.3&crop=faces&fit=crop&w=64&h=64","large":"https:\/\/images.unsplash.com\/profile-1671346806136-dbf09728f129image?ixlib=rb-4.0.3&crop=faces&fit=crop&w=128&h=128"},"instagram_username":"hit_the_trail_jack","total_collections":7,"total_likes":2,"total_photos":203,"total_promoted_photos":1,"total_illustrations":0,"total_promoted_illustrations":0,"accepted_tos":true,"for_hire":false,"social":{"instagram_username":"hit_the_trail_jack","portfolio_url":"https:\/\/www.youtube.com\/channel\/UC-n5bJ_FySyQg7YW9p9fazg","twitter_username":null,"paypal_email":null}},"exif":{"make":"Canon","model":" EOS 90D","name":"Canon, EOS 90D","exposure_time":"1\/60","aperture":"4.0","focal_length":"24.0","iso":800},"location":{"name":"Tokyo, Japan","city":null,"country":"Japan","position":{"latitude":35.676192,"longitude":139.650311}},"meta":{"index":true},"public_domain":false,"tags":[{"type":"search","title":"japan"},{"type":"search","title":"tokyo"},{"type":"search","title":"silhouette"},{"type":"search","title":"christmas lights"},{"type":"search","title":"patterns"},{"type":"search","title":"lights"},{"type":"search","title":"lights background"},{"type":"search","title":"shadow person"},{"type":"search","title":"teamlab borderless"},{"type":"search","title":"crystal light"},{"type":"search","title":"person from back"},{"type":"search","title":"art"},{"type":"search","title":"man"},{"type":"search","title":"light"},{"type":"search","title":"adult"},{"type":"search","title":"male"},{"type":"search","title":"lighting"},{"type":"search","title":"walking"}],"views":78472,"downloads":1320,"topics":[]}
DEBUG - 2025-04-17 08:27:16 --> No valid image found for category "Cybersecurity"
DEBUG - 2025-04-17 08:27:16 --> Fetched Image URL for category Cybersecurity: default-image.jpg
DEBUG - 2025-04-17 08:27:16 --> No valid image found for category Cybersecurity
DEBUG - 2025-04-17 08:27:51 --> Session: Class initialized using 'CodeIgniter\Session\Handlers\FileHandler' driver.
WARNING - 2025-04-17 08:27:51 --> [DEPRECATED] Passing lowercase HTTP method "get" is deprecated. Use uppercase HTTP method like "GET". in SYSTEMPATH\Router\RouteCollection.php on line 1026.
 1 SYSTEMPATH\Router\RouteCollection.php(1026): trigger_error('Passing lowercase HTTP method "get" is deprecated. Use uppercase HTTP method like "GET".', 16384)
 2 APPPATH\Config\Routes.php(82): CodeIgniter\Router\RouteCollection->match([...], 'user/edit', 'User\\UserController::editProfile')
 3 SYSTEMPATH\Router\RouteCollection.php(339): require('C:\\wamp64\\www\\ci-learn_affix\\app\\Config\\Routes.php')
 4 SYSTEMPATH\CodeIgniter.php(821): CodeIgniter\Router\RouteCollection->loadRoutes()
 5 SYSTEMPATH\CodeIgniter.php(455): CodeIgniter\CodeIgniter->tryToRouteIt(null)
 6 SYSTEMPATH\CodeIgniter.php(354): CodeIgniter\CodeIgniter->handleRequest(null, Object(Config\Cache), false)
 7 SYSTEMPATH\Boot.php(334): CodeIgniter\CodeIgniter->run()
 8 SYSTEMPATH\Boot.php(67): CodeIgniter\Boot::runCodeIgniter(Object(CodeIgniter\CodeIgniter))
 9 FCPATH\index.php(56): CodeIgniter\Boot::bootWeb(Object(Config\Paths))
WARNING - 2025-04-17 08:27:51 --> [DEPRECATED] Passing lowercase HTTP method "post" is deprecated. Use uppercase HTTP method like "POST". in SYSTEMPATH\Router\RouteCollection.php on line 1026.
 1 SYSTEMPATH\Router\RouteCollection.php(1026): trigger_error('Passing lowercase HTTP method "post" is deprecated. Use uppercase HTTP method like "POST".', 16384)
 2 APPPATH\Config\Routes.php(82): CodeIgniter\Router\RouteCollection->match([...], 'user/edit', 'User\\UserController::editProfile')
 3 SYSTEMPATH\Router\RouteCollection.php(339): require('C:\\wamp64\\www\\ci-learn_affix\\app\\Config\\Routes.php')
 4 SYSTEMPATH\CodeIgniter.php(821): CodeIgniter\Router\RouteCollection->loadRoutes()
 5 SYSTEMPATH\CodeIgniter.php(455): CodeIgniter\CodeIgniter->tryToRouteIt(null)
 6 SYSTEMPATH\CodeIgniter.php(354): CodeIgniter\CodeIgniter->handleRequest(null, Object(Config\Cache), false)
 7 SYSTEMPATH\Boot.php(334): CodeIgniter\CodeIgniter->run()
 8 SYSTEMPATH\Boot.php(67): CodeIgniter\Boot::runCodeIgniter(Object(CodeIgniter\CodeIgniter))
 9 FCPATH\index.php(56): CodeIgniter\Boot::bootWeb(Object(Config\Paths))
DEBUG - 2025-04-17 08:27:54 --> Session: Class initialized using 'CodeIgniter\Session\Handlers\FileHandler' driver.
WARNING - 2025-04-17 08:27:54 --> [DEPRECATED] Passing lowercase HTTP method "get" is deprecated. Use uppercase HTTP method like "GET". in SYSTEMPATH\Router\RouteCollection.php on line 1026.
 1 SYSTEMPATH\Router\RouteCollection.php(1026): trigger_error('Passing lowercase HTTP method "get" is deprecated. Use uppercase HTTP method like "GET".', 16384)
 2 APPPATH\Config\Routes.php(82): CodeIgniter\Router\RouteCollection->match([...], 'user/edit', 'User\\UserController::editProfile')
 3 SYSTEMPATH\Router\RouteCollection.php(339): require('C:\\wamp64\\www\\ci-learn_affix\\app\\Config\\Routes.php')
 4 SYSTEMPATH\CodeIgniter.php(821): CodeIgniter\Router\RouteCollection->loadRoutes()
 5 SYSTEMPATH\CodeIgniter.php(455): CodeIgniter\CodeIgniter->tryToRouteIt(null)
 6 SYSTEMPATH\CodeIgniter.php(354): CodeIgniter\CodeIgniter->handleRequest(null, Object(Config\Cache), false)
 7 SYSTEMPATH\Boot.php(334): CodeIgniter\CodeIgniter->run()
 8 SYSTEMPATH\Boot.php(67): CodeIgniter\Boot::runCodeIgniter(Object(CodeIgniter\CodeIgniter))
 9 FCPATH\index.php(56): CodeIgniter\Boot::bootWeb(Object(Config\Paths))
WARNING - 2025-04-17 08:27:54 --> [DEPRECATED] Passing lowercase HTTP method "post" is deprecated. Use uppercase HTTP method like "POST". in SYSTEMPATH\Router\RouteCollection.php on line 1026.
 1 SYSTEMPATH\Router\RouteCollection.php(1026): trigger_error('Passing lowercase HTTP method "post" is deprecated. Use uppercase HTTP method like "POST".', 16384)
 2 APPPATH\Config\Routes.php(82): CodeIgniter\Router\RouteCollection->match([...], 'user/edit', 'User\\UserController::editProfile')
 3 SYSTEMPATH\Router\RouteCollection.php(339): require('C:\\wamp64\\www\\ci-learn_affix\\app\\Config\\Routes.php')
 4 SYSTEMPATH\CodeIgniter.php(821): CodeIgniter\Router\RouteCollection->loadRoutes()
 5 SYSTEMPATH\CodeIgniter.php(455): CodeIgniter\CodeIgniter->tryToRouteIt(null)
 6 SYSTEMPATH\CodeIgniter.php(354): CodeIgniter\CodeIgniter->handleRequest(null, Object(Config\Cache), false)
 7 SYSTEMPATH\Boot.php(334): CodeIgniter\CodeIgniter->run()
 8 SYSTEMPATH\Boot.php(67): CodeIgniter\Boot::runCodeIgniter(Object(CodeIgniter\CodeIgniter))
 9 FCPATH\index.php(56): CodeIgniter\Boot::bootWeb(Object(Config\Paths))
DEBUG - 2025-04-17 08:27:54 --> Session: Class initialized using 'CodeIgniter\Session\Handlers\FileHandler' driver.
WARNING - 2025-04-17 08:27:54 --> [DEPRECATED] Passing lowercase HTTP method "get" is deprecated. Use uppercase HTTP method like "GET". in SYSTEMPATH\Router\RouteCollection.php on line 1026.
 1 SYSTEMPATH\Router\RouteCollection.php(1026): trigger_error('Passing lowercase HTTP method "get" is deprecated. Use uppercase HTTP method like "GET".', 16384)
 2 APPPATH\Config\Routes.php(82): CodeIgniter\Router\RouteCollection->match([...], 'user/edit', 'User\\UserController::editProfile')
 3 SYSTEMPATH\Router\RouteCollection.php(339): require('C:\\wamp64\\www\\ci-learn_affix\\app\\Config\\Routes.php')
 4 SYSTEMPATH\CodeIgniter.php(821): CodeIgniter\Router\RouteCollection->loadRoutes()
 5 SYSTEMPATH\CodeIgniter.php(455): CodeIgniter\CodeIgniter->tryToRouteIt(null)
 6 SYSTEMPATH\CodeIgniter.php(354): CodeIgniter\CodeIgniter->handleRequest(null, Object(Config\Cache), false)
 7 SYSTEMPATH\Boot.php(334): CodeIgniter\CodeIgniter->run()
 8 SYSTEMPATH\Boot.php(67): CodeIgniter\Boot::runCodeIgniter(Object(CodeIgniter\CodeIgniter))
 9 FCPATH\index.php(56): CodeIgniter\Boot::bootWeb(Object(Config\Paths))
WARNING - 2025-04-17 08:27:54 --> [DEPRECATED] Passing lowercase HTTP method "post" is deprecated. Use uppercase HTTP method like "POST". in SYSTEMPATH\Router\RouteCollection.php on line 1026.
 1 SYSTEMPATH\Router\RouteCollection.php(1026): trigger_error('Passing lowercase HTTP method "post" is deprecated. Use uppercase HTTP method like "POST".', 16384)
 2 APPPATH\Config\Routes.php(82): CodeIgniter\Router\RouteCollection->match([...], 'user/edit', 'User\\UserController::editProfile')
 3 SYSTEMPATH\Router\RouteCollection.php(339): require('C:\\wamp64\\www\\ci-learn_affix\\app\\Config\\Routes.php')
 4 SYSTEMPATH\CodeIgniter.php(821): CodeIgniter\Router\RouteCollection->loadRoutes()
 5 SYSTEMPATH\CodeIgniter.php(455): CodeIgniter\CodeIgniter->tryToRouteIt(null)
 6 SYSTEMPATH\CodeIgniter.php(354): CodeIgniter\CodeIgniter->handleRequest(null, Object(Config\Cache), false)
 7 SYSTEMPATH\Boot.php(334): CodeIgniter\CodeIgniter->run()
 8 SYSTEMPATH\Boot.php(67): CodeIgniter\Boot::runCodeIgniter(Object(CodeIgniter\CodeIgniter))
 9 FCPATH\index.php(56): CodeIgniter\Boot::bootWeb(Object(Config\Paths))
DEBUG - 2025-04-17 08:28:02 --> Session: Class initialized using 'CodeIgniter\Session\Handlers\FileHandler' driver.
WARNING - 2025-04-17 08:28:02 --> [DEPRECATED] Passing lowercase HTTP method "get" is deprecated. Use uppercase HTTP method like "GET". in SYSTEMPATH\Router\RouteCollection.php on line 1026.
 1 SYSTEMPATH\Router\RouteCollection.php(1026): trigger_error('Passing lowercase HTTP method "get" is deprecated. Use uppercase HTTP method like "GET".', 16384)
 2 APPPATH\Config\Routes.php(82): CodeIgniter\Router\RouteCollection->match([...], 'user/edit', 'User\\UserController::editProfile')
 3 SYSTEMPATH\Router\RouteCollection.php(339): require('C:\\wamp64\\www\\ci-learn_affix\\app\\Config\\Routes.php')
 4 SYSTEMPATH\CodeIgniter.php(821): CodeIgniter\Router\RouteCollection->loadRoutes()
 5 SYSTEMPATH\CodeIgniter.php(455): CodeIgniter\CodeIgniter->tryToRouteIt(null)
 6 SYSTEMPATH\CodeIgniter.php(354): CodeIgniter\CodeIgniter->handleRequest(null, Object(Config\Cache), false)
 7 SYSTEMPATH\Boot.php(334): CodeIgniter\CodeIgniter->run()
 8 SYSTEMPATH\Boot.php(67): CodeIgniter\Boot::runCodeIgniter(Object(CodeIgniter\CodeIgniter))
 9 FCPATH\index.php(56): CodeIgniter\Boot::bootWeb(Object(Config\Paths))
WARNING - 2025-04-17 08:28:02 --> [DEPRECATED] Passing lowercase HTTP method "post" is deprecated. Use uppercase HTTP method like "POST". in SYSTEMPATH\Router\RouteCollection.php on line 1026.
 1 SYSTEMPATH\Router\RouteCollection.php(1026): trigger_error('Passing lowercase HTTP method "post" is deprecated. Use uppercase HTTP method like "POST".', 16384)
 2 APPPATH\Config\Routes.php(82): CodeIgniter\Router\RouteCollection->match([...], 'user/edit', 'User\\UserController::editProfile')
 3 SYSTEMPATH\Router\RouteCollection.php(339): require('C:\\wamp64\\www\\ci-learn_affix\\app\\Config\\Routes.php')
 4 SYSTEMPATH\CodeIgniter.php(821): CodeIgniter\Router\RouteCollection->loadRoutes()
 5 SYSTEMPATH\CodeIgniter.php(455): CodeIgniter\CodeIgniter->tryToRouteIt(null)
 6 SYSTEMPATH\CodeIgniter.php(354): CodeIgniter\CodeIgniter->handleRequest(null, Object(Config\Cache), false)
 7 SYSTEMPATH\Boot.php(334): CodeIgniter\CodeIgniter->run()
 8 SYSTEMPATH\Boot.php(67): CodeIgniter\Boot::runCodeIgniter(Object(CodeIgniter\CodeIgniter))
 9 FCPATH\index.php(56): CodeIgniter\Boot::bootWeb(Object(Config\Paths))
DEBUG - 2025-04-17 08:28:02 --> Session: Class initialized using 'CodeIgniter\Session\Handlers\FileHandler' driver.
DEBUG - 2025-04-17 08:28:03 --> Session: Class initialized using 'CodeIgniter\Session\Handlers\FileHandler' driver.
WARNING - 2025-04-17 08:28:03 --> [DEPRECATED] Passing lowercase HTTP method "get" is deprecated. Use uppercase HTTP method like "GET". in SYSTEMPATH\Router\RouteCollection.php on line 1026.
 1 SYSTEMPATH\Router\RouteCollection.php(1026): trigger_error('Passing lowercase HTTP method "get" is deprecated. Use uppercase HTTP method like "GET".', 16384)
 2 APPPATH\Config\Routes.php(82): CodeIgniter\Router\RouteCollection->match([...], 'user/edit', 'User\\UserController::editProfile')
 3 SYSTEMPATH\Router\RouteCollection.php(339): require('C:\\wamp64\\www\\ci-learn_affix\\app\\Config\\Routes.php')
 4 SYSTEMPATH\CodeIgniter.php(821): CodeIgniter\Router\RouteCollection->loadRoutes()
 5 SYSTEMPATH\CodeIgniter.php(455): CodeIgniter\CodeIgniter->tryToRouteIt(null)
 6 SYSTEMPATH\CodeIgniter.php(354): CodeIgniter\CodeIgniter->handleRequest(null, Object(Config\Cache), false)
 7 SYSTEMPATH\Boot.php(334): CodeIgniter\CodeIgniter->run()
 8 SYSTEMPATH\Boot.php(67): CodeIgniter\Boot::runCodeIgniter(Object(CodeIgniter\CodeIgniter))
 9 FCPATH\index.php(56): CodeIgniter\Boot::bootWeb(Object(Config\Paths))
WARNING - 2025-04-17 08:28:03 --> [DEPRECATED] Passing lowercase HTTP method "post" is deprecated. Use uppercase HTTP method like "POST". in SYSTEMPATH\Router\RouteCollection.php on line 1026.
 1 SYSTEMPATH\Router\RouteCollection.php(1026): trigger_error('Passing lowercase HTTP method "post" is deprecated. Use uppercase HTTP method like "POST".', 16384)
 2 APPPATH\Config\Routes.php(82): CodeIgniter\Router\RouteCollection->match([...], 'user/edit', 'User\\UserController::editProfile')
 3 SYSTEMPATH\Router\RouteCollection.php(339): require('C:\\wamp64\\www\\ci-learn_affix\\app\\Config\\Routes.php')
 4 SYSTEMPATH\CodeIgniter.php(821): CodeIgniter\Router\RouteCollection->loadRoutes()
 5 SYSTEMPATH\CodeIgniter.php(455): CodeIgniter\CodeIgniter->tryToRouteIt(null)
 6 SYSTEMPATH\CodeIgniter.php(354): CodeIgniter\CodeIgniter->handleRequest(null, Object(Config\Cache), false)
 7 SYSTEMPATH\Boot.php(334): CodeIgniter\CodeIgniter->run()
 8 SYSTEMPATH\Boot.php(67): CodeIgniter\Boot::runCodeIgniter(Object(CodeIgniter\CodeIgniter))
 9 FCPATH\index.php(56): CodeIgniter\Boot::bootWeb(Object(Config\Paths))
WARNING - 2025-04-17 08:33:26 --> [DEPRECATED] Passing lowercase HTTP method "get" is deprecated. Use uppercase HTTP method like "GET". in SYSTEMPATH\Router\RouteCollection.php on line 1026.
 1 SYSTEMPATH\Router\RouteCollection.php(1026): trigger_error('Passing lowercase HTTP method "get" is deprecated. Use uppercase HTTP method like "GET".', 16384)
 2 APPPATH\Config\Routes.php(82): CodeIgniter\Router\RouteCollection->match([...], 'user/edit', 'User\\UserController::editProfile')
 3 SYSTEMPATH\Router\RouteCollection.php(339): require('C:\\wamp64\\www\\ci-learn_affix\\app\\Config\\Routes.php')
 4 SYSTEMPATH\CLI\Console.php(41): CodeIgniter\Router\RouteCollection->loadRoutes()
 5 SYSTEMPATH\Boot.php(360): CodeIgniter\CLI\Console->run()
 6 SYSTEMPATH\Boot.php(104): CodeIgniter\Boot::runCommand(Object(CodeIgniter\CLI\Console))
 7 ROOTPATH\spark(84): CodeIgniter\Boot::bootSpark(Object(Config\Paths))
WARNING - 2025-04-17 08:33:26 --> [DEPRECATED] Passing lowercase HTTP method "post" is deprecated. Use uppercase HTTP method like "POST". in SYSTEMPATH\Router\RouteCollection.php on line 1026.
 1 SYSTEMPATH\Router\RouteCollection.php(1026): trigger_error('Passing lowercase HTTP method "post" is deprecated. Use uppercase HTTP method like "POST".', 16384)
 2 APPPATH\Config\Routes.php(82): CodeIgniter\Router\RouteCollection->match([...], 'user/edit', 'User\\UserController::editProfile')
 3 SYSTEMPATH\Router\RouteCollection.php(339): require('C:\\wamp64\\www\\ci-learn_affix\\app\\Config\\Routes.php')
 4 SYSTEMPATH\CLI\Console.php(41): CodeIgniter\Router\RouteCollection->loadRoutes()
 5 SYSTEMPATH\Boot.php(360): CodeIgniter\CLI\Console->run()
 6 SYSTEMPATH\Boot.php(104): CodeIgniter\Boot::runCommand(Object(CodeIgniter\CLI\Console))
 7 ROOTPATH\spark(84): CodeIgniter\Boot::bootSpark(Object(Config\Paths))
WARNING - 2025-04-17 08:42:54 --> [DEPRECATED] Passing lowercase HTTP method "get" is deprecated. Use uppercase HTTP method like "GET". in SYSTEMPATH\Router\RouteCollection.php on line 1026.
 1 SYSTEMPATH\Router\RouteCollection.php(1026): trigger_error('Passing lowercase HTTP method "get" is deprecated. Use uppercase HTTP method like "GET".', 16384)
 2 APPPATH\Config\Routes.php(82): CodeIgniter\Router\RouteCollection->match([...], 'user/edit', 'User\\UserController::editProfile')
 3 SYSTEMPATH\Router\RouteCollection.php(339): require('C:\\wamp64\\www\\ci-learn_affix\\app\\Config\\Routes.php')
 4 SYSTEMPATH\CLI\Console.php(41): CodeIgniter\Router\RouteCollection->loadRoutes()
 5 SYSTEMPATH\Boot.php(360): CodeIgniter\CLI\Console->run()
 6 SYSTEMPATH\Boot.php(104): CodeIgniter\Boot::runCommand(Object(CodeIgniter\CLI\Console))
 7 ROOTPATH\spark(84): CodeIgniter\Boot::bootSpark(Object(Config\Paths))
WARNING - 2025-04-17 08:42:54 --> [DEPRECATED] Passing lowercase HTTP method "post" is deprecated. Use uppercase HTTP method like "POST". in SYSTEMPATH\Router\RouteCollection.php on line 1026.
 1 SYSTEMPATH\Router\RouteCollection.php(1026): trigger_error('Passing lowercase HTTP method "post" is deprecated. Use uppercase HTTP method like "POST".', 16384)
 2 APPPATH\Config\Routes.php(82): CodeIgniter\Router\RouteCollection->match([...], 'user/edit', 'User\\UserController::editProfile')
 3 SYSTEMPATH\Router\RouteCollection.php(339): require('C:\\wamp64\\www\\ci-learn_affix\\app\\Config\\Routes.php')
 4 SYSTEMPATH\CLI\Console.php(41): CodeIgniter\Router\RouteCollection->loadRoutes()
 5 SYSTEMPATH\Boot.php(360): CodeIgniter\CLI\Console->run()
 6 SYSTEMPATH\Boot.php(104): CodeIgniter\Boot::runCommand(Object(CodeIgniter\CLI\Console))
 7 ROOTPATH\spark(84): CodeIgniter\Boot::bootSpark(Object(Config\Paths))
WARNING - 2025-04-17 08:49:05 --> [DEPRECATED] Passing lowercase HTTP method "get" is deprecated. Use uppercase HTTP method like "GET". in SYSTEMPATH\Router\RouteCollection.php on line 1026.
 1 SYSTEMPATH\Router\RouteCollection.php(1026): trigger_error('Passing lowercase HTTP method "get" is deprecated. Use uppercase HTTP method like "GET".', 16384)
 2 APPPATH\Config\Routes.php(82): CodeIgniter\Router\RouteCollection->match([...], 'user/edit', 'User\\UserController::editProfile')
 3 SYSTEMPATH\Router\RouteCollection.php(339): require('C:\\wamp64\\www\\ci-learn_affix\\app\\Config\\Routes.php')
 4 SYSTEMPATH\CLI\Console.php(41): CodeIgniter\Router\RouteCollection->loadRoutes()
 5 SYSTEMPATH\Boot.php(360): CodeIgniter\CLI\Console->run()
 6 SYSTEMPATH\Boot.php(104): CodeIgniter\Boot::runCommand(Object(CodeIgniter\CLI\Console))
 7 ROOTPATH\spark(84): CodeIgniter\Boot::bootSpark(Object(Config\Paths))
WARNING - 2025-04-17 08:49:05 --> [DEPRECATED] Passing lowercase HTTP method "post" is deprecated. Use uppercase HTTP method like "POST". in SYSTEMPATH\Router\RouteCollection.php on line 1026.
 1 SYSTEMPATH\Router\RouteCollection.php(1026): trigger_error('Passing lowercase HTTP method "post" is deprecated. Use uppercase HTTP method like "POST".', 16384)
 2 APPPATH\Config\Routes.php(82): CodeIgniter\Router\RouteCollection->match([...], 'user/edit', 'User\\UserController::editProfile')
 3 SYSTEMPATH\Router\RouteCollection.php(339): require('C:\\wamp64\\www\\ci-learn_affix\\app\\Config\\Routes.php')
 4 SYSTEMPATH\CLI\Console.php(41): CodeIgniter\Router\RouteCollection->loadRoutes()
 5 SYSTEMPATH\Boot.php(360): CodeIgniter\CLI\Console->run()
 6 SYSTEMPATH\Boot.php(104): CodeIgniter\Boot::runCommand(Object(CodeIgniter\CLI\Console))
 7 ROOTPATH\spark(84): CodeIgniter\Boot::bootSpark(Object(Config\Paths))
WARNING - 2025-04-17 08:52:42 --> [DEPRECATED] Passing lowercase HTTP method "get" is deprecated. Use uppercase HTTP method like "GET". in SYSTEMPATH\Router\RouteCollection.php on line 1026.
 1 SYSTEMPATH\Router\RouteCollection.php(1026): trigger_error('Passing lowercase HTTP method "get" is deprecated. Use uppercase HTTP method like "GET".', 16384)
 2 APPPATH\Config\Routes.php(82): CodeIgniter\Router\RouteCollection->match([...], 'user/edit', 'User\\UserController::editProfile')
 3 SYSTEMPATH\Router\RouteCollection.php(339): require('C:\\wamp64\\www\\ci-learn_affix\\app\\Config\\Routes.php')
 4 SYSTEMPATH\CLI\Console.php(41): CodeIgniter\Router\RouteCollection->loadRoutes()
 5 SYSTEMPATH\Boot.php(360): CodeIgniter\CLI\Console->run()
 6 SYSTEMPATH\Boot.php(104): CodeIgniter\Boot::runCommand(Object(CodeIgniter\CLI\Console))
 7 ROOTPATH\spark(84): CodeIgniter\Boot::bootSpark(Object(Config\Paths))
WARNING - 2025-04-17 08:52:42 --> [DEPRECATED] Passing lowercase HTTP method "post" is deprecated. Use uppercase HTTP method like "POST". in SYSTEMPATH\Router\RouteCollection.php on line 1026.
 1 SYSTEMPATH\Router\RouteCollection.php(1026): trigger_error('Passing lowercase HTTP method "post" is deprecated. Use uppercase HTTP method like "POST".', 16384)
 2 APPPATH\Config\Routes.php(82): CodeIgniter\Router\RouteCollection->match([...], 'user/edit', 'User\\UserController::editProfile')
 3 SYSTEMPATH\Router\RouteCollection.php(339): require('C:\\wamp64\\www\\ci-learn_affix\\app\\Config\\Routes.php')
 4 SYSTEMPATH\CLI\Console.php(41): CodeIgniter\Router\RouteCollection->loadRoutes()
 5 SYSTEMPATH\Boot.php(360): CodeIgniter\CLI\Console->run()
 6 SYSTEMPATH\Boot.php(104): CodeIgniter\Boot::runCommand(Object(CodeIgniter\CLI\Console))
 7 ROOTPATH\spark(84): CodeIgniter\Boot::bootSpark(Object(Config\Paths))
DEBUG - 2025-04-17 08:55:54 --> Session: Class initialized using 'CodeIgniter\Session\Handlers\FileHandler' driver.
WARNING - 2025-04-17 08:55:54 --> [DEPRECATED] Passing lowercase HTTP method "get" is deprecated. Use uppercase HTTP method like "GET". in SYSTEMPATH\Router\RouteCollection.php on line 1026.
 1 SYSTEMPATH\Router\RouteCollection.php(1026): trigger_error('Passing lowercase HTTP method "get" is deprecated. Use uppercase HTTP method like "GET".', 16384)
 2 APPPATH\Config\Routes.php(82): CodeIgniter\Router\RouteCollection->match([...], 'user/edit', 'User\\UserController::editProfile')
 3 SYSTEMPATH\Router\RouteCollection.php(339): require('C:\\wamp64\\www\\ci-learn_affix\\app\\Config\\Routes.php')
 4 SYSTEMPATH\CodeIgniter.php(821): CodeIgniter\Router\RouteCollection->loadRoutes()
 5 SYSTEMPATH\CodeIgniter.php(455): CodeIgniter\CodeIgniter->tryToRouteIt(null)
 6 SYSTEMPATH\CodeIgniter.php(354): CodeIgniter\CodeIgniter->handleRequest(null, Object(Config\Cache), false)
 7 SYSTEMPATH\Boot.php(334): CodeIgniter\CodeIgniter->run()
 8 SYSTEMPATH\Boot.php(67): CodeIgniter\Boot::runCodeIgniter(Object(CodeIgniter\CodeIgniter))
 9 FCPATH\index.php(56): CodeIgniter\Boot::bootWeb(Object(Config\Paths))
WARNING - 2025-04-17 08:55:54 --> [DEPRECATED] Passing lowercase HTTP method "post" is deprecated. Use uppercase HTTP method like "POST". in SYSTEMPATH\Router\RouteCollection.php on line 1026.
 1 SYSTEMPATH\Router\RouteCollection.php(1026): trigger_error('Passing lowercase HTTP method "post" is deprecated. Use uppercase HTTP method like "POST".', 16384)
 2 APPPATH\Config\Routes.php(82): CodeIgniter\Router\RouteCollection->match([...], 'user/edit', 'User\\UserController::editProfile')
 3 SYSTEMPATH\Router\RouteCollection.php(339): require('C:\\wamp64\\www\\ci-learn_affix\\app\\Config\\Routes.php')
 4 SYSTEMPATH\CodeIgniter.php(821): CodeIgniter\Router\RouteCollection->loadRoutes()
 5 SYSTEMPATH\CodeIgniter.php(455): CodeIgniter\CodeIgniter->tryToRouteIt(null)
 6 SYSTEMPATH\CodeIgniter.php(354): CodeIgniter\CodeIgniter->handleRequest(null, Object(Config\Cache), false)
 7 SYSTEMPATH\Boot.php(334): CodeIgniter\CodeIgniter->run()
 8 SYSTEMPATH\Boot.php(67): CodeIgniter\Boot::runCodeIgniter(Object(CodeIgniter\CodeIgniter))
 9 FCPATH\index.php(56): CodeIgniter\Boot::bootWeb(Object(Config\Paths))
DEBUG - 2025-04-17 08:55:55 --> Unsplash API Response for category "Programming": {"id":"lCwwN8VAnGs","slug":"two-black-and-white-wireless-keyboards-lCwwN8VAnGs","alternative_slugs":{"en":"two-black-and-white-wireless-keyboards-lCwwN8VAnGs","es":"dos-teclados-inalambricos-en-blanco-y-negro-lCwwN8VAnGs","ja":"\u767d\u9ed2\u30ef\u30a4\u30e4\u30ec\u30b9\u30ad\u30fc\u30dc\u30fc\u30c92\u53f0-lCwwN8VAnGs","fr":"deux-claviers-sans-fil-noir-et-blanc-lCwwN8VAnGs","it":"due-tastiere-wireless-bianche-e-nere-lCwwN8VAnGs","ko":"\ud751\ubc31-\ubb34\uc120-\ud0a4\ubcf4\ub4dc-2\uac1c-lCwwN8VAnGs","de":"zwei-kabellose-tastaturen-in-schwarz-und-weiss-lCwwN8VAnGs","pt":"dois-teclados-sem-fio-em-preto-e-branco-lCwwN8VAnGs"},"created_at":"2019-07-02T13:59:28Z","updated_at":"2025-04-17T06:19:04Z","promoted_at":"2019-07-03T06:42:29Z","width":4176,"height":2784,"color":"#f3f3f3","blur_hash":"LZPs#CM{~q%MxuxuofIU_3j[9Fay","description":null,"alt_description":"two black and white wireless keyboards","breadcrumbs":[],"urls":{"raw":"https:\/\/images.unsplash.com\/photo-1562075950-23ba332df71c?ixid=M3w3Mzg4NTh8MHwxfHJhbmRvbXx8fHx8fHx8fDE3NDQ4ODAxNTV8&ixlib=rb-4.0.3","full":"https:\/\/images.unsplash.com\/photo-1562075950-23ba332df71c?crop=entropy&cs=srgb&fm=jpg&ixid=M3w3Mzg4NTh8MHwxfHJhbmRvbXx8fHx8fHx8fDE3NDQ4ODAxNTV8&ixlib=rb-4.0.3&q=85","regular":"https:\/\/images.unsplash.com\/photo-1562075950-23ba332df71c?crop=entropy&cs=tinysrgb&fit=max&fm=jpg&ixid=M3w3Mzg4NTh8MHwxfHJhbmRvbXx8fHx8fHx8fDE3NDQ4ODAxNTV8&ixlib=rb-4.0.3&q=80&w=1080","small":"https:\/\/images.unsplash.com\/photo-1562075950-23ba332df71c?crop=entropy&cs=tinysrgb&fit=max&fm=jpg&ixid=M3w3Mzg4NTh8MHwxfHJhbmRvbXx8fHx8fHx8fDE3NDQ4ODAxNTV8&ixlib=rb-4.0.3&q=80&w=400","thumb":"https:\/\/images.unsplash.com\/photo-1562075950-23ba332df71c?crop=entropy&cs=tinysrgb&fit=max&fm=jpg&ixid=M3w3Mzg4NTh8MHwxfHJhbmRvbXx8fHx8fHx8fDE3NDQ4ODAxNTV8&ixlib=rb-4.0.3&q=80&w=200","small_s3":"https:\/\/s3.us-west-2.amazonaws.com\/images.unsplash.com\/small\/photo-1562075950-23ba332df71c"},"links":{"self":"https:\/\/api.unsplash.com\/photos\/two-black-and-white-wireless-keyboards-lCwwN8VAnGs","html":"https:\/\/unsplash.com\/photos\/two-black-and-white-wireless-keyboards-lCwwN8VAnGs","download":"https:\/\/unsplash.com\/photos\/lCwwN8VAnGs\/download?ixid=M3w3Mzg4NTh8MHwxfHJhbmRvbXx8fHx8fHx8fDE3NDQ4ODAxNTV8","download_location":"https:\/\/api.unsplash.com\/photos\/lCwwN8VAnGs\/download?ixid=M3w3Mzg4NTh8MHwxfHJhbmRvbXx8fHx8fHx8fDE3NDQ4ODAxNTV8"},"likes":109,"liked_by_user":false,"current_user_collections":[],"sponsorship":null,"topic_submissions":[],"asset_type":"photo","user":{"id":"GlwltSassCo","updated_at":"2025-04-09T01:20:15Z","username":"cg","name":"C. G.","first_name":"C.","last_name":"G.","twitter_username":null,"portfolio_url":null,"bio":"sometimes.","location":null,"links":{"self":"https:\/\/api.unsplash.com\/users\/cg","html":"https:\/\/unsplash.com\/@cg","photos":"https:\/\/api.unsplash.com\/users\/cg\/photos","likes":"https:\/\/api.unsplash.com\/users\/cg\/likes","portfolio":"https:\/\/api.unsplash.com\/users\/cg\/portfolio"},"profile_image":{"small":"https:\/\/images.unsplash.com\/profile-1622974424462-24454ec41690image?ixlib=rb-4.0.3&crop=faces&fit=crop&w=32&h=32","medium":"https:\/\/images.unsplash.com\/profile-1622974424462-24454ec41690image?ixlib=rb-4.0.3&crop=faces&fit=crop&w=64&h=64","large":"https:\/\/images.unsplash.com\/profile-1622974424462-24454ec41690image?ixlib=rb-4.0.3&crop=faces&fit=crop&w=128&h=128"},"instagram_username":"cristigoia","total_collections":1,"total_likes":100,"total_photos":30,"total_promoted_photos":4,"total_illustrations":0,"total_promoted_illustrations":0,"accepted_tos":true,"for_hire":false,"social":{"instagram_username":"cristigoia","portfolio_url":null,"twitter_username":null,"paypal_email":null}},"exif":{"make":"Canon","model":"Canon EOS R","name":"Canon, EOS R","exposure_time":"1\/20","aperture":"4.0","focal_length":"37.0","iso":800},"location":{"name":null,"city":null,"country":null,"position":{"latitude":null,"longitude":null}},"meta":{"index":true},"public_domain":false,"tags":[{"type":"search","title":"wallpaper"},{"type":"search","title":"office"},{"type":"search","title":"technology"},{"type":"search","title":"black"},{"type":"search","title":"programming"},{"type":"search","title":"design"},{"type":"search","title":"white"},{"type":"search","title":"apple"},{"type":"search","title":"digital"},{"type":"search","title":"minimal"},{"type":"search","title":"web"},{"type":"search","title":"keyboard"},{"type":"search","title":"write"},{"type":"search","title":"keys"},{"type":"search","title":"two"},{"type":"search","title":"cables"},{"type":"search","title":"type"},{"type":"search","title":"setup"},{"type":"search","title":"genesis"},{"type":"search","title":"computer"}],"views":1327779,"downloads":5451,"topics":[]}
DEBUG - 2025-04-17 08:55:55 --> No valid image found for category "Programming"
DEBUG - 2025-04-17 08:55:55 --> Fetched Image URL for category Programming: default-image.jpg
DEBUG - 2025-04-17 08:55:55 --> No valid image found for category Programming
DEBUG - 2025-04-17 08:55:56 --> Unsplash API Response for category "AI & Video": {"id":"Uz1da04pxcU","slug":"a-man-wearing-headphones-and-holding-a-camera-Uz1da04pxcU","alternative_slugs":{"en":"a-man-wearing-headphones-and-holding-a-camera-Uz1da04pxcU","es":"un-hombre-con-auriculares-y-sosteniendo-una-camara-Uz1da04pxcU","ja":"\u30d8\u30c3\u30c9\u30d5\u30a9\u30f3\u3092\u88c5\u7740\u3057\u30ab\u30e1\u30e9\u3092\u69cb\u3048\u308b\u7537\u6027-Uz1da04pxcU","fr":"un-homme-portant-des-ecouteurs-et-tenant-un-appareil-photo-Uz1da04pxcU","it":"un-uomo-che-indossa-le-cuffie-e-tiene-in-mano-una-macchina-fotografica-Uz1da04pxcU","ko":"\ud5e4\ub4dc\ud3f0\uc744-\ub07c\uace0-\uce74\uba54\ub77c\ub97c-\ub4e4\uace0-\uc788\ub294-\ub0a8\uc790-Uz1da04pxcU","de":"ein-mann-mit-kopfhorern-und-einer-kamera-in-der-hand-Uz1da04pxcU","pt":"um-homem-usando-fones-de-ouvido-e-segurando-uma-camera-Uz1da04pxcU"},"created_at":"2023-12-03T07:32:43Z","updated_at":"2025-04-17T07:56:52Z","promoted_at":null,"width":3620,"height":5171,"color":"#404040","blur_hash":"LSD]VitRozMx~qt7ofae?vxtf5Rk","description":null,"alt_description":"a man wearing headphones and holding a camera","breadcrumbs":[],"urls":{"raw":"https:\/\/images.unsplash.com\/photo-1701588732567-223deaa9a3b7?ixid=M3w3Mzg4NTh8MHwxfHJhbmRvbXx8fHx8fHx8fDE3NDQ4ODAxNTZ8&ixlib=rb-4.0.3","full":"https:\/\/images.unsplash.com\/photo-1701588732567-223deaa9a3b7?crop=entropy&cs=srgb&fm=jpg&ixid=M3w3Mzg4NTh8MHwxfHJhbmRvbXx8fHx8fHx8fDE3NDQ4ODAxNTZ8&ixlib=rb-4.0.3&q=85","regular":"https:\/\/images.unsplash.com\/photo-1701588732567-223deaa9a3b7?crop=entropy&cs=tinysrgb&fit=max&fm=jpg&ixid=M3w3Mzg4NTh8MHwxfHJhbmRvbXx8fHx8fHx8fDE3NDQ4ODAxNTZ8&ixlib=rb-4.0.3&q=80&w=1080","small":"https:\/\/images.unsplash.com\/photo-1701588732567-223deaa9a3b7?crop=entropy&cs=tinysrgb&fit=max&fm=jpg&ixid=M3w3Mzg4NTh8MHwxfHJhbmRvbXx8fHx8fHx8fDE3NDQ4ODAxNTZ8&ixlib=rb-4.0.3&q=80&w=400","thumb":"https:\/\/images.unsplash.com\/photo-1701588732567-223deaa9a3b7?crop=entropy&cs=tinysrgb&fit=max&fm=jpg&ixid=M3w3Mzg4NTh8MHwxfHJhbmRvbXx8fHx8fHx8fDE3NDQ4ODAxNTZ8&ixlib=rb-4.0.3&q=80&w=200","small_s3":"https:\/\/s3.us-west-2.amazonaws.com\/images.unsplash.com\/small\/photo-1701588732567-223deaa9a3b7"},"links":{"self":"https:\/\/api.unsplash.com\/photos\/a-man-wearing-headphones-and-holding-a-camera-Uz1da04pxcU","html":"https:\/\/unsplash.com\/photos\/a-man-wearing-headphones-and-holding-a-camera-Uz1da04pxcU","download":"https:\/\/unsplash.com\/photos\/Uz1da04pxcU\/download?ixid=M3w3Mzg4NTh8MHwxfHJhbmRvbXx8fHx8fHx8fDE3NDQ4ODAxNTZ8","download_location":"https:\/\/api.unsplash.com\/photos\/Uz1da04pxcU\/download?ixid=M3w3Mzg4NTh8MHwxfHJhbmRvbXx8fHx8fHx8fDE3NDQ4ODAxNTZ8"},"likes":0,"liked_by_user":false,"current_user_collections":[],"sponsorship":null,"topic_submissions":[],"asset_type":"photo","user":{"id":"JZDjJVsn7oI","updated_at":"2024-10-11T00:28:38Z","username":"josephhershmedia1","name":"JosephHershMedia","first_name":"JosephHershMedia","last_name":null,"twitter_username":null,"portfolio_url":null,"bio":"Photography, Videography, Promotional & Social Media Video","location":"Waco Tx","links":{"self":"https:\/\/api.unsplash.com\/users\/josephhershmedia1","html":"https:\/\/unsplash.com\/@josephhershmedia1","photos":"https:\/\/api.unsplash.com\/users\/josephhershmedia1\/photos","likes":"https:\/\/api.unsplash.com\/users\/josephhershmedia1\/likes","portfolio":"https:\/\/api.unsplash.com\/users\/josephhershmedia1\/portfolio","following":"https:\/\/api.unsplash.com\/users\/josephhershmedia1\/following","followers":"https:\/\/api.unsplash.com\/users\/josephhershmedia1\/followers"},"profile_image":{"small":"https:\/\/images.unsplash.com\/profile-1700078993010-7acb1d81d4cfimage?ixlib=rb-4.0.3&crop=faces&fit=crop&w=32&h=32","medium":"https:\/\/images.unsplash.com\/profile-1700078993010-7acb1d81d4cfimage?ixlib=rb-4.0.3&crop=faces&fit=crop&w=64&h=64","large":"https:\/\/images.unsplash.com\/profile-1700078993010-7acb1d81d4cfimage?ixlib=rb-4.0.3&crop=faces&fit=crop&w=128&h=128"},"instagram_username":null,"total_collections":4,"total_likes":84,"total_photos":46,"total_promoted_photos":0,"total_illustrations":0,"total_promoted_illustrations":0,"accepted_tos":true,"for_hire":true,"social":{"instagram_username":null,"portfolio_url":null,"twitter_username":null,"paypal_email":null}},"exif":{"make":"NIKON CORPORATION","model":"NIKON Z 6_2","name":"NIKON CORPORATION, NIKON Z 6_2","exposure_time":"1\/160","aperture":"2.8","focal_length":"90.0","iso":400},"location":{"name":null,"city":null,"country":null,"position":{"latitude":0,"longitude":0}},"meta":{"index":true},"public_domain":false,"tags":[{"type":"search","title":"portrait"},{"type":"search","title":"people"},{"type":"search","title":"sunset"},{"type":"search","title":"sun"},{"type":"search","title":"video"},{"type":"search","title":"camera"},{"type":"search","title":"shadow"},{"type":"search","title":"cowboy"},{"type":"search","title":"hat"},{"type":"search","title":"jacket"},{"type":"search","title":"video camera"},{"type":"search","title":"coat"},{"type":"search","title":"camcorder"},{"type":"search","title":"photo"},{"type":"search","title":"man"},{"type":"search","title":"human"},{"type":"search","title":"face"},{"type":"search","title":"grey"},{"type":"search","title":"adult"},{"type":"search","title":"photography"}],"views":65540,"downloads":318,"topics":[]}
DEBUG - 2025-04-17 08:55:56 --> No valid image found for category "AI & Video"
DEBUG - 2025-04-17 08:55:56 --> Fetched Image URL for category AI & Video: default-image.jpg
DEBUG - 2025-04-17 08:55:56 --> No valid image found for category AI & Video
DEBUG - 2025-04-17 08:55:57 --> Unsplash API Response for category "Cybersecurity": {"id":"vZJdYl5JVXY","slug":"person-using-laptop-vZJdYl5JVXY","alternative_slugs":{"en":"person-using-laptop-vZJdYl5JVXY","es":"persona-que-usa-la-computadora-portatil-vZJdYl5JVXY","ja":"\u30ce\u30fc\u30c8\u30d1\u30bd\u30b3\u30f3\u3092\u4f7f\u7528\u3057\u3066\u3044\u308b\u4eba-vZJdYl5JVXY","fr":"personne-utilisant-un-ordinateur-portable-vZJdYl5JVXY","it":"persona-che-utilizza-il-computer-portatile-vZJdYl5JVXY","ko":"\ub178\ud2b8\ubd81\uc744-\uc0ac\uc6a9\ud558\ub294-\uc0ac\ub78c-vZJdYl5JVXY","de":"person-die-laptop-benutzt-vZJdYl5JVXY","pt":"pessoa-usando-laptop-vZJdYl5JVXY"},"created_at":"2017-10-23T17:47:43Z","updated_at":"2025-04-17T08:39:49Z","promoted_at":"2017-10-24T11:53:54Z","width":5472,"height":3648,"color":"#262626","blur_hash":"LHBy~p-p9Y%gD%t7%MM{0KM|sAMx","description":null,"alt_description":"person using laptop","breadcrumbs":[],"urls":{"raw":"https:\/\/images.unsplash.com\/photo-1508780709619-79562169bc64?ixid=M3w3Mzg4NTh8MHwxfHJhbmRvbXx8fHx8fHx8fDE3NDQ4ODAxNTd8&ixlib=rb-4.0.3","full":"https:\/\/images.unsplash.com\/photo-1508780709619-79562169bc64?crop=entropy&cs=srgb&fm=jpg&ixid=M3w3Mzg4NTh8MHwxfHJhbmRvbXx8fHx8fHx8fDE3NDQ4ODAxNTd8&ixlib=rb-4.0.3&q=85","regular":"https:\/\/images.unsplash.com\/photo-1508780709619-79562169bc64?crop=entropy&cs=tinysrgb&fit=max&fm=jpg&ixid=M3w3Mzg4NTh8MHwxfHJhbmRvbXx8fHx8fHx8fDE3NDQ4ODAxNTd8&ixlib=rb-4.0.3&q=80&w=1080","small":"https:\/\/images.unsplash.com\/photo-1508780709619-79562169bc64?crop=entropy&cs=tinysrgb&fit=max&fm=jpg&ixid=M3w3Mzg4NTh8MHwxfHJhbmRvbXx8fHx8fHx8fDE3NDQ4ODAxNTd8&ixlib=rb-4.0.3&q=80&w=400","thumb":"https:\/\/images.unsplash.com\/photo-1508780709619-79562169bc64?crop=entropy&cs=tinysrgb&fit=max&fm=jpg&ixid=M3w3Mzg4NTh8MHwxfHJhbmRvbXx8fHx8fHx8fDE3NDQ4ODAxNTd8&ixlib=rb-4.0.3&q=80&w=200","small_s3":"https:\/\/s3.us-west-2.amazonaws.com\/images.unsplash.com\/small\/photo-1508780709619-79562169bc64"},"links":{"self":"https:\/\/api.unsplash.com\/photos\/person-using-laptop-vZJdYl5JVXY","html":"https:\/\/unsplash.com\/photos\/person-using-laptop-vZJdYl5JVXY","download":"https:\/\/unsplash.com\/photos\/vZJdYl5JVXY\/download?ixid=M3w3Mzg4NTh8MHwxfHJhbmRvbXx8fHx8fHx8fDE3NDQ4ODAxNTd8","download_location":"https:\/\/api.unsplash.com\/photos\/vZJdYl5JVXY\/download?ixid=M3w3Mzg4NTh8MHwxfHJhbmRvbXx8fHx8fHx8fDE3NDQ4ODAxNTd8"},"likes":2784,"liked_by_user":false,"current_user_collections":[],"sponsorship":null,"topic_submissions":{"business-work":{"status":"approved","approved_on":"2020-04-06T14:20:15Z"}},"asset_type":"photo","user":{"id":"PDUW14u1bB4","updated_at":"2024-10-10T23:28:49Z","username":"kaitlynbaker","name":"Kaitlyn Baker","first_name":"Kaitlyn","last_name":"Baker","twitter_username":null,"portfolio_url":"http:\/\/kaitlynbaker.co","bio":"full time graphic designer | free time photographer | @kvitlynb","location":"Washington, DC","links":{"self":"https:\/\/api.unsplash.com\/users\/kaitlynbaker","html":"https:\/\/unsplash.com\/@kaitlynbaker","photos":"https:\/\/api.unsplash.com\/users\/kaitlynbaker\/photos","likes":"https:\/\/api.unsplash.com\/users\/kaitlynbaker\/likes","portfolio":"https:\/\/api.unsplash.com\/users\/kaitlynbaker\/portfolio","following":"https:\/\/api.unsplash.com\/users\/kaitlynbaker\/following","followers":"https:\/\/api.unsplash.com\/users\/kaitlynbaker\/followers"},"profile_image":{"small":"https:\/\/images.unsplash.com\/profile-1493129036515-9364765b62e6?ixlib=rb-4.0.3&crop=faces&fit=crop&w=32&h=32","medium":"https:\/\/images.unsplash.com\/profile-1493129036515-9364765b62e6?ixlib=rb-4.0.3&crop=faces&fit=crop&w=64&h=64","large":"https:\/\/images.unsplash.com\/profile-1493129036515-9364765b62e6?ixlib=rb-4.0.3&crop=faces&fit=crop&w=128&h=128"},"instagram_username":"kvitlynb","total_collections":0,"total_likes":0,"total_photos":18,"total_promoted_photos":4,"total_illustrations":0,"total_promoted_illustrations":0,"accepted_tos":false,"for_hire":false,"social":{"instagram_username":"kvitlynb","portfolio_url":"http:\/\/kaitlynbaker.co","twitter_username":null,"paypal_email":null}},"exif":{"make":"Canon","model":"Canon EOS 6D","name":"Canon, EOS 6D","exposure_time":"1\/125","aperture":"2.0","focal_length":"85.0","iso":200},"location":{"name":"Washington, United States","city":"Washington","country":"United States","position":{"latitude":38.9071923,"longitude":-77.0368707}},"meta":{"index":true},"public_domain":false,"tags":[{"type":"search","title":"technology"},{"type":"search","title":"computer"},{"type":"search","title":"laptop"},{"type":"search","title":"tech"},{"type":"search","title":"work"},{"type":"search","title":"female"},{"type":"search","title":"apple"},{"type":"search","title":"hand"},{"type":"search","title":"working"},{"type":"search","title":"macbook"},{"type":"search","title":"keyboard"},{"type":"search","title":"mac"},{"type":"search","title":"writer"},{"type":"search","title":"key"},{"type":"search","title":"typing"},{"type":"search","title":"finger"},{"type":"search","title":"keys"},{"type":"landing_page","title":"blogging","source":{"ancestry":{"type":{"slug":"images","pretty_slug":"Images","redirect":null},"category":{"slug":"stock","pretty_slug":"Stock","redirect":null},"subcategory":{"slug":"blogging","pretty_slug":"Blogging","redirect":null}},"title":"Blogging Pictures","subtitle":"Download Free Blogging Images","description":"Choose from a curated selection of blogging photos. Every image can be used for free for both commercial and personal uses thanks to the Unsplash community's photographers.","redirect":null,"meta_title":"Best 500+ Blogging Pictures | Download Free Images on Unsplash","meta_description":"Download the perfect blogging pictures. Find over 100+ of the best free blogging images. Free for commercial use \u2713 No attribution required \u2713 Copyright-free \u2713","cover_photo":{"id":"3GZNPBLImWc","slug":"person-typing-on-laptop-computer-3GZNPBLImWc","alternative_slugs":{"en":"person-typing-on-laptop-computer-3GZNPBLImWc","es":"persona-escribiendo-en-una-computadora-portatil-3GZNPBLImWc","ja":"\u30ce\u30fc\u30c8\u30d1\u30bd\u30b3\u30f3\u3067\u30bf\u30a4\u30d4\u30f3\u30b0\u3059\u308b\u4eba-3GZNPBLImWc","fr":"personne-tapant-sur-un-ordinateur-portable-3GZNPBLImWc","it":"persona-che-digita-sul-computer-portatile-3GZNPBLImWc","ko":"\ub7a9\ud1b1-\ucef4\ud4e8\ud130\uc5d0\uc11c-\ud0c0\uc774\ud551\ud558\ub294-\uc0ac\ub78c-3GZNPBLImWc","de":"person-die-auf-einem-laptop-tippt-3GZNPBLImWc","pt":"pessoa-digitando-no-computador-portatil-3GZNPBLImWc"},"created_at":"2018-02-22T22:08:59Z","updated_at":"2025-04-12T12:08:13Z","promoted_at":null,"width":5184,"height":3456,"color":"#262626","blur_hash":"LQG8=m?aMww[tSWXRQRj4T%1%MkD","description":"type type type","alt_description":"person typing on laptop computer","breadcrumbs":[],"urls":{"raw":"https:\/\/images.unsplash.com\/photo-1519337265831-281ec6cc8514?ixlib=rb-4.0.3","full":"https:\/\/images.unsplash.com\/photo-1519337265831-281ec6cc8514?ixlib=rb-4.0.3&q=85&fm=jpg&crop=entropy&cs=srgb","regular":"https:\/\/images.unsplash.com\/photo-1519337265831-281ec6cc8514?ixlib=rb-4.0.3&q=80&fm=jpg&crop=entropy&cs=tinysrgb&w=1080&fit=max","small":"https:\/\/images.unsplash.com\/photo-1519337265831-281ec6cc8514?ixlib=rb-4.0.3&q=80&fm=jpg&crop=entropy&cs=tinysrgb&w=400&fit=max","thumb":"https:\/\/images.unsplash.com\/photo-1519337265831-281ec6cc8514?ixlib=rb-4.0.3&q=80&fm=jpg&crop=entropy&cs=tinysrgb&w=200&fit=max","small_s3":"https:\/\/s3.us-west-2.amazonaws.com\/images.unsplash.com\/small\/photo-1519337265831-281ec6cc8514"},"links":{"self":"https:\/\/api.unsplash.com\/photos\/person-typing-on-laptop-computer-3GZNPBLImWc","html":"https:\/\/unsplash.com\/photos\/person-typing-on-laptop-computer-3GZNPBLImWc","download":"https:\/\/unsplash.com\/photos\/3GZNPBLImWc\/download","download_location":"https:\/\/api.unsplash.com\/photos\/3GZNPBLImWc\/download"},"likes":271,"liked_by_user":false,"current_user_collections":[],"sponsorship":null,"topic_submissions":[],"asset_type":"photo","premium":false,"plus":false,"user":{"id":"hM8F-Tm5Sws","updated_at":"2025-03-20T22:19:49Z","username":"neonbrand","name":"Kenny Eliason","first_name":"Kenny","last_name":"Eliason","twitter_username":null,"portfolio_url":null,"bio":null,"location":"Las Vegas, NV","links":{"self":"https:\/\/api.unsplash.com\/users\/neonbrand","html":"https:\/\/unsplash.com\/@neonbrand","photos":"https:\/\/api.unsplash.com\/users\/neonbrand\/photos","likes":"https:\/\/api.unsplash.com\/users\/neonbrand\/likes","portfolio":"https:\/\/api.unsplash.com\/users\/neonbrand\/portfolio"},"profile_image":{"small":"https:\/\/images.unsplash.com\/profile-1649350394741-7e7e57558e7dimage?ixlib=rb-4.0.3&crop=faces&fit=crop&w=32&h=32","medium":"https:\/\/images.unsplash.com\/profile-1649350394741-7e7e57558e7dimage?ixlib=rb-4.0.3&crop=faces&fit=crop&w=64&h=64","large":"https:\/\/images.unsplash.com\/profile-1649350394741-7e7e57558e7dimage?ixlib=rb-4.0.3&crop=faces&fit=crop&w=128&h=128"},"instagram_username":null,"total_collections":2,"total_likes":164,"total_photos":683,"total_promoted_photos":91,"total_illustrations":0,"total_promoted_illustrations":0,"accepted_tos":true,"for_hire":false,"social":{"instagram_username":null,"portfolio_url":null,"twitter_username":null,"paypal_email":null}}},"affiliate_search_query":null}},{"type":"search","title":"blogger"},{"type":"search","title":"fingers"}],"views":63836043,"downloads":477498,"topics":[{"id":"aeu6rL-j6ew","title":"Business & Work","slug":"business-work","visibility":"visible"}]}
DEBUG - 2025-04-17 08:55:57 --> No valid image found for category "Cybersecurity"
DEBUG - 2025-04-17 08:55:57 --> Fetched Image URL for category Cybersecurity: default-image.jpg
DEBUG - 2025-04-17 08:55:57 --> No valid image found for category Cybersecurity
DEBUG - 2025-04-17 08:55:58 --> Session: Class initialized using 'CodeIgniter\Session\Handlers\FileHandler' driver.
WARNING - 2025-04-17 08:55:58 --> [DEPRECATED] Passing lowercase HTTP method "get" is deprecated. Use uppercase HTTP method like "GET". in SYSTEMPATH\Router\RouteCollection.php on line 1026.
 1 SYSTEMPATH\Router\RouteCollection.php(1026): trigger_error('Passing lowercase HTTP method "get" is deprecated. Use uppercase HTTP method like "GET".', 16384)
 2 APPPATH\Config\Routes.php(82): CodeIgniter\Router\RouteCollection->match([...], 'user/edit', 'User\\UserController::editProfile')
 3 SYSTEMPATH\Router\RouteCollection.php(339): require('C:\\wamp64\\www\\ci-learn_affix\\app\\Config\\Routes.php')
 4 SYSTEMPATH\CodeIgniter.php(821): CodeIgniter\Router\RouteCollection->loadRoutes()
 5 SYSTEMPATH\CodeIgniter.php(455): CodeIgniter\CodeIgniter->tryToRouteIt(null)
 6 SYSTEMPATH\CodeIgniter.php(354): CodeIgniter\CodeIgniter->handleRequest(null, Object(Config\Cache), false)
 7 SYSTEMPATH\Boot.php(334): CodeIgniter\CodeIgniter->run()
 8 SYSTEMPATH\Boot.php(67): CodeIgniter\Boot::runCodeIgniter(Object(CodeIgniter\CodeIgniter))
 9 FCPATH\index.php(56): CodeIgniter\Boot::bootWeb(Object(Config\Paths))
WARNING - 2025-04-17 08:55:58 --> [DEPRECATED] Passing lowercase HTTP method "post" is deprecated. Use uppercase HTTP method like "POST". in SYSTEMPATH\Router\RouteCollection.php on line 1026.
 1 SYSTEMPATH\Router\RouteCollection.php(1026): trigger_error('Passing lowercase HTTP method "post" is deprecated. Use uppercase HTTP method like "POST".', 16384)
 2 APPPATH\Config\Routes.php(82): CodeIgniter\Router\RouteCollection->match([...], 'user/edit', 'User\\UserController::editProfile')
 3 SYSTEMPATH\Router\RouteCollection.php(339): require('C:\\wamp64\\www\\ci-learn_affix\\app\\Config\\Routes.php')
 4 SYSTEMPATH\CodeIgniter.php(821): CodeIgniter\Router\RouteCollection->loadRoutes()
 5 SYSTEMPATH\CodeIgniter.php(455): CodeIgniter\CodeIgniter->tryToRouteIt(null)
 6 SYSTEMPATH\CodeIgniter.php(354): CodeIgniter\CodeIgniter->handleRequest(null, Object(Config\Cache), false)
 7 SYSTEMPATH\Boot.php(334): CodeIgniter\CodeIgniter->run()
 8 SYSTEMPATH\Boot.php(67): CodeIgniter\Boot::runCodeIgniter(Object(CodeIgniter\CodeIgniter))
 9 FCPATH\index.php(56): CodeIgniter\Boot::bootWeb(Object(Config\Paths))
DEBUG - 2025-04-17 08:55:58 --> Session: Class initialized using 'CodeIgniter\Session\Handlers\FileHandler' driver.
WARNING - 2025-04-17 08:55:58 --> [DEPRECATED] Passing lowercase HTTP method "get" is deprecated. Use uppercase HTTP method like "GET". in SYSTEMPATH\Router\RouteCollection.php on line 1026.
 1 SYSTEMPATH\Router\RouteCollection.php(1026): trigger_error('Passing lowercase HTTP method "get" is deprecated. Use uppercase HTTP method like "GET".', 16384)
 2 APPPATH\Config\Routes.php(82): CodeIgniter\Router\RouteCollection->match([...], 'user/edit', 'User\\UserController::editProfile')
 3 SYSTEMPATH\Router\RouteCollection.php(339): require('C:\\wamp64\\www\\ci-learn_affix\\app\\Config\\Routes.php')
 4 SYSTEMPATH\CodeIgniter.php(821): CodeIgniter\Router\RouteCollection->loadRoutes()
 5 SYSTEMPATH\CodeIgniter.php(455): CodeIgniter\CodeIgniter->tryToRouteIt(null)
 6 SYSTEMPATH\CodeIgniter.php(354): CodeIgniter\CodeIgniter->handleRequest(null, Object(Config\Cache), false)
 7 SYSTEMPATH\Boot.php(334): CodeIgniter\CodeIgniter->run()
 8 SYSTEMPATH\Boot.php(67): CodeIgniter\Boot::runCodeIgniter(Object(CodeIgniter\CodeIgniter))
 9 FCPATH\index.php(56): CodeIgniter\Boot::bootWeb(Object(Config\Paths))
WARNING - 2025-04-17 08:55:58 --> [DEPRECATED] Passing lowercase HTTP method "post" is deprecated. Use uppercase HTTP method like "POST". in SYSTEMPATH\Router\RouteCollection.php on line 1026.
 1 SYSTEMPATH\Router\RouteCollection.php(1026): trigger_error('Passing lowercase HTTP method "post" is deprecated. Use uppercase HTTP method like "POST".', 16384)
 2 APPPATH\Config\Routes.php(82): CodeIgniter\Router\RouteCollection->match([...], 'user/edit', 'User\\UserController::editProfile')
 3 SYSTEMPATH\Router\RouteCollection.php(339): require('C:\\wamp64\\www\\ci-learn_affix\\app\\Config\\Routes.php')
 4 SYSTEMPATH\CodeIgniter.php(821): CodeIgniter\Router\RouteCollection->loadRoutes()
 5 SYSTEMPATH\CodeIgniter.php(455): CodeIgniter\CodeIgniter->tryToRouteIt(null)
 6 SYSTEMPATH\CodeIgniter.php(354): CodeIgniter\CodeIgniter->handleRequest(null, Object(Config\Cache), false)
 7 SYSTEMPATH\Boot.php(334): CodeIgniter\CodeIgniter->run()
 8 SYSTEMPATH\Boot.php(67): CodeIgniter\Boot::runCodeIgniter(Object(CodeIgniter\CodeIgniter))
 9 FCPATH\index.php(56): CodeIgniter\Boot::bootWeb(Object(Config\Paths))
DEBUG - 2025-04-17 08:55:58 --> Session: Class initialized using 'CodeIgniter\Session\Handlers\FileHandler' driver.
WARNING - 2025-04-17 08:55:58 --> [DEPRECATED] Passing lowercase HTTP method "get" is deprecated. Use uppercase HTTP method like "GET". in SYSTEMPATH\Router\RouteCollection.php on line 1026.
 1 SYSTEMPATH\Router\RouteCollection.php(1026): trigger_error('Passing lowercase HTTP method "get" is deprecated. Use uppercase HTTP method like "GET".', 16384)
 2 APPPATH\Config\Routes.php(82): CodeIgniter\Router\RouteCollection->match([...], 'user/edit', 'User\\UserController::editProfile')
 3 SYSTEMPATH\Router\RouteCollection.php(339): require('C:\\wamp64\\www\\ci-learn_affix\\app\\Config\\Routes.php')
 4 SYSTEMPATH\CodeIgniter.php(821): CodeIgniter\Router\RouteCollection->loadRoutes()
 5 SYSTEMPATH\CodeIgniter.php(455): CodeIgniter\CodeIgniter->tryToRouteIt(null)
 6 SYSTEMPATH\CodeIgniter.php(354): CodeIgniter\CodeIgniter->handleRequest(null, Object(Config\Cache), false)
 7 SYSTEMPATH\Boot.php(334): CodeIgniter\CodeIgniter->run()
 8 SYSTEMPATH\Boot.php(67): CodeIgniter\Boot::runCodeIgniter(Object(CodeIgniter\CodeIgniter))
 9 FCPATH\index.php(56): CodeIgniter\Boot::bootWeb(Object(Config\Paths))
WARNING - 2025-04-17 08:55:58 --> [DEPRECATED] Passing lowercase HTTP method "post" is deprecated. Use uppercase HTTP method like "POST". in SYSTEMPATH\Router\RouteCollection.php on line 1026.
 1 SYSTEMPATH\Router\RouteCollection.php(1026): trigger_error('Passing lowercase HTTP method "post" is deprecated. Use uppercase HTTP method like "POST".', 16384)
 2 APPPATH\Config\Routes.php(82): CodeIgniter\Router\RouteCollection->match([...], 'user/edit', 'User\\UserController::editProfile')
 3 SYSTEMPATH\Router\RouteCollection.php(339): require('C:\\wamp64\\www\\ci-learn_affix\\app\\Config\\Routes.php')
 4 SYSTEMPATH\CodeIgniter.php(821): CodeIgniter\Router\RouteCollection->loadRoutes()
 5 SYSTEMPATH\CodeIgniter.php(455): CodeIgniter\CodeIgniter->tryToRouteIt(null)
 6 SYSTEMPATH\CodeIgniter.php(354): CodeIgniter\CodeIgniter->handleRequest(null, Object(Config\Cache), false)
 7 SYSTEMPATH\Boot.php(334): CodeIgniter\CodeIgniter->run()
 8 SYSTEMPATH\Boot.php(67): CodeIgniter\Boot::runCodeIgniter(Object(CodeIgniter\CodeIgniter))
 9 FCPATH\index.php(56): CodeIgniter\Boot::bootWeb(Object(Config\Paths))
DEBUG - 2025-04-17 08:55:59 --> Session: Class initialized using 'CodeIgniter\Session\Handlers\FileHandler' driver.
WARNING - 2025-04-17 08:55:59 --> [DEPRECATED] Passing lowercase HTTP method "get" is deprecated. Use uppercase HTTP method like "GET". in SYSTEMPATH\Router\RouteCollection.php on line 1026.
 1 SYSTEMPATH\Router\RouteCollection.php(1026): trigger_error('Passing lowercase HTTP method "get" is deprecated. Use uppercase HTTP method like "GET".', 16384)
 2 APPPATH\Config\Routes.php(82): CodeIgniter\Router\RouteCollection->match([...], 'user/edit', 'User\\UserController::editProfile')
 3 SYSTEMPATH\Router\RouteCollection.php(339): require('C:\\wamp64\\www\\ci-learn_affix\\app\\Config\\Routes.php')
 4 SYSTEMPATH\CodeIgniter.php(821): CodeIgniter\Router\RouteCollection->loadRoutes()
 5 SYSTEMPATH\CodeIgniter.php(455): CodeIgniter\CodeIgniter->tryToRouteIt(null)
 6 SYSTEMPATH\CodeIgniter.php(354): CodeIgniter\CodeIgniter->handleRequest(null, Object(Config\Cache), false)
 7 SYSTEMPATH\Boot.php(334): CodeIgniter\CodeIgniter->run()
 8 SYSTEMPATH\Boot.php(67): CodeIgniter\Boot::runCodeIgniter(Object(CodeIgniter\CodeIgniter))
 9 FCPATH\index.php(56): CodeIgniter\Boot::bootWeb(Object(Config\Paths))
WARNING - 2025-04-17 08:55:59 --> [DEPRECATED] Passing lowercase HTTP method "post" is deprecated. Use uppercase HTTP method like "POST". in SYSTEMPATH\Router\RouteCollection.php on line 1026.
 1 SYSTEMPATH\Router\RouteCollection.php(1026): trigger_error('Passing lowercase HTTP method "post" is deprecated. Use uppercase HTTP method like "POST".', 16384)
 2 APPPATH\Config\Routes.php(82): CodeIgniter\Router\RouteCollection->match([...], 'user/edit', 'User\\UserController::editProfile')
 3 SYSTEMPATH\Router\RouteCollection.php(339): require('C:\\wamp64\\www\\ci-learn_affix\\app\\Config\\Routes.php')
 4 SYSTEMPATH\CodeIgniter.php(821): CodeIgniter\Router\RouteCollection->loadRoutes()
 5 SYSTEMPATH\CodeIgniter.php(455): CodeIgniter\CodeIgniter->tryToRouteIt(null)
 6 SYSTEMPATH\CodeIgniter.php(354): CodeIgniter\CodeIgniter->handleRequest(null, Object(Config\Cache), false)
 7 SYSTEMPATH\Boot.php(334): CodeIgniter\CodeIgniter->run()
 8 SYSTEMPATH\Boot.php(67): CodeIgniter\Boot::runCodeIgniter(Object(CodeIgniter\CodeIgniter))
 9 FCPATH\index.php(56): CodeIgniter\Boot::bootWeb(Object(Config\Paths))
DEBUG - 2025-04-17 08:55:59 --> Session: Class initialized using 'CodeIgniter\Session\Handlers\FileHandler' driver.
DEBUG - 2025-04-17 08:55:59 --> Session: Class initialized using 'CodeIgniter\Session\Handlers\FileHandler' driver.
WARNING - 2025-04-17 08:56:00 --> [DEPRECATED] Passing lowercase HTTP method "get" is deprecated. Use uppercase HTTP method like "GET". in SYSTEMPATH\Router\RouteCollection.php on line 1026.
 1 SYSTEMPATH\Router\RouteCollection.php(1026): trigger_error('Passing lowercase HTTP method "get" is deprecated. Use uppercase HTTP method like "GET".', 16384)
 2 APPPATH\Config\Routes.php(82): CodeIgniter\Router\RouteCollection->match([...], 'user/edit', 'User\\UserController::editProfile')
 3 SYSTEMPATH\Router\RouteCollection.php(339): require('C:\\wamp64\\www\\ci-learn_affix\\app\\Config\\Routes.php')
 4 SYSTEMPATH\CodeIgniter.php(821): CodeIgniter\Router\RouteCollection->loadRoutes()
 5 SYSTEMPATH\CodeIgniter.php(455): CodeIgniter\CodeIgniter->tryToRouteIt(null)
 6 SYSTEMPATH\CodeIgniter.php(354): CodeIgniter\CodeIgniter->handleRequest(null, Object(Config\Cache), false)
 7 SYSTEMPATH\Boot.php(334): CodeIgniter\CodeIgniter->run()
 8 SYSTEMPATH\Boot.php(67): CodeIgniter\Boot::runCodeIgniter(Object(CodeIgniter\CodeIgniter))
 9 FCPATH\index.php(56): CodeIgniter\Boot::bootWeb(Object(Config\Paths))
WARNING - 2025-04-17 08:56:00 --> [DEPRECATED] Passing lowercase HTTP method "post" is deprecated. Use uppercase HTTP method like "POST". in SYSTEMPATH\Router\RouteCollection.php on line 1026.
 1 SYSTEMPATH\Router\RouteCollection.php(1026): trigger_error('Passing lowercase HTTP method "post" is deprecated. Use uppercase HTTP method like "POST".', 16384)
 2 APPPATH\Config\Routes.php(82): CodeIgniter\Router\RouteCollection->match([...], 'user/edit', 'User\\UserController::editProfile')
 3 SYSTEMPATH\Router\RouteCollection.php(339): require('C:\\wamp64\\www\\ci-learn_affix\\app\\Config\\Routes.php')
 4 SYSTEMPATH\CodeIgniter.php(821): CodeIgniter\Router\RouteCollection->loadRoutes()
 5 SYSTEMPATH\CodeIgniter.php(455): CodeIgniter\CodeIgniter->tryToRouteIt(null)
 6 SYSTEMPATH\CodeIgniter.php(354): CodeIgniter\CodeIgniter->handleRequest(null, Object(Config\Cache), false)
 7 SYSTEMPATH\Boot.php(334): CodeIgniter\CodeIgniter->run()
 8 SYSTEMPATH\Boot.php(67): CodeIgniter\Boot::runCodeIgniter(Object(CodeIgniter\CodeIgniter))
 9 FCPATH\index.php(56): CodeIgniter\Boot::bootWeb(Object(Config\Paths))
DEBUG - 2025-04-17 08:56:29 --> Session: Class initialized using 'CodeIgniter\Session\Handlers\FileHandler' driver.
WARNING - 2025-04-17 08:56:30 --> [DEPRECATED] Passing lowercase HTTP method "get" is deprecated. Use uppercase HTTP method like "GET". in SYSTEMPATH\Router\RouteCollection.php on line 1026.
 1 SYSTEMPATH\Router\RouteCollection.php(1026): trigger_error('Passing lowercase HTTP method "get" is deprecated. Use uppercase HTTP method like "GET".', 16384)
 2 APPPATH\Config\Routes.php(82): CodeIgniter\Router\RouteCollection->match([...], 'user/edit', 'User\\UserController::editProfile')
 3 SYSTEMPATH\Router\RouteCollection.php(339): require('C:\\wamp64\\www\\ci-learn_affix\\app\\Config\\Routes.php')
 4 SYSTEMPATH\CodeIgniter.php(821): CodeIgniter\Router\RouteCollection->loadRoutes()
 5 SYSTEMPATH\CodeIgniter.php(455): CodeIgniter\CodeIgniter->tryToRouteIt(null)
 6 SYSTEMPATH\CodeIgniter.php(354): CodeIgniter\CodeIgniter->handleRequest(null, Object(Config\Cache), false)
 7 SYSTEMPATH\Boot.php(334): CodeIgniter\CodeIgniter->run()
 8 SYSTEMPATH\Boot.php(67): CodeIgniter\Boot::runCodeIgniter(Object(CodeIgniter\CodeIgniter))
 9 FCPATH\index.php(56): CodeIgniter\Boot::bootWeb(Object(Config\Paths))
WARNING - 2025-04-17 08:56:30 --> [DEPRECATED] Passing lowercase HTTP method "post" is deprecated. Use uppercase HTTP method like "POST". in SYSTEMPATH\Router\RouteCollection.php on line 1026.
 1 SYSTEMPATH\Router\RouteCollection.php(1026): trigger_error('Passing lowercase HTTP method "post" is deprecated. Use uppercase HTTP method like "POST".', 16384)
 2 APPPATH\Config\Routes.php(82): CodeIgniter\Router\RouteCollection->match([...], 'user/edit', 'User\\UserController::editProfile')
 3 SYSTEMPATH\Router\RouteCollection.php(339): require('C:\\wamp64\\www\\ci-learn_affix\\app\\Config\\Routes.php')
 4 SYSTEMPATH\CodeIgniter.php(821): CodeIgniter\Router\RouteCollection->loadRoutes()
 5 SYSTEMPATH\CodeIgniter.php(455): CodeIgniter\CodeIgniter->tryToRouteIt(null)
 6 SYSTEMPATH\CodeIgniter.php(354): CodeIgniter\CodeIgniter->handleRequest(null, Object(Config\Cache), false)
 7 SYSTEMPATH\Boot.php(334): CodeIgniter\CodeIgniter->run()
 8 SYSTEMPATH\Boot.php(67): CodeIgniter\Boot::runCodeIgniter(Object(CodeIgniter\CodeIgniter))
 9 FCPATH\index.php(56): CodeIgniter\Boot::bootWeb(Object(Config\Paths))
DEBUG - 2025-04-17 08:56:31 --> Unsplash API Response for category "Programming": {"id":"c8h0n7fSTqs","slug":"text-c8h0n7fSTqs","alternative_slugs":{"en":"text-c8h0n7fSTqs","es":"texto-c8h0n7fSTqs","ja":"\u6587\u7ae0-c8h0n7fSTqs","fr":"texte-c8h0n7fSTqs","it":"testo-c8h0n7fSTqs","ko":"\ubb38\uc790-\uba54\uc2dc\uc9c0-c8h0n7fSTqs","de":"text-c8h0n7fSTqs","pt":"texto-c8h0n7fSTqs"},"created_at":"2020-07-02T20:06:10Z","updated_at":"2025-04-17T04:06:04Z","promoted_at":null,"width":4952,"height":3336,"color":"#260c40","blur_hash":"LJ973koiRTt6RwW8a#jrE8xuoyNK","description":"React code example","alt_description":"text","breadcrumbs":[],"urls":{"raw":"https:\/\/images.unsplash.com\/photo-1593720219276-0b1eacd0aef4?ixid=M3w3Mzg4NTh8MHwxfHJhbmRvbXx8fHx8fHx8fDE3NDQ4ODAxOTF8&ixlib=rb-4.0.3","full":"https:\/\/images.unsplash.com\/photo-1593720219276-0b1eacd0aef4?crop=entropy&cs=srgb&fm=jpg&ixid=M3w3Mzg4NTh8MHwxfHJhbmRvbXx8fHx8fHx8fDE3NDQ4ODAxOTF8&ixlib=rb-4.0.3&q=85","regular":"https:\/\/images.unsplash.com\/photo-1593720219276-0b1eacd0aef4?crop=entropy&cs=tinysrgb&fit=max&fm=jpg&ixid=M3w3Mzg4NTh8MHwxfHJhbmRvbXx8fHx8fHx8fDE3NDQ4ODAxOTF8&ixlib=rb-4.0.3&q=80&w=1080","small":"https:\/\/images.unsplash.com\/photo-1593720219276-0b1eacd0aef4?crop=entropy&cs=tinysrgb&fit=max&fm=jpg&ixid=M3w3Mzg4NTh8MHwxfHJhbmRvbXx8fHx8fHx8fDE3NDQ4ODAxOTF8&ixlib=rb-4.0.3&q=80&w=400","thumb":"https:\/\/images.unsplash.com\/photo-1593720219276-0b1eacd0aef4?crop=entropy&cs=tinysrgb&fit=max&fm=jpg&ixid=M3w3Mzg4NTh8MHwxfHJhbmRvbXx8fHx8fHx8fDE3NDQ4ODAxOTF8&ixlib=rb-4.0.3&q=80&w=200","small_s3":"https:\/\/s3.us-west-2.amazonaws.com\/images.unsplash.com\/small\/photo-1593720219276-0b1eacd0aef4"},"links":{"self":"https:\/\/api.unsplash.com\/photos\/text-c8h0n7fSTqs","html":"https:\/\/unsplash.com\/photos\/text-c8h0n7fSTqs","download":"https:\/\/unsplash.com\/photos\/c8h0n7fSTqs\/download?ixid=M3w3Mzg4NTh8MHwxfHJhbmRvbXx8fHx8fHx8fDE3NDQ4ODAxOTF8","download_location":"https:\/\/api.unsplash.com\/photos\/c8h0n7fSTqs\/download?ixid=M3w3Mzg4NTh8MHwxfHJhbmRvbXx8fHx8fHx8fDE3NDQ4ODAxOTF8"},"likes":45,"liked_by_user":false,"current_user_collections":[],"sponsorship":null,"topic_submissions":[],"asset_type":"photo","user":{"id":"CwI29iNg3Ck","updated_at":"2024-10-11T01:34:20Z","username":"flowforfrank","name":"Ferenc Almasi","first_name":"Ferenc","last_name":"Almasi","twitter_username":"WebtipsHQ","portfolio_url":"http:\/\/webtips.dev","bio":"\ud83d\udcbb Frontend dev with a passion for beautiful code \u2022 \u270d\ufe0f writing on webtips.dev \u2022 \ud83d\udc26 Follow twitter.com\/WebtipsHQ for webtips \u2022 \ud83d\udce7 Get in touch at ferenc@webtips.dev \u2022 \u2615 Access exclusives on buymeacoffee.com\/webtips \ud83d\udc4b","location":null,"links":{"self":"https:\/\/api.unsplash.com\/users\/flowforfrank","html":"https:\/\/unsplash.com\/@flowforfrank","photos":"https:\/\/api.unsplash.com\/users\/flowforfrank\/photos","likes":"https:\/\/api.unsplash.com\/users\/flowforfrank\/likes","portfolio":"https:\/\/api.unsplash.com\/users\/flowforfrank\/portfolio","following":"https:\/\/api.unsplash.com\/users\/flowforfrank\/following","followers":"https:\/\/api.unsplash.com\/users\/flowforfrank\/followers"},"profile_image":{"small":"https:\/\/images.unsplash.com\/profile-1574183467217-c5177fbc3442image?ixlib=rb-4.0.3&crop=faces&fit=crop&w=32&h=32","medium":"https:\/\/images.unsplash.com\/profile-1574183467217-c5177fbc3442image?ixlib=rb-4.0.3&crop=faces&fit=crop&w=64&h=64","large":"https:\/\/images.unsplash.com\/profile-1574183467217-c5177fbc3442image?ixlib=rb-4.0.3&crop=faces&fit=crop&w=128&h=128"},"instagram_username":"WebtipsHQ","total_collections":3,"total_likes":0,"total_photos":54,"total_promoted_photos":3,"total_illustrations":0,"total_promoted_illustrations":0,"accepted_tos":true,"for_hire":false,"social":{"instagram_username":"WebtipsHQ","portfolio_url":"http:\/\/webtips.dev","twitter_username":"WebtipsHQ","paypal_email":null}},"exif":{"make":"Canon","model":"Canon EOS 700D","name":"Canon, EOS 700D","exposure_time":"1\/125","aperture":"1.8","focal_length":"50.0","iso":800},"location":{"name":null,"city":null,"country":null,"position":{"latitude":null,"longitude":null}},"meta":{"index":true},"public_domain":false,"tags":[{"type":"search","title":"coding"},{"type":"search","title":"programming"},{"type":"search","title":"developer"},{"type":"search","title":"programmer"},{"type":"search","title":"web developer"},{"type":"search","title":"javascript"},{"type":"search","title":"template"},{"type":"search","title":"react"},{"type":"search","title":"code"},{"type":"search","title":"crowd"},{"type":"search","title":"text"},{"type":"search","title":"electronics"},{"type":"search","title":"audience"},{"type":"search","title":"screen"},{"type":"search","title":"word"},{"type":"search","title":"monitor"},{"type":"search","title":"speech"},{"type":"search","title":"lecture"},{"type":"search","title":"display"},{"type":"search","title":"arcade game machine"}],"views":6039132,"downloads":29614,"topics":[]}
DEBUG - 2025-04-17 08:56:31 --> No valid image found for category "Programming"
DEBUG - 2025-04-17 08:56:31 --> Fetched Image URL for category Programming: default-image.jpg
DEBUG - 2025-04-17 08:56:31 --> No valid image found for category Programming
DEBUG - 2025-04-17 08:56:32 --> Unsplash API Response for category "AI & Video": {"id":"TVADtXY4cwk","slug":"grayscale-photo-of-volkswagen-beetle-TVADtXY4cwk","alternative_slugs":{"en":"grayscale-photo-of-volkswagen-beetle-TVADtXY4cwk","es":"foto-en-escala-de-grises-del-volkswagen-beetle-TVADtXY4cwk","ja":"\u30d5\u30a9\u30eb\u30af\u30b9\u30ef\u30fc\u30b2\u30f3\u30d3\u30fc\u30c8\u30eb\u306e\u30b0\u30ec\u30fc\u30b9\u30b1\u30fc\u30eb\u5199\u771f-TVADtXY4cwk","fr":"photo-en-niveaux-de-gris-de-volkswagen-coccinelle-TVADtXY4cwk","it":"foto-in-scala-di-grigi-del-maggiolino-volkswagen-TVADtXY4cwk","ko":"\ud3ed\uc2a4-\ubc14\uac90-\ube44\ud2c0\uc758-\uadf8\ub808\uc774-\uc2a4\ucf00\uc77c-\uc0ac\uc9c4-TVADtXY4cwk","de":"graustufenfoto-von-volkswagen-kafer-TVADtXY4cwk","pt":"foto-em-tons-de-cinza-do-besouro-volkswagen-TVADtXY4cwk"},"created_at":"2021-05-21T08:42:01Z","updated_at":"2025-04-17T04:23:47Z","promoted_at":null,"width":3637,"height":2433,"color":"#262626","blur_hash":"LMC%8Jof00t7xuof%MayRjt7%MRj","description":null,"alt_description":"grayscale photo of volkswagen beetle","breadcrumbs":[],"urls":{"raw":"https:\/\/images.unsplash.com\/photo-1621586198755-38e0777fd4af?ixid=M3w3Mzg4NTh8MHwxfHJhbmRvbXx8fHx8fHx8fDE3NDQ4ODAxOTJ8&ixlib=rb-4.0.3","full":"https:\/\/images.unsplash.com\/photo-1621586198755-38e0777fd4af?crop=entropy&cs=srgb&fm=jpg&ixid=M3w3Mzg4NTh8MHwxfHJhbmRvbXx8fHx8fHx8fDE3NDQ4ODAxOTJ8&ixlib=rb-4.0.3&q=85","regular":"https:\/\/images.unsplash.com\/photo-1621586198755-38e0777fd4af?crop=entropy&cs=tinysrgb&fit=max&fm=jpg&ixid=M3w3Mzg4NTh8MHwxfHJhbmRvbXx8fHx8fHx8fDE3NDQ4ODAxOTJ8&ixlib=rb-4.0.3&q=80&w=1080","small":"https:\/\/images.unsplash.com\/photo-1621586198755-38e0777fd4af?crop=entropy&cs=tinysrgb&fit=max&fm=jpg&ixid=M3w3Mzg4NTh8MHwxfHJhbmRvbXx8fHx8fHx8fDE3NDQ4ODAxOTJ8&ixlib=rb-4.0.3&q=80&w=400","thumb":"https:\/\/images.unsplash.com\/photo-1621586198755-38e0777fd4af?crop=entropy&cs=tinysrgb&fit=max&fm=jpg&ixid=M3w3Mzg4NTh8MHwxfHJhbmRvbXx8fHx8fHx8fDE3NDQ4ODAxOTJ8&ixlib=rb-4.0.3&q=80&w=200","small_s3":"https:\/\/s3.us-west-2.amazonaws.com\/images.unsplash.com\/small\/photo-1621586198755-38e0777fd4af"},"links":{"self":"https:\/\/api.unsplash.com\/photos\/grayscale-photo-of-volkswagen-beetle-TVADtXY4cwk","html":"https:\/\/unsplash.com\/photos\/grayscale-photo-of-volkswagen-beetle-TVADtXY4cwk","download":"https:\/\/unsplash.com\/photos\/TVADtXY4cwk\/download?ixid=M3w3Mzg4NTh8MHwxfHJhbmRvbXx8fHx8fHx8fDE3NDQ4ODAxOTJ8","download_location":"https:\/\/api.unsplash.com\/photos\/TVADtXY4cwk\/download?ixid=M3w3Mzg4NTh8MHwxfHJhbmRvbXx8fHx8fHx8fDE3NDQ4ODAxOTJ8"},"likes":5,"liked_by_user":false,"current_user_collections":[],"sponsorship":null,"topic_submissions":{"film":{"status":"approved","approved_on":"2021-05-24T13:42:33Z"}},"asset_type":"photo","user":{"id":"a-RUA3JLXcQ","updated_at":"2024-10-10T23:52:47Z","username":"dansenior","name":"Dan Senior","first_name":"Dan","last_name":"Senior","twitter_username":"pxyrt","portfolio_url":"https:\/\/dansenior.xyz","bio":"Videographer, Sound Engineer, Kayaker, and photographer.","location":"United Kingdom","links":{"self":"https:\/\/api.unsplash.com\/users\/dansenior","html":"https:\/\/unsplash.com\/@dansenior","photos":"https:\/\/api.unsplash.com\/users\/dansenior\/photos","likes":"https:\/\/api.unsplash.com\/users\/dansenior\/likes","portfolio":"https:\/\/api.unsplash.com\/users\/dansenior\/portfolio","following":"https:\/\/api.unsplash.com\/users\/dansenior\/following","followers":"https:\/\/api.unsplash.com\/users\/dansenior\/followers"},"profile_image":{"small":"https:\/\/images.unsplash.com\/profile-1611861422723-2d25984d4b20image?ixlib=rb-4.0.3&crop=faces&fit=crop&w=32&h=32","medium":"https:\/\/images.unsplash.com\/profile-1611861422723-2d25984d4b20image?ixlib=rb-4.0.3&crop=faces&fit=crop&w=64&h=64","large":"https:\/\/images.unsplash.com\/profile-1611861422723-2d25984d4b20image?ixlib=rb-4.0.3&crop=faces&fit=crop&w=128&h=128"},"instagram_username":"pxyrt","total_collections":17,"total_likes":61,"total_photos":362,"total_promoted_photos":14,"total_illustrations":0,"total_promoted_illustrations":0,"accepted_tos":true,"for_hire":true,"social":{"instagram_username":"pxyrt","portfolio_url":"https:\/\/dansenior.xyz","twitter_username":"pxyrt","paypal_email":null}},"exif":{"make":"Lecia","model":"C3","name":"Lecia, C3","exposure_time":null,"aperture":null,"focal_length":null,"iso":null},"location":{"name":null,"city":null,"country":null,"position":{"latitude":null,"longitude":null}},"meta":{"index":true},"public_domain":false,"tags":[{"type":"search","title":"car"},{"type":"search","title":"work"},{"type":"search","title":"music"},{"type":"search","title":"video"},{"type":"search","title":"camera"},{"type":"search","title":"film photography"},{"type":"search","title":"contrast"},{"type":"search","title":"filming"},{"type":"search","title":"gear"},{"type":"search","title":"beetle"},{"type":"search","title":"behind the scenes"},{"type":"search","title":"musicians"},{"type":"search","title":"camera man"},{"type":"search","title":"music video"},{"type":"search","title":"leica"},{"type":"search","title":"ronin"},{"type":"search","title":"blackmagic"},{"type":"search","title":"forest"},{"type":"search","title":"land"},{"type":"search","title":"human"}],"views":155131,"downloads":350,"topics":[{"id":"hmenvQhUmxM","title":"Film","slug":"film","visibility":"featured"}]}
DEBUG - 2025-04-17 08:56:32 --> No valid image found for category "AI & Video"
DEBUG - 2025-04-17 08:56:32 --> Fetched Image URL for category AI & Video: default-image.jpg
DEBUG - 2025-04-17 08:56:32 --> No valid image found for category AI & Video
DEBUG - 2025-04-17 08:56:34 --> Unsplash API Response for category "Cybersecurity": {"id":"zBfBXHCaLmk","slug":"people-sitting-at-the-table-zBfBXHCaLmk","alternative_slugs":{"en":"people-sitting-at-the-table-zBfBXHCaLmk","es":"gente-sentada-a-la-mesa-zBfBXHCaLmk","ja":"\u30c6\u30fc\u30d6\u30eb\u306b\u5ea7\u3063\u3066\u3044\u308b\u4eba\u3005-zBfBXHCaLmk","fr":"personnes-assises-a-la-table-zBfBXHCaLmk","it":"persone-sedute-a-tavola-zBfBXHCaLmk","ko":"\ud14c\uc774\ube14\uc5d0-\uc549\uc544\uc788\ub294-\uc0ac\ub78c\ub4e4-zBfBXHCaLmk","de":"menschen-die-am-tisch-sitzen-zBfBXHCaLmk","pt":"pessoas-sentadas-a-mesa-zBfBXHCaLmk"},"created_at":"2021-02-02T20:12:38Z","updated_at":"2025-04-17T06:51:35Z","promoted_at":"2021-02-03T08:21:07Z","width":4897,"height":3264,"color":"#262626","blur_hash":"LGFP1-?b%hRP~C%NxuV@I]xuVrxu","description":"A old, nostalgic shot of our open-space office. Remote work can be great for productivity and flexibility, but there is no such thing as small talk, creative rush sessions, and laughing together around a friday afternoon beer.","alt_description":"people sitting at the table","breadcrumbs":[],"urls":{"raw":"https:\/\/images.unsplash.com\/photo-1612296727716-d6c69d2a2cbb?ixid=M3w3Mzg4NTh8MHwxfHJhbmRvbXx8fHx8fHx8fDE3NDQ4ODAxOTN8&ixlib=rb-4.0.3","full":"https:\/\/images.unsplash.com\/photo-1612296727716-d6c69d2a2cbb?crop=entropy&cs=srgb&fm=jpg&ixid=M3w3Mzg4NTh8MHwxfHJhbmRvbXx8fHx8fHx8fDE3NDQ4ODAxOTN8&ixlib=rb-4.0.3&q=85","regular":"https:\/\/images.unsplash.com\/photo-1612296727716-d6c69d2a2cbb?crop=entropy&cs=tinysrgb&fit=max&fm=jpg&ixid=M3w3Mzg4NTh8MHwxfHJhbmRvbXx8fHx8fHx8fDE3NDQ4ODAxOTN8&ixlib=rb-4.0.3&q=80&w=1080","small":"https:\/\/images.unsplash.com\/photo-1612296727716-d6c69d2a2cbb?crop=entropy&cs=tinysrgb&fit=max&fm=jpg&ixid=M3w3Mzg4NTh8MHwxfHJhbmRvbXx8fHx8fHx8fDE3NDQ4ODAxOTN8&ixlib=rb-4.0.3&q=80&w=400","thumb":"https:\/\/images.unsplash.com\/photo-1612296727716-d6c69d2a2cbb?crop=entropy&cs=tinysrgb&fit=max&fm=jpg&ixid=M3w3Mzg4NTh8MHwxfHJhbmRvbXx8fHx8fHx8fDE3NDQ4ODAxOTN8&ixlib=rb-4.0.3&q=80&w=200","small_s3":"https:\/\/s3.us-west-2.amazonaws.com\/images.unsplash.com\/small\/photo-1612296727716-d6c69d2a2cbb"},"links":{"self":"https:\/\/api.unsplash.com\/photos\/people-sitting-at-the-table-zBfBXHCaLmk","html":"https:\/\/unsplash.com\/photos\/people-sitting-at-the-table-zBfBXHCaLmk","download":"https:\/\/unsplash.com\/photos\/zBfBXHCaLmk\/download?ixid=M3w3Mzg4NTh8MHwxfHJhbmRvbXx8fHx8fHx8fDE3NDQ4ODAxOTN8","download_location":"https:\/\/api.unsplash.com\/photos\/zBfBXHCaLmk\/download?ixid=M3w3Mzg4NTh8MHwxfHJhbmRvbXx8fHx8fHx8fDE3NDQ4ODAxOTN8"},"likes":141,"liked_by_user":false,"current_user_collections":[],"sponsorship":null,"topic_submissions":{"business-work":{"status":"approved","approved_on":"2021-02-03T14:57:39Z"}},"asset_type":"photo","user":{"id":"c2sAAE9BXrY","updated_at":"2025-04-17T03:26:31Z","username":"sigmund","name":"Sigmund","first_name":"Sigmund","last_name":null,"twitter_username":null,"portfolio_url":"https:\/\/sigmund.ca","bio":"Sigmund r\u00e9alise des solutions num\u00e9riques qui font la diff\u00e9rence. onvousecoute@sigmund.ca","location":"Quebec, Canada","links":{"self":"https:\/\/api.unsplash.com\/users\/sigmund","html":"https:\/\/unsplash.com\/@sigmund","photos":"https:\/\/api.unsplash.com\/users\/sigmund\/photos","likes":"https:\/\/api.unsplash.com\/users\/sigmund\/likes","portfolio":"https:\/\/api.unsplash.com\/users\/sigmund\/portfolio"},"profile_image":{"small":"https:\/\/images.unsplash.com\/profile-1726603509690-4aa8044aa417image?ixlib=rb-4.0.3&crop=faces&fit=crop&w=32&h=32","medium":"https:\/\/images.unsplash.com\/profile-1726603509690-4aa8044aa417image?ixlib=rb-4.0.3&crop=faces&fit=crop&w=64&h=64","large":"https:\/\/images.unsplash.com\/profile-1726603509690-4aa8044aa417image?ixlib=rb-4.0.3&crop=faces&fit=crop&w=128&h=128"},"instagram_username":"sig__mund","total_collections":31,"total_likes":810,"total_photos":2478,"total_promoted_photos":41,"total_illustrations":143,"total_promoted_illustrations":4,"accepted_tos":true,"for_hire":false,"social":{"instagram_username":"sig__mund","portfolio_url":"https:\/\/sigmund.ca","twitter_username":null,"paypal_email":null}},"exif":{"make":"Canon","model":"Canon EOS REBEL SL1","name":"Canon, EOS REBEL SL1","exposure_time":"1\/60","aperture":"4.5","focal_length":"37.0","iso":800},"location":{"name":"Sigmund, Boulevard Charest Est, Qu\u00e9bec, Qu\u00e9bec, Canada","city":"Qu\u00e9bec","country":"Canada","position":{"latitude":46.811731,"longitude":-71.228905}},"meta":{"index":true},"public_domain":false,"tags":[{"type":"search","title":"business"},{"type":"search","title":"office"},{"type":"search","title":"building"},{"type":"search","title":"human"},{"type":"search","title":"computer"},{"type":"search","title":"grey"},{"type":"search","title":"furniture"},{"type":"search","title":"table"},{"type":"search","title":"canada"},{"type":"search","title":"desk"},{"type":"search","title":"electronics"},{"type":"search","title":"housing"},{"type":"search","title":"screen"},{"type":"search","title":"monitor"},{"type":"search","title":"display"},{"type":"search","title":"indoors"},{"type":"search","title":"sigmund"}],"views":6470464,"downloads":26336,"topics":[{"id":"aeu6rL-j6ew","title":"Business & Work","slug":"business-work","visibility":"visible"}]}
DEBUG - 2025-04-17 08:56:34 --> No valid image found for category "Cybersecurity"
DEBUG - 2025-04-17 08:56:34 --> Fetched Image URL for category Cybersecurity: default-image.jpg
DEBUG - 2025-04-17 08:56:34 --> No valid image found for category Cybersecurity
DEBUG - 2025-04-17 08:56:35 --> Session: Class initialized using 'CodeIgniter\Session\Handlers\FileHandler' driver.
WARNING - 2025-04-17 08:56:35 --> [DEPRECATED] Passing lowercase HTTP method "get" is deprecated. Use uppercase HTTP method like "GET". in SYSTEMPATH\Router\RouteCollection.php on line 1026.
 1 SYSTEMPATH\Router\RouteCollection.php(1026): trigger_error('Passing lowercase HTTP method "get" is deprecated. Use uppercase HTTP method like "GET".', 16384)
 2 APPPATH\Config\Routes.php(82): CodeIgniter\Router\RouteCollection->match([...], 'user/edit', 'User\\UserController::editProfile')
 3 SYSTEMPATH\Router\RouteCollection.php(339): require('C:\\wamp64\\www\\ci-learn_affix\\app\\Config\\Routes.php')
 4 SYSTEMPATH\CodeIgniter.php(821): CodeIgniter\Router\RouteCollection->loadRoutes()
 5 SYSTEMPATH\CodeIgniter.php(455): CodeIgniter\CodeIgniter->tryToRouteIt(null)
 6 SYSTEMPATH\CodeIgniter.php(354): CodeIgniter\CodeIgniter->handleRequest(null, Object(Config\Cache), false)
 7 SYSTEMPATH\Boot.php(334): CodeIgniter\CodeIgniter->run()
 8 SYSTEMPATH\Boot.php(67): CodeIgniter\Boot::runCodeIgniter(Object(CodeIgniter\CodeIgniter))
 9 FCPATH\index.php(56): CodeIgniter\Boot::bootWeb(Object(Config\Paths))
WARNING - 2025-04-17 08:56:35 --> [DEPRECATED] Passing lowercase HTTP method "post" is deprecated. Use uppercase HTTP method like "POST". in SYSTEMPATH\Router\RouteCollection.php on line 1026.
 1 SYSTEMPATH\Router\RouteCollection.php(1026): trigger_error('Passing lowercase HTTP method "post" is deprecated. Use uppercase HTTP method like "POST".', 16384)
 2 APPPATH\Config\Routes.php(82): CodeIgniter\Router\RouteCollection->match([...], 'user/edit', 'User\\UserController::editProfile')
 3 SYSTEMPATH\Router\RouteCollection.php(339): require('C:\\wamp64\\www\\ci-learn_affix\\app\\Config\\Routes.php')
 4 SYSTEMPATH\CodeIgniter.php(821): CodeIgniter\Router\RouteCollection->loadRoutes()
 5 SYSTEMPATH\CodeIgniter.php(455): CodeIgniter\CodeIgniter->tryToRouteIt(null)
 6 SYSTEMPATH\CodeIgniter.php(354): CodeIgniter\CodeIgniter->handleRequest(null, Object(Config\Cache), false)
 7 SYSTEMPATH\Boot.php(334): CodeIgniter\CodeIgniter->run()
 8 SYSTEMPATH\Boot.php(67): CodeIgniter\Boot::runCodeIgniter(Object(CodeIgniter\CodeIgniter))
 9 FCPATH\index.php(56): CodeIgniter\Boot::bootWeb(Object(Config\Paths))
DEBUG - 2025-04-17 08:56:35 --> Session: Class initialized using 'CodeIgniter\Session\Handlers\FileHandler' driver.
WARNING - 2025-04-17 08:56:35 --> [DEPRECATED] Passing lowercase HTTP method "get" is deprecated. Use uppercase HTTP method like "GET". in SYSTEMPATH\Router\RouteCollection.php on line 1026.
 1 SYSTEMPATH\Router\RouteCollection.php(1026): trigger_error('Passing lowercase HTTP method "get" is deprecated. Use uppercase HTTP method like "GET".', 16384)
 2 APPPATH\Config\Routes.php(82): CodeIgniter\Router\RouteCollection->match([...], 'user/edit', 'User\\UserController::editProfile')
 3 SYSTEMPATH\Router\RouteCollection.php(339): require('C:\\wamp64\\www\\ci-learn_affix\\app\\Config\\Routes.php')
 4 SYSTEMPATH\CodeIgniter.php(821): CodeIgniter\Router\RouteCollection->loadRoutes()
 5 SYSTEMPATH\CodeIgniter.php(455): CodeIgniter\CodeIgniter->tryToRouteIt(null)
 6 SYSTEMPATH\CodeIgniter.php(354): CodeIgniter\CodeIgniter->handleRequest(null, Object(Config\Cache), false)
 7 SYSTEMPATH\Boot.php(334): CodeIgniter\CodeIgniter->run()
 8 SYSTEMPATH\Boot.php(67): CodeIgniter\Boot::runCodeIgniter(Object(CodeIgniter\CodeIgniter))
 9 FCPATH\index.php(56): CodeIgniter\Boot::bootWeb(Object(Config\Paths))
WARNING - 2025-04-17 08:56:35 --> [DEPRECATED] Passing lowercase HTTP method "post" is deprecated. Use uppercase HTTP method like "POST". in SYSTEMPATH\Router\RouteCollection.php on line 1026.
 1 SYSTEMPATH\Router\RouteCollection.php(1026): trigger_error('Passing lowercase HTTP method "post" is deprecated. Use uppercase HTTP method like "POST".', 16384)
 2 APPPATH\Config\Routes.php(82): CodeIgniter\Router\RouteCollection->match([...], 'user/edit', 'User\\UserController::editProfile')
 3 SYSTEMPATH\Router\RouteCollection.php(339): require('C:\\wamp64\\www\\ci-learn_affix\\app\\Config\\Routes.php')
 4 SYSTEMPATH\CodeIgniter.php(821): CodeIgniter\Router\RouteCollection->loadRoutes()
 5 SYSTEMPATH\CodeIgniter.php(455): CodeIgniter\CodeIgniter->tryToRouteIt(null)
 6 SYSTEMPATH\CodeIgniter.php(354): CodeIgniter\CodeIgniter->handleRequest(null, Object(Config\Cache), false)
 7 SYSTEMPATH\Boot.php(334): CodeIgniter\CodeIgniter->run()
 8 SYSTEMPATH\Boot.php(67): CodeIgniter\Boot::runCodeIgniter(Object(CodeIgniter\CodeIgniter))
 9 FCPATH\index.php(56): CodeIgniter\Boot::bootWeb(Object(Config\Paths))
DEBUG - 2025-04-17 08:56:35 --> Session: Class initialized using 'CodeIgniter\Session\Handlers\FileHandler' driver.
WARNING - 2025-04-17 08:56:35 --> [DEPRECATED] Passing lowercase HTTP method "get" is deprecated. Use uppercase HTTP method like "GET". in SYSTEMPATH\Router\RouteCollection.php on line 1026.
 1 SYSTEMPATH\Router\RouteCollection.php(1026): trigger_error('Passing lowercase HTTP method "get" is deprecated. Use uppercase HTTP method like "GET".', 16384)
 2 APPPATH\Config\Routes.php(82): CodeIgniter\Router\RouteCollection->match([...], 'user/edit', 'User\\UserController::editProfile')
 3 SYSTEMPATH\Router\RouteCollection.php(339): require('C:\\wamp64\\www\\ci-learn_affix\\app\\Config\\Routes.php')
 4 SYSTEMPATH\CodeIgniter.php(821): CodeIgniter\Router\RouteCollection->loadRoutes()
 5 SYSTEMPATH\CodeIgniter.php(455): CodeIgniter\CodeIgniter->tryToRouteIt(null)
 6 SYSTEMPATH\CodeIgniter.php(354): CodeIgniter\CodeIgniter->handleRequest(null, Object(Config\Cache), false)
 7 SYSTEMPATH\Boot.php(334): CodeIgniter\CodeIgniter->run()
 8 SYSTEMPATH\Boot.php(67): CodeIgniter\Boot::runCodeIgniter(Object(CodeIgniter\CodeIgniter))
 9 FCPATH\index.php(56): CodeIgniter\Boot::bootWeb(Object(Config\Paths))
WARNING - 2025-04-17 08:56:35 --> [DEPRECATED] Passing lowercase HTTP method "post" is deprecated. Use uppercase HTTP method like "POST". in SYSTEMPATH\Router\RouteCollection.php on line 1026.
 1 SYSTEMPATH\Router\RouteCollection.php(1026): trigger_error('Passing lowercase HTTP method "post" is deprecated. Use uppercase HTTP method like "POST".', 16384)
 2 APPPATH\Config\Routes.php(82): CodeIgniter\Router\RouteCollection->match([...], 'user/edit', 'User\\UserController::editProfile')
 3 SYSTEMPATH\Router\RouteCollection.php(339): require('C:\\wamp64\\www\\ci-learn_affix\\app\\Config\\Routes.php')
 4 SYSTEMPATH\CodeIgniter.php(821): CodeIgniter\Router\RouteCollection->loadRoutes()
 5 SYSTEMPATH\CodeIgniter.php(455): CodeIgniter\CodeIgniter->tryToRouteIt(null)
 6 SYSTEMPATH\CodeIgniter.php(354): CodeIgniter\CodeIgniter->handleRequest(null, Object(Config\Cache), false)
 7 SYSTEMPATH\Boot.php(334): CodeIgniter\CodeIgniter->run()
 8 SYSTEMPATH\Boot.php(67): CodeIgniter\Boot::runCodeIgniter(Object(CodeIgniter\CodeIgniter))
 9 FCPATH\index.php(56): CodeIgniter\Boot::bootWeb(Object(Config\Paths))
DEBUG - 2025-04-17 08:56:35 --> Session: Class initialized using 'CodeIgniter\Session\Handlers\FileHandler' driver.
WARNING - 2025-04-17 08:56:35 --> [DEPRECATED] Passing lowercase HTTP method "get" is deprecated. Use uppercase HTTP method like "GET". in SYSTEMPATH\Router\RouteCollection.php on line 1026.
 1 SYSTEMPATH\Router\RouteCollection.php(1026): trigger_error('Passing lowercase HTTP method "get" is deprecated. Use uppercase HTTP method like "GET".', 16384)
 2 APPPATH\Config\Routes.php(82): CodeIgniter\Router\RouteCollection->match([...], 'user/edit', 'User\\UserController::editProfile')
 3 SYSTEMPATH\Router\RouteCollection.php(339): require('C:\\wamp64\\www\\ci-learn_affix\\app\\Config\\Routes.php')
 4 SYSTEMPATH\CodeIgniter.php(821): CodeIgniter\Router\RouteCollection->loadRoutes()
 5 SYSTEMPATH\CodeIgniter.php(455): CodeIgniter\CodeIgniter->tryToRouteIt(null)
 6 SYSTEMPATH\CodeIgniter.php(354): CodeIgniter\CodeIgniter->handleRequest(null, Object(Config\Cache), false)
 7 SYSTEMPATH\Boot.php(334): CodeIgniter\CodeIgniter->run()
 8 SYSTEMPATH\Boot.php(67): CodeIgniter\Boot::runCodeIgniter(Object(CodeIgniter\CodeIgniter))
 9 FCPATH\index.php(56): CodeIgniter\Boot::bootWeb(Object(Config\Paths))
WARNING - 2025-04-17 08:56:35 --> [DEPRECATED] Passing lowercase HTTP method "post" is deprecated. Use uppercase HTTP method like "POST". in SYSTEMPATH\Router\RouteCollection.php on line 1026.
 1 SYSTEMPATH\Router\RouteCollection.php(1026): trigger_error('Passing lowercase HTTP method "post" is deprecated. Use uppercase HTTP method like "POST".', 16384)
 2 APPPATH\Config\Routes.php(82): CodeIgniter\Router\RouteCollection->match([...], 'user/edit', 'User\\UserController::editProfile')
 3 SYSTEMPATH\Router\RouteCollection.php(339): require('C:\\wamp64\\www\\ci-learn_affix\\app\\Config\\Routes.php')
 4 SYSTEMPATH\CodeIgniter.php(821): CodeIgniter\Router\RouteCollection->loadRoutes()
 5 SYSTEMPATH\CodeIgniter.php(455): CodeIgniter\CodeIgniter->tryToRouteIt(null)
 6 SYSTEMPATH\CodeIgniter.php(354): CodeIgniter\CodeIgniter->handleRequest(null, Object(Config\Cache), false)
 7 SYSTEMPATH\Boot.php(334): CodeIgniter\CodeIgniter->run()
 8 SYSTEMPATH\Boot.php(67): CodeIgniter\Boot::runCodeIgniter(Object(CodeIgniter\CodeIgniter))
 9 FCPATH\index.php(56): CodeIgniter\Boot::bootWeb(Object(Config\Paths))
DEBUG - 2025-04-17 08:56:35 --> Session: Class initialized using 'CodeIgniter\Session\Handlers\FileHandler' driver.
DEBUG - 2025-04-17 08:56:36 --> Session: Class initialized using 'CodeIgniter\Session\Handlers\FileHandler' driver.
WARNING - 2025-04-17 08:56:36 --> [DEPRECATED] Passing lowercase HTTP method "get" is deprecated. Use uppercase HTTP method like "GET". in SYSTEMPATH\Router\RouteCollection.php on line 1026.
 1 SYSTEMPATH\Router\RouteCollection.php(1026): trigger_error('Passing lowercase HTTP method "get" is deprecated. Use uppercase HTTP method like "GET".', 16384)
 2 APPPATH\Config\Routes.php(82): CodeIgniter\Router\RouteCollection->match([...], 'user/edit', 'User\\UserController::editProfile')
 3 SYSTEMPATH\Router\RouteCollection.php(339): require('C:\\wamp64\\www\\ci-learn_affix\\app\\Config\\Routes.php')
 4 SYSTEMPATH\CodeIgniter.php(821): CodeIgniter\Router\RouteCollection->loadRoutes()
 5 SYSTEMPATH\CodeIgniter.php(455): CodeIgniter\CodeIgniter->tryToRouteIt(null)
 6 SYSTEMPATH\CodeIgniter.php(354): CodeIgniter\CodeIgniter->handleRequest(null, Object(Config\Cache), false)
 7 SYSTEMPATH\Boot.php(334): CodeIgniter\CodeIgniter->run()
 8 SYSTEMPATH\Boot.php(67): CodeIgniter\Boot::runCodeIgniter(Object(CodeIgniter\CodeIgniter))
 9 FCPATH\index.php(56): CodeIgniter\Boot::bootWeb(Object(Config\Paths))
WARNING - 2025-04-17 08:56:36 --> [DEPRECATED] Passing lowercase HTTP method "post" is deprecated. Use uppercase HTTP method like "POST". in SYSTEMPATH\Router\RouteCollection.php on line 1026.
 1 SYSTEMPATH\Router\RouteCollection.php(1026): trigger_error('Passing lowercase HTTP method "post" is deprecated. Use uppercase HTTP method like "POST".', 16384)
 2 APPPATH\Config\Routes.php(82): CodeIgniter\Router\RouteCollection->match([...], 'user/edit', 'User\\UserController::editProfile')
 3 SYSTEMPATH\Router\RouteCollection.php(339): require('C:\\wamp64\\www\\ci-learn_affix\\app\\Config\\Routes.php')
 4 SYSTEMPATH\CodeIgniter.php(821): CodeIgniter\Router\RouteCollection->loadRoutes()
 5 SYSTEMPATH\CodeIgniter.php(455): CodeIgniter\CodeIgniter->tryToRouteIt(null)
 6 SYSTEMPATH\CodeIgniter.php(354): CodeIgniter\CodeIgniter->handleRequest(null, Object(Config\Cache), false)
 7 SYSTEMPATH\Boot.php(334): CodeIgniter\CodeIgniter->run()
 8 SYSTEMPATH\Boot.php(67): CodeIgniter\Boot::runCodeIgniter(Object(CodeIgniter\CodeIgniter))
 9 FCPATH\index.php(56): CodeIgniter\Boot::bootWeb(Object(Config\Paths))
DEBUG - 2025-04-17 08:56:40 --> Session: Class initialized using 'CodeIgniter\Session\Handlers\FileHandler' driver.
WARNING - 2025-04-17 08:56:40 --> [DEPRECATED] Passing lowercase HTTP method "get" is deprecated. Use uppercase HTTP method like "GET". in SYSTEMPATH\Router\RouteCollection.php on line 1026.
 1 SYSTEMPATH\Router\RouteCollection.php(1026): trigger_error('Passing lowercase HTTP method "get" is deprecated. Use uppercase HTTP method like "GET".', 16384)
 2 APPPATH\Config\Routes.php(82): CodeIgniter\Router\RouteCollection->match([...], 'user/edit', 'User\\UserController::editProfile')
 3 SYSTEMPATH\Router\RouteCollection.php(339): require('C:\\wamp64\\www\\ci-learn_affix\\app\\Config\\Routes.php')
 4 SYSTEMPATH\CodeIgniter.php(821): CodeIgniter\Router\RouteCollection->loadRoutes()
 5 SYSTEMPATH\CodeIgniter.php(455): CodeIgniter\CodeIgniter->tryToRouteIt(null)
 6 SYSTEMPATH\CodeIgniter.php(354): CodeIgniter\CodeIgniter->handleRequest(null, Object(Config\Cache), false)
 7 SYSTEMPATH\Boot.php(334): CodeIgniter\CodeIgniter->run()
 8 SYSTEMPATH\Boot.php(67): CodeIgniter\Boot::runCodeIgniter(Object(CodeIgniter\CodeIgniter))
 9 FCPATH\index.php(56): CodeIgniter\Boot::bootWeb(Object(Config\Paths))
WARNING - 2025-04-17 08:56:40 --> [DEPRECATED] Passing lowercase HTTP method "post" is deprecated. Use uppercase HTTP method like "POST". in SYSTEMPATH\Router\RouteCollection.php on line 1026.
 1 SYSTEMPATH\Router\RouteCollection.php(1026): trigger_error('Passing lowercase HTTP method "post" is deprecated. Use uppercase HTTP method like "POST".', 16384)
 2 APPPATH\Config\Routes.php(82): CodeIgniter\Router\RouteCollection->match([...], 'user/edit', 'User\\UserController::editProfile')
 3 SYSTEMPATH\Router\RouteCollection.php(339): require('C:\\wamp64\\www\\ci-learn_affix\\app\\Config\\Routes.php')
 4 SYSTEMPATH\CodeIgniter.php(821): CodeIgniter\Router\RouteCollection->loadRoutes()
 5 SYSTEMPATH\CodeIgniter.php(455): CodeIgniter\CodeIgniter->tryToRouteIt(null)
 6 SYSTEMPATH\CodeIgniter.php(354): CodeIgniter\CodeIgniter->handleRequest(null, Object(Config\Cache), false)
 7 SYSTEMPATH\Boot.php(334): CodeIgniter\CodeIgniter->run()
 8 SYSTEMPATH\Boot.php(67): CodeIgniter\Boot::runCodeIgniter(Object(CodeIgniter\CodeIgniter))
 9 FCPATH\index.php(56): CodeIgniter\Boot::bootWeb(Object(Config\Paths))
CRITICAL - 2025-04-17 08:56:40 --> ErrorException: Namespace declaration statement has to be the very first statement or after any declare call in the script
[Method: GET, Route: blog]
in APPPATH\Controllers\Blog\BlogController.php on line 5.
 1 [internal function]: CodeIgniter\Debug\Exceptions->shutdownHandler()
DEBUG - 2025-04-17 08:57:09 --> Session: Class initialized using 'CodeIgniter\Session\Handlers\FileHandler' driver.
WARNING - 2025-04-17 08:57:09 --> [DEPRECATED] Passing lowercase HTTP method "get" is deprecated. Use uppercase HTTP method like "GET". in SYSTEMPATH\Router\RouteCollection.php on line 1026.
 1 SYSTEMPATH\Router\RouteCollection.php(1026): trigger_error('Passing lowercase HTTP method "get" is deprecated. Use uppercase HTTP method like "GET".', 16384)
 2 APPPATH\Config\Routes.php(82): CodeIgniter\Router\RouteCollection->match([...], 'user/edit', 'User\\UserController::editProfile')
 3 SYSTEMPATH\Router\RouteCollection.php(339): require('C:\\wamp64\\www\\ci-learn_affix\\app\\Config\\Routes.php')
 4 SYSTEMPATH\CodeIgniter.php(821): CodeIgniter\Router\RouteCollection->loadRoutes()
 5 SYSTEMPATH\CodeIgniter.php(455): CodeIgniter\CodeIgniter->tryToRouteIt(null)
 6 SYSTEMPATH\CodeIgniter.php(354): CodeIgniter\CodeIgniter->handleRequest(null, Object(Config\Cache), false)
 7 SYSTEMPATH\Boot.php(334): CodeIgniter\CodeIgniter->run()
 8 SYSTEMPATH\Boot.php(67): CodeIgniter\Boot::runCodeIgniter(Object(CodeIgniter\CodeIgniter))
 9 FCPATH\index.php(56): CodeIgniter\Boot::bootWeb(Object(Config\Paths))
WARNING - 2025-04-17 08:57:09 --> [DEPRECATED] Passing lowercase HTTP method "post" is deprecated. Use uppercase HTTP method like "POST". in SYSTEMPATH\Router\RouteCollection.php on line 1026.
 1 SYSTEMPATH\Router\RouteCollection.php(1026): trigger_error('Passing lowercase HTTP method "post" is deprecated. Use uppercase HTTP method like "POST".', 16384)
 2 APPPATH\Config\Routes.php(82): CodeIgniter\Router\RouteCollection->match([...], 'user/edit', 'User\\UserController::editProfile')
 3 SYSTEMPATH\Router\RouteCollection.php(339): require('C:\\wamp64\\www\\ci-learn_affix\\app\\Config\\Routes.php')
 4 SYSTEMPATH\CodeIgniter.php(821): CodeIgniter\Router\RouteCollection->loadRoutes()
 5 SYSTEMPATH\CodeIgniter.php(455): CodeIgniter\CodeIgniter->tryToRouteIt(null)
 6 SYSTEMPATH\CodeIgniter.php(354): CodeIgniter\CodeIgniter->handleRequest(null, Object(Config\Cache), false)
 7 SYSTEMPATH\Boot.php(334): CodeIgniter\CodeIgniter->run()
 8 SYSTEMPATH\Boot.php(67): CodeIgniter\Boot::runCodeIgniter(Object(CodeIgniter\CodeIgniter))
 9 FCPATH\index.php(56): CodeIgniter\Boot::bootWeb(Object(Config\Paths))
DEBUG - 2025-04-17 08:57:10 --> Session: Class initialized using 'CodeIgniter\Session\Handlers\FileHandler' driver.
DEBUG - 2025-04-17 08:57:10 --> Session: Class initialized using 'CodeIgniter\Session\Handlers\FileHandler' driver.
WARNING - 2025-04-17 08:57:10 --> [DEPRECATED] Passing lowercase HTTP method "get" is deprecated. Use uppercase HTTP method like "GET". in SYSTEMPATH\Router\RouteCollection.php on line 1026.
 1 SYSTEMPATH\Router\RouteCollection.php(1026): trigger_error('Passing lowercase HTTP method "get" is deprecated. Use uppercase HTTP method like "GET".', 16384)
 2 APPPATH\Config\Routes.php(82): CodeIgniter\Router\RouteCollection->match([...], 'user/edit', 'User\\UserController::editProfile')
 3 SYSTEMPATH\Router\RouteCollection.php(339): require('C:\\wamp64\\www\\ci-learn_affix\\app\\Config\\Routes.php')
 4 SYSTEMPATH\CodeIgniter.php(821): CodeIgniter\Router\RouteCollection->loadRoutes()
 5 SYSTEMPATH\CodeIgniter.php(455): CodeIgniter\CodeIgniter->tryToRouteIt(null)
 6 SYSTEMPATH\CodeIgniter.php(354): CodeIgniter\CodeIgniter->handleRequest(null, Object(Config\Cache), false)
 7 SYSTEMPATH\Boot.php(334): CodeIgniter\CodeIgniter->run()
 8 SYSTEMPATH\Boot.php(67): CodeIgniter\Boot::runCodeIgniter(Object(CodeIgniter\CodeIgniter))
 9 FCPATH\index.php(56): CodeIgniter\Boot::bootWeb(Object(Config\Paths))
WARNING - 2025-04-17 08:57:10 --> [DEPRECATED] Passing lowercase HTTP method "post" is deprecated. Use uppercase HTTP method like "POST". in SYSTEMPATH\Router\RouteCollection.php on line 1026.
 1 SYSTEMPATH\Router\RouteCollection.php(1026): trigger_error('Passing lowercase HTTP method "post" is deprecated. Use uppercase HTTP method like "POST".', 16384)
 2 APPPATH\Config\Routes.php(82): CodeIgniter\Router\RouteCollection->match([...], 'user/edit', 'User\\UserController::editProfile')
 3 SYSTEMPATH\Router\RouteCollection.php(339): require('C:\\wamp64\\www\\ci-learn_affix\\app\\Config\\Routes.php')
 4 SYSTEMPATH\CodeIgniter.php(821): CodeIgniter\Router\RouteCollection->loadRoutes()
 5 SYSTEMPATH\CodeIgniter.php(455): CodeIgniter\CodeIgniter->tryToRouteIt(null)
 6 SYSTEMPATH\CodeIgniter.php(354): CodeIgniter\CodeIgniter->handleRequest(null, Object(Config\Cache), false)
 7 SYSTEMPATH\Boot.php(334): CodeIgniter\CodeIgniter->run()
 8 SYSTEMPATH\Boot.php(67): CodeIgniter\Boot::runCodeIgniter(Object(CodeIgniter\CodeIgniter))
 9 FCPATH\index.php(56): CodeIgniter\Boot::bootWeb(Object(Config\Paths))
DEBUG - 2025-04-17 08:57:29 --> Session: Class initialized using 'CodeIgniter\Session\Handlers\FileHandler' driver.
WARNING - 2025-04-17 08:57:29 --> [DEPRECATED] Passing lowercase HTTP method "get" is deprecated. Use uppercase HTTP method like "GET". in SYSTEMPATH\Router\RouteCollection.php on line 1026.
 1 SYSTEMPATH\Router\RouteCollection.php(1026): trigger_error('Passing lowercase HTTP method "get" is deprecated. Use uppercase HTTP method like "GET".', 16384)
 2 APPPATH\Config\Routes.php(82): CodeIgniter\Router\RouteCollection->match([...], 'user/edit', 'User\\UserController::editProfile')
 3 SYSTEMPATH\Router\RouteCollection.php(339): require('C:\\wamp64\\www\\ci-learn_affix\\app\\Config\\Routes.php')
 4 SYSTEMPATH\CodeIgniter.php(821): CodeIgniter\Router\RouteCollection->loadRoutes()
 5 SYSTEMPATH\CodeIgniter.php(455): CodeIgniter\CodeIgniter->tryToRouteIt(null)
 6 SYSTEMPATH\CodeIgniter.php(354): CodeIgniter\CodeIgniter->handleRequest(null, Object(Config\Cache), false)
 7 SYSTEMPATH\Boot.php(334): CodeIgniter\CodeIgniter->run()
 8 SYSTEMPATH\Boot.php(67): CodeIgniter\Boot::runCodeIgniter(Object(CodeIgniter\CodeIgniter))
 9 FCPATH\index.php(56): CodeIgniter\Boot::bootWeb(Object(Config\Paths))
WARNING - 2025-04-17 08:57:29 --> [DEPRECATED] Passing lowercase HTTP method "post" is deprecated. Use uppercase HTTP method like "POST". in SYSTEMPATH\Router\RouteCollection.php on line 1026.
 1 SYSTEMPATH\Router\RouteCollection.php(1026): trigger_error('Passing lowercase HTTP method "post" is deprecated. Use uppercase HTTP method like "POST".', 16384)
 2 APPPATH\Config\Routes.php(82): CodeIgniter\Router\RouteCollection->match([...], 'user/edit', 'User\\UserController::editProfile')
 3 SYSTEMPATH\Router\RouteCollection.php(339): require('C:\\wamp64\\www\\ci-learn_affix\\app\\Config\\Routes.php')
 4 SYSTEMPATH\CodeIgniter.php(821): CodeIgniter\Router\RouteCollection->loadRoutes()
 5 SYSTEMPATH\CodeIgniter.php(455): CodeIgniter\CodeIgniter->tryToRouteIt(null)
 6 SYSTEMPATH\CodeIgniter.php(354): CodeIgniter\CodeIgniter->handleRequest(null, Object(Config\Cache), false)
 7 SYSTEMPATH\Boot.php(334): CodeIgniter\CodeIgniter->run()
 8 SYSTEMPATH\Boot.php(67): CodeIgniter\Boot::runCodeIgniter(Object(CodeIgniter\CodeIgniter))
 9 FCPATH\index.php(56): CodeIgniter\Boot::bootWeb(Object(Config\Paths))
DEBUG - 2025-04-17 08:57:29 --> Session: Class initialized using 'CodeIgniter\Session\Handlers\FileHandler' driver.
DEBUG - 2025-04-17 08:57:29 --> Session: Class initialized using 'CodeIgniter\Session\Handlers\FileHandler' driver.
WARNING - 2025-04-17 08:57:29 --> [DEPRECATED] Passing lowercase HTTP method "get" is deprecated. Use uppercase HTTP method like "GET". in SYSTEMPATH\Router\RouteCollection.php on line 1026.
 1 SYSTEMPATH\Router\RouteCollection.php(1026): trigger_error('Passing lowercase HTTP method "get" is deprecated. Use uppercase HTTP method like "GET".', 16384)
 2 APPPATH\Config\Routes.php(82): CodeIgniter\Router\RouteCollection->match([...], 'user/edit', 'User\\UserController::editProfile')
 3 SYSTEMPATH\Router\RouteCollection.php(339): require('C:\\wamp64\\www\\ci-learn_affix\\app\\Config\\Routes.php')
 4 SYSTEMPATH\CodeIgniter.php(821): CodeIgniter\Router\RouteCollection->loadRoutes()
 5 SYSTEMPATH\CodeIgniter.php(455): CodeIgniter\CodeIgniter->tryToRouteIt(null)
 6 SYSTEMPATH\CodeIgniter.php(354): CodeIgniter\CodeIgniter->handleRequest(null, Object(Config\Cache), false)
 7 SYSTEMPATH\Boot.php(334): CodeIgniter\CodeIgniter->run()
 8 SYSTEMPATH\Boot.php(67): CodeIgniter\Boot::runCodeIgniter(Object(CodeIgniter\CodeIgniter))
 9 FCPATH\index.php(56): CodeIgniter\Boot::bootWeb(Object(Config\Paths))
WARNING - 2025-04-17 08:57:29 --> [DEPRECATED] Passing lowercase HTTP method "post" is deprecated. Use uppercase HTTP method like "POST". in SYSTEMPATH\Router\RouteCollection.php on line 1026.
 1 SYSTEMPATH\Router\RouteCollection.php(1026): trigger_error('Passing lowercase HTTP method "post" is deprecated. Use uppercase HTTP method like "POST".', 16384)
 2 APPPATH\Config\Routes.php(82): CodeIgniter\Router\RouteCollection->match([...], 'user/edit', 'User\\UserController::editProfile')
 3 SYSTEMPATH\Router\RouteCollection.php(339): require('C:\\wamp64\\www\\ci-learn_affix\\app\\Config\\Routes.php')
 4 SYSTEMPATH\CodeIgniter.php(821): CodeIgniter\Router\RouteCollection->loadRoutes()
 5 SYSTEMPATH\CodeIgniter.php(455): CodeIgniter\CodeIgniter->tryToRouteIt(null)
 6 SYSTEMPATH\CodeIgniter.php(354): CodeIgniter\CodeIgniter->handleRequest(null, Object(Config\Cache), false)
 7 SYSTEMPATH\Boot.php(334): CodeIgniter\CodeIgniter->run()
 8 SYSTEMPATH\Boot.php(67): CodeIgniter\Boot::runCodeIgniter(Object(CodeIgniter\CodeIgniter))
 9 FCPATH\index.php(56): CodeIgniter\Boot::bootWeb(Object(Config\Paths))
DEBUG - 2025-04-17 08:58:52 --> Session: Class initialized using 'CodeIgniter\Session\Handlers\FileHandler' driver.
WARNING - 2025-04-17 08:58:52 --> [DEPRECATED] Passing lowercase HTTP method "get" is deprecated. Use uppercase HTTP method like "GET". in SYSTEMPATH\Router\RouteCollection.php on line 1026.
 1 SYSTEMPATH\Router\RouteCollection.php(1026): trigger_error('Passing lowercase HTTP method "get" is deprecated. Use uppercase HTTP method like "GET".', 16384)
 2 APPPATH\Config\Routes.php(82): CodeIgniter\Router\RouteCollection->match([...], 'user/edit', 'User\\UserController::editProfile')
 3 SYSTEMPATH\Router\RouteCollection.php(339): require('C:\\wamp64\\www\\ci-learn_affix\\app\\Config\\Routes.php')
 4 SYSTEMPATH\CodeIgniter.php(821): CodeIgniter\Router\RouteCollection->loadRoutes()
 5 SYSTEMPATH\CodeIgniter.php(455): CodeIgniter\CodeIgniter->tryToRouteIt(null)
 6 SYSTEMPATH\CodeIgniter.php(354): CodeIgniter\CodeIgniter->handleRequest(null, Object(Config\Cache), false)
 7 SYSTEMPATH\Boot.php(334): CodeIgniter\CodeIgniter->run()
 8 SYSTEMPATH\Boot.php(67): CodeIgniter\Boot::runCodeIgniter(Object(CodeIgniter\CodeIgniter))
 9 FCPATH\index.php(56): CodeIgniter\Boot::bootWeb(Object(Config\Paths))
WARNING - 2025-04-17 08:58:52 --> [DEPRECATED] Passing lowercase HTTP method "post" is deprecated. Use uppercase HTTP method like "POST". in SYSTEMPATH\Router\RouteCollection.php on line 1026.
 1 SYSTEMPATH\Router\RouteCollection.php(1026): trigger_error('Passing lowercase HTTP method "post" is deprecated. Use uppercase HTTP method like "POST".', 16384)
 2 APPPATH\Config\Routes.php(82): CodeIgniter\Router\RouteCollection->match([...], 'user/edit', 'User\\UserController::editProfile')
 3 SYSTEMPATH\Router\RouteCollection.php(339): require('C:\\wamp64\\www\\ci-learn_affix\\app\\Config\\Routes.php')
 4 SYSTEMPATH\CodeIgniter.php(821): CodeIgniter\Router\RouteCollection->loadRoutes()
 5 SYSTEMPATH\CodeIgniter.php(455): CodeIgniter\CodeIgniter->tryToRouteIt(null)
 6 SYSTEMPATH\CodeIgniter.php(354): CodeIgniter\CodeIgniter->handleRequest(null, Object(Config\Cache), false)
 7 SYSTEMPATH\Boot.php(334): CodeIgniter\CodeIgniter->run()
 8 SYSTEMPATH\Boot.php(67): CodeIgniter\Boot::runCodeIgniter(Object(CodeIgniter\CodeIgniter))
 9 FCPATH\index.php(56): CodeIgniter\Boot::bootWeb(Object(Config\Paths))
DEBUG - 2025-04-17 08:58:53 --> Session: Class initialized using 'CodeIgniter\Session\Handlers\FileHandler' driver.
DEBUG - 2025-04-17 08:58:53 --> Session: Class initialized using 'CodeIgniter\Session\Handlers\FileHandler' driver.
WARNING - 2025-04-17 08:58:53 --> [DEPRECATED] Passing lowercase HTTP method "get" is deprecated. Use uppercase HTTP method like "GET". in SYSTEMPATH\Router\RouteCollection.php on line 1026.
 1 SYSTEMPATH\Router\RouteCollection.php(1026): trigger_error('Passing lowercase HTTP method "get" is deprecated. Use uppercase HTTP method like "GET".', 16384)
 2 APPPATH\Config\Routes.php(82): CodeIgniter\Router\RouteCollection->match([...], 'user/edit', 'User\\UserController::editProfile')
 3 SYSTEMPATH\Router\RouteCollection.php(339): require('C:\\wamp64\\www\\ci-learn_affix\\app\\Config\\Routes.php')
 4 SYSTEMPATH\CodeIgniter.php(821): CodeIgniter\Router\RouteCollection->loadRoutes()
 5 SYSTEMPATH\CodeIgniter.php(455): CodeIgniter\CodeIgniter->tryToRouteIt(null)
 6 SYSTEMPATH\CodeIgniter.php(354): CodeIgniter\CodeIgniter->handleRequest(null, Object(Config\Cache), false)
 7 SYSTEMPATH\Boot.php(334): CodeIgniter\CodeIgniter->run()
 8 SYSTEMPATH\Boot.php(67): CodeIgniter\Boot::runCodeIgniter(Object(CodeIgniter\CodeIgniter))
 9 FCPATH\index.php(56): CodeIgniter\Boot::bootWeb(Object(Config\Paths))
WARNING - 2025-04-17 08:58:53 --> [DEPRECATED] Passing lowercase HTTP method "post" is deprecated. Use uppercase HTTP method like "POST". in SYSTEMPATH\Router\RouteCollection.php on line 1026.
 1 SYSTEMPATH\Router\RouteCollection.php(1026): trigger_error('Passing lowercase HTTP method "post" is deprecated. Use uppercase HTTP method like "POST".', 16384)
 2 APPPATH\Config\Routes.php(82): CodeIgniter\Router\RouteCollection->match([...], 'user/edit', 'User\\UserController::editProfile')
 3 SYSTEMPATH\Router\RouteCollection.php(339): require('C:\\wamp64\\www\\ci-learn_affix\\app\\Config\\Routes.php')
 4 SYSTEMPATH\CodeIgniter.php(821): CodeIgniter\Router\RouteCollection->loadRoutes()
 5 SYSTEMPATH\CodeIgniter.php(455): CodeIgniter\CodeIgniter->tryToRouteIt(null)
 6 SYSTEMPATH\CodeIgniter.php(354): CodeIgniter\CodeIgniter->handleRequest(null, Object(Config\Cache), false)
 7 SYSTEMPATH\Boot.php(334): CodeIgniter\CodeIgniter->run()
 8 SYSTEMPATH\Boot.php(67): CodeIgniter\Boot::runCodeIgniter(Object(CodeIgniter\CodeIgniter))
 9 FCPATH\index.php(56): CodeIgniter\Boot::bootWeb(Object(Config\Paths))
DEBUG - 2025-04-17 08:59:20 --> Session: Class initialized using 'CodeIgniter\Session\Handlers\FileHandler' driver.
WARNING - 2025-04-17 08:59:20 --> [DEPRECATED] Passing lowercase HTTP method "get" is deprecated. Use uppercase HTTP method like "GET". in SYSTEMPATH\Router\RouteCollection.php on line 1026.
 1 SYSTEMPATH\Router\RouteCollection.php(1026): trigger_error('Passing lowercase HTTP method "get" is deprecated. Use uppercase HTTP method like "GET".', 16384)
 2 APPPATH\Config\Routes.php(82): CodeIgniter\Router\RouteCollection->match([...], 'user/edit', 'User\\UserController::editProfile')
 3 SYSTEMPATH\Router\RouteCollection.php(339): require('C:\\wamp64\\www\\ci-learn_affix\\app\\Config\\Routes.php')
 4 SYSTEMPATH\CodeIgniter.php(821): CodeIgniter\Router\RouteCollection->loadRoutes()
 5 SYSTEMPATH\CodeIgniter.php(455): CodeIgniter\CodeIgniter->tryToRouteIt(null)
 6 SYSTEMPATH\CodeIgniter.php(354): CodeIgniter\CodeIgniter->handleRequest(null, Object(Config\Cache), false)
 7 SYSTEMPATH\Boot.php(334): CodeIgniter\CodeIgniter->run()
 8 SYSTEMPATH\Boot.php(67): CodeIgniter\Boot::runCodeIgniter(Object(CodeIgniter\CodeIgniter))
 9 FCPATH\index.php(56): CodeIgniter\Boot::bootWeb(Object(Config\Paths))
WARNING - 2025-04-17 08:59:20 --> [DEPRECATED] Passing lowercase HTTP method "post" is deprecated. Use uppercase HTTP method like "POST". in SYSTEMPATH\Router\RouteCollection.php on line 1026.
 1 SYSTEMPATH\Router\RouteCollection.php(1026): trigger_error('Passing lowercase HTTP method "post" is deprecated. Use uppercase HTTP method like "POST".', 16384)
 2 APPPATH\Config\Routes.php(82): CodeIgniter\Router\RouteCollection->match([...], 'user/edit', 'User\\UserController::editProfile')
 3 SYSTEMPATH\Router\RouteCollection.php(339): require('C:\\wamp64\\www\\ci-learn_affix\\app\\Config\\Routes.php')
 4 SYSTEMPATH\CodeIgniter.php(821): CodeIgniter\Router\RouteCollection->loadRoutes()
 5 SYSTEMPATH\CodeIgniter.php(455): CodeIgniter\CodeIgniter->tryToRouteIt(null)
 6 SYSTEMPATH\CodeIgniter.php(354): CodeIgniter\CodeIgniter->handleRequest(null, Object(Config\Cache), false)
 7 SYSTEMPATH\Boot.php(334): CodeIgniter\CodeIgniter->run()
 8 SYSTEMPATH\Boot.php(67): CodeIgniter\Boot::runCodeIgniter(Object(CodeIgniter\CodeIgniter))
 9 FCPATH\index.php(56): CodeIgniter\Boot::bootWeb(Object(Config\Paths))
DEBUG - 2025-04-17 08:59:20 --> Session: Class initialized using 'CodeIgniter\Session\Handlers\FileHandler' driver.
DEBUG - 2025-04-17 08:59:20 --> Session: Class initialized using 'CodeIgniter\Session\Handlers\FileHandler' driver.
WARNING - 2025-04-17 08:59:20 --> [DEPRECATED] Passing lowercase HTTP method "get" is deprecated. Use uppercase HTTP method like "GET". in SYSTEMPATH\Router\RouteCollection.php on line 1026.
 1 SYSTEMPATH\Router\RouteCollection.php(1026): trigger_error('Passing lowercase HTTP method "get" is deprecated. Use uppercase HTTP method like "GET".', 16384)
 2 APPPATH\Config\Routes.php(82): CodeIgniter\Router\RouteCollection->match([...], 'user/edit', 'User\\UserController::editProfile')
 3 SYSTEMPATH\Router\RouteCollection.php(339): require('C:\\wamp64\\www\\ci-learn_affix\\app\\Config\\Routes.php')
 4 SYSTEMPATH\CodeIgniter.php(821): CodeIgniter\Router\RouteCollection->loadRoutes()
 5 SYSTEMPATH\CodeIgniter.php(455): CodeIgniter\CodeIgniter->tryToRouteIt(null)
 6 SYSTEMPATH\CodeIgniter.php(354): CodeIgniter\CodeIgniter->handleRequest(null, Object(Config\Cache), false)
 7 SYSTEMPATH\Boot.php(334): CodeIgniter\CodeIgniter->run()
 8 SYSTEMPATH\Boot.php(67): CodeIgniter\Boot::runCodeIgniter(Object(CodeIgniter\CodeIgniter))
 9 FCPATH\index.php(56): CodeIgniter\Boot::bootWeb(Object(Config\Paths))
WARNING - 2025-04-17 08:59:20 --> [DEPRECATED] Passing lowercase HTTP method "post" is deprecated. Use uppercase HTTP method like "POST". in SYSTEMPATH\Router\RouteCollection.php on line 1026.
 1 SYSTEMPATH\Router\RouteCollection.php(1026): trigger_error('Passing lowercase HTTP method "post" is deprecated. Use uppercase HTTP method like "POST".', 16384)
 2 APPPATH\Config\Routes.php(82): CodeIgniter\Router\RouteCollection->match([...], 'user/edit', 'User\\UserController::editProfile')
 3 SYSTEMPATH\Router\RouteCollection.php(339): require('C:\\wamp64\\www\\ci-learn_affix\\app\\Config\\Routes.php')
 4 SYSTEMPATH\CodeIgniter.php(821): CodeIgniter\Router\RouteCollection->loadRoutes()
 5 SYSTEMPATH\CodeIgniter.php(455): CodeIgniter\CodeIgniter->tryToRouteIt(null)
 6 SYSTEMPATH\CodeIgniter.php(354): CodeIgniter\CodeIgniter->handleRequest(null, Object(Config\Cache), false)
 7 SYSTEMPATH\Boot.php(334): CodeIgniter\CodeIgniter->run()
 8 SYSTEMPATH\Boot.php(67): CodeIgniter\Boot::runCodeIgniter(Object(CodeIgniter\CodeIgniter))
 9 FCPATH\index.php(56): CodeIgniter\Boot::bootWeb(Object(Config\Paths))
DEBUG - 2025-04-17 08:59:30 --> Session: Class initialized using 'CodeIgniter\Session\Handlers\FileHandler' driver.
WARNING - 2025-04-17 08:59:30 --> [DEPRECATED] Passing lowercase HTTP method "get" is deprecated. Use uppercase HTTP method like "GET". in SYSTEMPATH\Router\RouteCollection.php on line 1026.
 1 SYSTEMPATH\Router\RouteCollection.php(1026): trigger_error('Passing lowercase HTTP method "get" is deprecated. Use uppercase HTTP method like "GET".', 16384)
 2 APPPATH\Config\Routes.php(82): CodeIgniter\Router\RouteCollection->match([...], 'user/edit', 'User\\UserController::editProfile')
 3 SYSTEMPATH\Router\RouteCollection.php(339): require('C:\\wamp64\\www\\ci-learn_affix\\app\\Config\\Routes.php')
 4 SYSTEMPATH\CodeIgniter.php(821): CodeIgniter\Router\RouteCollection->loadRoutes()
 5 SYSTEMPATH\CodeIgniter.php(455): CodeIgniter\CodeIgniter->tryToRouteIt(null)
 6 SYSTEMPATH\CodeIgniter.php(354): CodeIgniter\CodeIgniter->handleRequest(null, Object(Config\Cache), false)
 7 SYSTEMPATH\Boot.php(334): CodeIgniter\CodeIgniter->run()
 8 SYSTEMPATH\Boot.php(67): CodeIgniter\Boot::runCodeIgniter(Object(CodeIgniter\CodeIgniter))
 9 FCPATH\index.php(56): CodeIgniter\Boot::bootWeb(Object(Config\Paths))
WARNING - 2025-04-17 08:59:30 --> [DEPRECATED] Passing lowercase HTTP method "post" is deprecated. Use uppercase HTTP method like "POST". in SYSTEMPATH\Router\RouteCollection.php on line 1026.
 1 SYSTEMPATH\Router\RouteCollection.php(1026): trigger_error('Passing lowercase HTTP method "post" is deprecated. Use uppercase HTTP method like "POST".', 16384)
 2 APPPATH\Config\Routes.php(82): CodeIgniter\Router\RouteCollection->match([...], 'user/edit', 'User\\UserController::editProfile')
 3 SYSTEMPATH\Router\RouteCollection.php(339): require('C:\\wamp64\\www\\ci-learn_affix\\app\\Config\\Routes.php')
 4 SYSTEMPATH\CodeIgniter.php(821): CodeIgniter\Router\RouteCollection->loadRoutes()
 5 SYSTEMPATH\CodeIgniter.php(455): CodeIgniter\CodeIgniter->tryToRouteIt(null)
 6 SYSTEMPATH\CodeIgniter.php(354): CodeIgniter\CodeIgniter->handleRequest(null, Object(Config\Cache), false)
 7 SYSTEMPATH\Boot.php(334): CodeIgniter\CodeIgniter->run()
 8 SYSTEMPATH\Boot.php(67): CodeIgniter\Boot::runCodeIgniter(Object(CodeIgniter\CodeIgniter))
 9 FCPATH\index.php(56): CodeIgniter\Boot::bootWeb(Object(Config\Paths))
DEBUG - 2025-04-17 08:59:32 --> Unsplash API Response for category "Programming": {"id":"V9sv7QrDUgc","slug":"turned-on-laptop-on-desk-near-window-V9sv7QrDUgc","alternative_slugs":{"en":"turned-on-laptop-on-desk-near-window-V9sv7QrDUgc","es":"encendio-la-computadora-portatil-en-el-escritorio-cerca-de-la-ventana-V9sv7QrDUgc","ja":"\u7a93\u306e\u8fd1\u304f\u306e\u673a\u306e\u4e0a\u306e\u30e9\u30c3\u30d7\u30c8\u30c3\u30d7\u306e\u96fb\u6e90\u3092\u5165\u308c\u307e\u3057\u305f-V9sv7QrDUgc","fr":"allume-lordinateur-portable-sur-le-bureau-pres-de-la-fenetre-V9sv7QrDUgc","it":"acceso-il-computer-portatile-sulla-scrivania-vicino-alla-finestra-V9sv7QrDUgc","ko":"\ucc3d\ubb38-\uadfc\ucc98-\ucc45\uc0c1-\uc704\uc5d0-\ub178\ud2b8\ubd81\uc744-\ucf30\uc2b5\ub2c8\ub2e4-V9sv7QrDUgc","de":"laptop-auf-dem-schreibtisch-in-der-nahe-des-fensters-eingeschaltet-V9sv7QrDUgc","pt":"laptop-ligado-na-mesa-perto-da-janela-V9sv7QrDUgc"},"created_at":"2018-06-07T11:58:28Z","updated_at":"2025-04-17T06:09:03Z","promoted_at":null,"width":3024,"height":4032,"color":"#262626","blur_hash":"LMA]jE%1E2nis:R*WCt70gRk-UW=","description":"It\u2019s gonna be a hustle day","alt_description":"turned on laptop on desk near window","breadcrumbs":[],"urls":{"raw":"https:\/\/images.unsplash.com\/photo-1528372444006-1bfc81acab02?ixid=M3w3Mzg4NTh8MHwxfHJhbmRvbXx8fHx8fHx8fDE3NDQ4ODAzNzJ8&ixlib=rb-4.0.3","full":"https:\/\/images.unsplash.com\/photo-1528372444006-1bfc81acab02?crop=entropy&cs=srgb&fm=jpg&ixid=M3w3Mzg4NTh8MHwxfHJhbmRvbXx8fHx8fHx8fDE3NDQ4ODAzNzJ8&ixlib=rb-4.0.3&q=85","regular":"https:\/\/images.unsplash.com\/photo-1528372444006-1bfc81acab02?crop=entropy&cs=tinysrgb&fit=max&fm=jpg&ixid=M3w3Mzg4NTh8MHwxfHJhbmRvbXx8fHx8fHx8fDE3NDQ4ODAzNzJ8&ixlib=rb-4.0.3&q=80&w=1080","small":"https:\/\/images.unsplash.com\/photo-1528372444006-1bfc81acab02?crop=entropy&cs=tinysrgb&fit=max&fm=jpg&ixid=M3w3Mzg4NTh8MHwxfHJhbmRvbXx8fHx8fHx8fDE3NDQ4ODAzNzJ8&ixlib=rb-4.0.3&q=80&w=400","thumb":"https:\/\/images.unsplash.com\/photo-1528372444006-1bfc81acab02?crop=entropy&cs=tinysrgb&fit=max&fm=jpg&ixid=M3w3Mzg4NTh8MHwxfHJhbmRvbXx8fHx8fHx8fDE3NDQ4ODAzNzJ8&ixlib=rb-4.0.3&q=80&w=200","small_s3":"https:\/\/s3.us-west-2.amazonaws.com\/images.unsplash.com\/small\/photo-1528372444006-1bfc81acab02"},"links":{"self":"https:\/\/api.unsplash.com\/photos\/turned-on-laptop-on-desk-near-window-V9sv7QrDUgc","html":"https:\/\/unsplash.com\/photos\/turned-on-laptop-on-desk-near-window-V9sv7QrDUgc","download":"https:\/\/unsplash.com\/photos\/V9sv7QrDUgc\/download?ixid=M3w3Mzg4NTh8MHwxfHJhbmRvbXx8fHx8fHx8fDE3NDQ4ODAzNzJ8","download_location":"https:\/\/api.unsplash.com\/photos\/V9sv7QrDUgc\/download?ixid=M3w3Mzg4NTh8MHwxfHJhbmRvbXx8fHx8fHx8fDE3NDQ4ODAzNzJ8"},"likes":363,"liked_by_user":false,"current_user_collections":[],"sponsorship":null,"topic_submissions":[],"asset_type":"photo","user":{"id":"E1I0LY-lgU4","updated_at":"2024-09-19T10:18:37Z","username":"jefflssantos","name":"Jefferson Santos","first_name":"Jefferson","last_name":"Santos","twitter_username":"jefflssantos","portfolio_url":"https:\/\/jeffsantos.com.br\/","bio":"Profession: programmer, but I have more three passions - travel, music, and photography.\r\nContact: email@jeffsantos.com.br","location":"Cascavel, Paran\u00e1 - Brazil","links":{"self":"https:\/\/api.unsplash.com\/users\/jefflssantos","html":"https:\/\/unsplash.com\/@jefflssantos","photos":"https:\/\/api.unsplash.com\/users\/jefflssantos\/photos","likes":"https:\/\/api.unsplash.com\/users\/jefflssantos\/likes","portfolio":"https:\/\/api.unsplash.com\/users\/jefflssantos\/portfolio","following":"https:\/\/api.unsplash.com\/users\/jefflssantos\/following","followers":"https:\/\/api.unsplash.com\/users\/jefflssantos\/followers"},"profile_image":{"small":"https:\/\/images.unsplash.com\/profile-1699333770505-d88ace1a846eimage?ixlib=rb-4.0.3&crop=faces&fit=crop&w=32&h=32","medium":"https:\/\/images.unsplash.com\/profile-1699333770505-d88ace1a846eimage?ixlib=rb-4.0.3&crop=faces&fit=crop&w=64&h=64","large":"https:\/\/images.unsplash.com\/profile-1699333770505-d88ace1a846eimage?ixlib=rb-4.0.3&crop=faces&fit=crop&w=128&h=128"},"instagram_username":"jefflssantos","total_collections":0,"total_likes":0,"total_photos":37,"total_promoted_photos":3,"total_illustrations":0,"total_promoted_illustrations":0,"accepted_tos":true,"for_hire":true,"social":{"instagram_username":"jefflssantos","portfolio_url":"https:\/\/jeffsantos.com.br\/","twitter_username":"jefflssantos","paypal_email":null}},"exif":{"make":"Apple","model":"iPhone 8 Plus","name":"Apple, iPhone 8 Plus","exposure_time":"1\/60","aperture":"2.8","focal_length":"6.6","iso":160},"location":{"name":"Cascavel, Brazil","city":null,"country":"Brazil","position":{"latitude":-24.964667,"longitude":-53.4059848}},"meta":{"index":true},"public_domain":false,"tags":[{"type":"search","title":"dark"},{"type":"search","title":"sunrise"},{"type":"search","title":"light"},{"type":"search","title":"programming"},{"type":"search","title":"code"},{"type":"search","title":"desk"},{"type":"search","title":"window"},{"type":"search","title":"macbook"},{"type":"search","title":"home office"},{"type":"search","title":"moody"},{"type":"search","title":"cloudy"},{"type":"search","title":"window view"},{"type":"search","title":"dramatic sky"},{"type":"search","title":"down"},{"type":"search","title":"overcast"},{"type":"search","title":"home desk"},{"type":"search","title":"computer"},{"type":"search","title":"laptop"},{"type":"search","title":"furniture"},{"type":"search","title":"table"}],"views":3399245,"downloads":23264,"topics":[]}
DEBUG - 2025-04-17 08:59:32 --> No valid image found for category "Programming"
DEBUG - 2025-04-17 08:59:32 --> Fetched Image URL for category Programming: default-image.jpg
DEBUG - 2025-04-17 08:59:32 --> No valid image found for category Programming
DEBUG - 2025-04-17 08:59:50 --> Unsplash API Response for category "AI & Video": {"id":"gqGw98hVPho","slug":"black-and-red-computer-mouse-gqGw98hVPho","alternative_slugs":{"en":"black-and-red-computer-mouse-gqGw98hVPho","es":"raton-de-ordenador-negro-y-rojo-gqGw98hVPho","ja":"\u9ed2\u3068\u8d64\u306e\u30b3\u30f3\u30d4\u30e5\u30fc\u30bf\u30de\u30a6\u30b9-gqGw98hVPho","fr":"souris-dordinateur-noire-et-rouge-gqGw98hVPho","it":"mouse-per-computer-nero-e-rosso-gqGw98hVPho","ko":"\uac80\uc740-\uc0c9\uacfc-\ube68\uac04\uc0c9-\ucef4\ud4e8\ud130-\ub9c8\uc6b0\uc2a4-gqGw98hVPho","de":"schwarze-und-rote-computermaus-gqGw98hVPho","pt":"mouse-de-computador-preto-e-vermelho-gqGw98hVPho"},"created_at":"2020-08-07T02:07:04Z","updated_at":"2025-04-17T04:07:43Z","promoted_at":"2020-08-07T23:15:02Z","width":2688,"height":4032,"color":"#260c0c","blur_hash":"L46twN%M00M{D%Rj%Mxu0Kjs?aRj","description":null,"alt_description":"black and red computer mouse","breadcrumbs":[],"urls":{"raw":"https:\/\/images.unsplash.com\/photo-1596765961658-7f8e7d129a39?ixid=M3w3Mzg4NTh8MHwxfHJhbmRvbXx8fHx8fHx8fDE3NDQ4ODAzODl8&ixlib=rb-4.0.3","full":"https:\/\/images.unsplash.com\/photo-1596765961658-7f8e7d129a39?crop=entropy&cs=srgb&fm=jpg&ixid=M3w3Mzg4NTh8MHwxfHJhbmRvbXx8fHx8fHx8fDE3NDQ4ODAzODl8&ixlib=rb-4.0.3&q=85","regular":"https:\/\/images.unsplash.com\/photo-1596765961658-7f8e7d129a39?crop=entropy&cs=tinysrgb&fit=max&fm=jpg&ixid=M3w3Mzg4NTh8MHwxfHJhbmRvbXx8fHx8fHx8fDE3NDQ4ODAzODl8&ixlib=rb-4.0.3&q=80&w=1080","small":"https:\/\/images.unsplash.com\/photo-1596765961658-7f8e7d129a39?crop=entropy&cs=tinysrgb&fit=max&fm=jpg&ixid=M3w3Mzg4NTh8MHwxfHJhbmRvbXx8fHx8fHx8fDE3NDQ4ODAzODl8&ixlib=rb-4.0.3&q=80&w=400","thumb":"https:\/\/images.unsplash.com\/photo-1596765961658-7f8e7d129a39?crop=entropy&cs=tinysrgb&fit=max&fm=jpg&ixid=M3w3Mzg4NTh8MHwxfHJhbmRvbXx8fHx8fHx8fDE3NDQ4ODAzODl8&ixlib=rb-4.0.3&q=80&w=200","small_s3":"https:\/\/s3.us-west-2.amazonaws.com\/images.unsplash.com\/small\/photo-1596765961658-7f8e7d129a39"},"links":{"self":"https:\/\/api.unsplash.com\/photos\/black-and-red-computer-mouse-gqGw98hVPho","html":"https:\/\/unsplash.com\/photos\/black-and-red-computer-mouse-gqGw98hVPho","download":"https:\/\/unsplash.com\/photos\/gqGw98hVPho\/download?ixid=M3w3Mzg4NTh8MHwxfHJhbmRvbXx8fHx8fHx8fDE3NDQ4ODAzODl8","download_location":"https:\/\/api.unsplash.com\/photos\/gqGw98hVPho\/download?ixid=M3w3Mzg4NTh8MHwxfHJhbmRvbXx8fHx8fHx8fDE3NDQ4ODAzODl8"},"likes":42,"liked_by_user":false,"current_user_collections":[],"sponsorship":null,"topic_submissions":{"technology":{"status":"approved","approved_on":"2021-08-18T14:34:20Z"}},"asset_type":"photo","user":{"id":"mjb3OT9Te-k","updated_at":"2024-10-11T07:25:52Z","username":"cinescopecreative","name":"Cinescope Creative","first_name":"Cinescope Creative","last_name":null,"twitter_username":null,"portfolio_url":"http:\/\/www.cinescopecreative.com","bio":"My name is Jon McConnell. I am the founder of Cinescope Creative. CC is a creative company based in Houston that offers photo, video, and music production.","location":"Houston, Tx","links":{"self":"https:\/\/api.unsplash.com\/users\/cinescopecreative","html":"https:\/\/unsplash.com\/@cinescopecreative","photos":"https:\/\/api.unsplash.com\/users\/cinescopecreative\/photos","likes":"https:\/\/api.unsplash.com\/users\/cinescopecreative\/likes","portfolio":"https:\/\/api.unsplash.com\/users\/cinescopecreative\/portfolio","following":"https:\/\/api.unsplash.com\/users\/cinescopecreative\/following","followers":"https:\/\/api.unsplash.com\/users\/cinescopecreative\/followers"},"profile_image":{"small":"https:\/\/images.unsplash.com\/profile-1575412067300-a3aaa0721570image?ixlib=rb-4.0.3&crop=faces&fit=crop&w=32&h=32","medium":"https:\/\/images.unsplash.com\/profile-1575412067300-a3aaa0721570image?ixlib=rb-4.0.3&crop=faces&fit=crop&w=64&h=64","large":"https:\/\/images.unsplash.com\/profile-1575412067300-a3aaa0721570image?ixlib=rb-4.0.3&crop=faces&fit=crop&w=128&h=128"},"instagram_username":"cinescopecreative","total_collections":2,"total_likes":1,"total_photos":59,"total_promoted_photos":30,"total_illustrations":0,"total_promoted_illustrations":0,"accepted_tos":true,"for_hire":true,"social":{"instagram_username":"cinescopecreative","portfolio_url":"http:\/\/www.cinescopecreative.com","twitter_username":null,"paypal_email":null}},"exif":{"make":"Canon","model":"Canon EOS 5D Mark III","name":"Canon, EOS 5D Mark III","exposure_time":"1\/200","aperture":"5.6","focal_length":"100.0","iso":1000},"location":{"name":null,"city":null,"country":null,"position":{"latitude":null,"longitude":null}},"meta":{"index":true},"public_domain":false,"tags":[{"type":"search","title":"video"},{"type":"search","title":"red"},{"type":"search","title":"camera"},{"type":"search","title":"film"},{"type":"search","title":"cinema"},{"type":"search","title":"dragon"},{"type":"search","title":"video camera"},{"type":"search","title":"videography"},{"type":"search","title":"cinema camera"},{"type":"search","title":"cine"},{"type":"search","title":"red dragon"},{"type":"search","title":"grey"},{"type":"search","title":"electronics"},{"type":"search","title":"digital camera"}],"views":883758,"downloads":2830,"topics":[{"id":"J9yrPaHXRQY","title":"Technology","slug":"technology","visibility":"hidden"}]}
DEBUG - 2025-04-17 08:59:50 --> No valid image found for category "AI & Video"
DEBUG - 2025-04-17 08:59:50 --> Fetched Image URL for category AI & Video: default-image.jpg
DEBUG - 2025-04-17 08:59:50 --> No valid image found for category AI & Video
DEBUG - 2025-04-17 08:59:52 --> Unsplash API Response for category "Cybersecurity": {"id":"TlFw-WoI8_w","slug":"person-using-computer-on-table-TlFw-WoI8_w","alternative_slugs":{"en":"person-using-computer-on-table-TlFw-WoI8_w","es":"persona-que-usa-la-computadora-en-la-mesa-TlFw-WoI8_w","ja":"\u30c6\u30fc\u30d6\u30eb\u3067\u30b3\u30f3\u30d4\u30e5\u30fc\u30bf\u3092\u4f7f\u7528\u3059\u308b\u4eba-TlFw-WoI8_w","fr":"personne-utilisant-un-ordinateur-sur-table-TlFw-WoI8_w","it":"persona-che-utilizza-il-computer-sul-tavolo-TlFw-WoI8_w","ko":"\ud14c\uc774\ube14-\uc704\uc5d0\uc11c-\ucef4\ud4e8\ud130\ub97c-\uc0ac\uc6a9\ud558\ub294-\uc0ac\ub78c-TlFw-WoI8_w","de":"person-die-computer-auf-dem-tisch-benutzt-TlFw-WoI8_w","pt":"pessoa-usando-o-computador-na-mesa-TlFw-WoI8_w"},"created_at":"2021-08-25T15:23:04Z","updated_at":"2025-04-17T07:03:59Z","promoted_at":null,"width":5184,"height":3456,"color":"#262626","blur_hash":"LFC$}_+aR*-pM|M{%goM0Lk=-;IU","description":null,"alt_description":"person using computer on table","breadcrumbs":[],"urls":{"raw":"https:\/\/images.unsplash.com\/photo-1629904888780-8de0c7aeed28?ixid=M3w3Mzg4NTh8MHwxfHJhbmRvbXx8fHx8fHx8fDE3NDQ4ODAzOTJ8&ixlib=rb-4.0.3","full":"https:\/\/images.unsplash.com\/photo-1629904888780-8de0c7aeed28?crop=entropy&cs=srgb&fm=jpg&ixid=M3w3Mzg4NTh8MHwxfHJhbmRvbXx8fHx8fHx8fDE3NDQ4ODAzOTJ8&ixlib=rb-4.0.3&q=85","regular":"https:\/\/images.unsplash.com\/photo-1629904888780-8de0c7aeed28?crop=entropy&cs=tinysrgb&fit=max&fm=jpg&ixid=M3w3Mzg4NTh8MHwxfHJhbmRvbXx8fHx8fHx8fDE3NDQ4ODAzOTJ8&ixlib=rb-4.0.3&q=80&w=1080","small":"https:\/\/images.unsplash.com\/photo-1629904888780-8de0c7aeed28?crop=entropy&cs=tinysrgb&fit=max&fm=jpg&ixid=M3w3Mzg4NTh8MHwxfHJhbmRvbXx8fHx8fHx8fDE3NDQ4ODAzOTJ8&ixlib=rb-4.0.3&q=80&w=400","thumb":"https:\/\/images.unsplash.com\/photo-1629904888780-8de0c7aeed28?crop=entropy&cs=tinysrgb&fit=max&fm=jpg&ixid=M3w3Mzg4NTh8MHwxfHJhbmRvbXx8fHx8fHx8fDE3NDQ4ODAzOTJ8&ixlib=rb-4.0.3&q=80&w=200","small_s3":"https:\/\/s3.us-west-2.amazonaws.com\/images.unsplash.com\/small\/photo-1629904888780-8de0c7aeed28"},"links":{"self":"https:\/\/api.unsplash.com\/photos\/person-using-computer-on-table-TlFw-WoI8_w","html":"https:\/\/unsplash.com\/photos\/person-using-computer-on-table-TlFw-WoI8_w","download":"https:\/\/unsplash.com\/photos\/TlFw-WoI8_w\/download?ixid=M3w3Mzg4NTh8MHwxfHJhbmRvbXx8fHx8fHx8fDE3NDQ4ODAzOTJ8","download_location":"https:\/\/api.unsplash.com\/photos\/TlFw-WoI8_w\/download?ixid=M3w3Mzg4NTh8MHwxfHJhbmRvbXx8fHx8fHx8fDE3NDQ4ODAzOTJ8"},"likes":98,"liked_by_user":false,"current_user_collections":[],"sponsorship":null,"topic_submissions":{"business-work":{"status":"approved","approved_on":"2022-05-24T09:26:17Z"}},"asset_type":"photo","user":{"id":"c2sAAE9BXrY","updated_at":"2025-04-17T03:26:31Z","username":"sigmund","name":"Sigmund","first_name":"Sigmund","last_name":null,"twitter_username":null,"portfolio_url":"https:\/\/sigmund.ca","bio":"Sigmund r\u00e9alise des solutions num\u00e9riques qui font la diff\u00e9rence. onvousecoute@sigmund.ca","location":"Quebec, Canada","links":{"self":"https:\/\/api.unsplash.com\/users\/sigmund","html":"https:\/\/unsplash.com\/@sigmund","photos":"https:\/\/api.unsplash.com\/users\/sigmund\/photos","likes":"https:\/\/api.unsplash.com\/users\/sigmund\/likes","portfolio":"https:\/\/api.unsplash.com\/users\/sigmund\/portfolio"},"profile_image":{"small":"https:\/\/images.unsplash.com\/profile-1726603509690-4aa8044aa417image?ixlib=rb-4.0.3&crop=faces&fit=crop&w=32&h=32","medium":"https:\/\/images.unsplash.com\/profile-1726603509690-4aa8044aa417image?ixlib=rb-4.0.3&crop=faces&fit=crop&w=64&h=64","large":"https:\/\/images.unsplash.com\/profile-1726603509690-4aa8044aa417image?ixlib=rb-4.0.3&crop=faces&fit=crop&w=128&h=128"},"instagram_username":"sig__mund","total_collections":31,"total_likes":810,"total_photos":2478,"total_promoted_photos":41,"total_illustrations":143,"total_promoted_illustrations":4,"accepted_tos":true,"for_hire":false,"social":{"instagram_username":"sig__mund","portfolio_url":"https:\/\/sigmund.ca","twitter_username":null,"paypal_email":null}},"exif":{"make":"Canon","model":"Canon EOS REBEL SL1","name":"Canon, EOS REBEL SL1","exposure_time":"1\/400","aperture":"5.6","focal_length":"300.0","iso":3200},"location":{"name":null,"city":null,"country":null,"position":{"latitude":null,"longitude":null}},"meta":{"index":true},"public_domain":false,"tags":[{"type":"search","title":"business"},{"type":"search","title":"human"},{"type":"search","title":"computer"},{"type":"search","title":"laptop"},{"type":"search","title":"furniture"},{"type":"search","title":"table"},{"type":"search","title":"hand"},{"type":"search","title":"desk"},{"type":"search","title":"text"},{"type":"search","title":"keyboard"},{"type":"search","title":"electronics"},{"type":"search","title":"mouse"},{"type":"search","title":"hardware"}],"views":5033327,"downloads":34842,"topics":[{"id":"aeu6rL-j6ew","title":"Business & Work","slug":"business-work","visibility":"visible"}]}
DEBUG - 2025-04-17 08:59:52 --> No valid image found for category "Cybersecurity"
DEBUG - 2025-04-17 08:59:52 --> Fetched Image URL for category Cybersecurity: default-image.jpg
DEBUG - 2025-04-17 08:59:52 --> No valid image found for category Cybersecurity
DEBUG - 2025-04-17 08:59:52 --> Session: Class initialized using 'CodeIgniter\Session\Handlers\FileHandler' driver.
WARNING - 2025-04-17 08:59:52 --> [DEPRECATED] Passing lowercase HTTP method "get" is deprecated. Use uppercase HTTP method like "GET". in SYSTEMPATH\Router\RouteCollection.php on line 1026.
 1 SYSTEMPATH\Router\RouteCollection.php(1026): trigger_error('Passing lowercase HTTP method "get" is deprecated. Use uppercase HTTP method like "GET".', 16384)
 2 APPPATH\Config\Routes.php(82): CodeIgniter\Router\RouteCollection->match([...], 'user/edit', 'User\\UserController::editProfile')
 3 SYSTEMPATH\Router\RouteCollection.php(339): require('C:\\wamp64\\www\\ci-learn_affix\\app\\Config\\Routes.php')
 4 SYSTEMPATH\CodeIgniter.php(821): CodeIgniter\Router\RouteCollection->loadRoutes()
 5 SYSTEMPATH\CodeIgniter.php(455): CodeIgniter\CodeIgniter->tryToRouteIt(null)
 6 SYSTEMPATH\CodeIgniter.php(354): CodeIgniter\CodeIgniter->handleRequest(null, Object(Config\Cache), false)
 7 SYSTEMPATH\Boot.php(334): CodeIgniter\CodeIgniter->run()
 8 SYSTEMPATH\Boot.php(67): CodeIgniter\Boot::runCodeIgniter(Object(CodeIgniter\CodeIgniter))
 9 FCPATH\index.php(56): CodeIgniter\Boot::bootWeb(Object(Config\Paths))
WARNING - 2025-04-17 08:59:52 --> [DEPRECATED] Passing lowercase HTTP method "post" is deprecated. Use uppercase HTTP method like "POST". in SYSTEMPATH\Router\RouteCollection.php on line 1026.
 1 SYSTEMPATH\Router\RouteCollection.php(1026): trigger_error('Passing lowercase HTTP method "post" is deprecated. Use uppercase HTTP method like "POST".', 16384)
 2 APPPATH\Config\Routes.php(82): CodeIgniter\Router\RouteCollection->match([...], 'user/edit', 'User\\UserController::editProfile')
 3 SYSTEMPATH\Router\RouteCollection.php(339): require('C:\\wamp64\\www\\ci-learn_affix\\app\\Config\\Routes.php')
 4 SYSTEMPATH\CodeIgniter.php(821): CodeIgniter\Router\RouteCollection->loadRoutes()
 5 SYSTEMPATH\CodeIgniter.php(455): CodeIgniter\CodeIgniter->tryToRouteIt(null)
 6 SYSTEMPATH\CodeIgniter.php(354): CodeIgniter\CodeIgniter->handleRequest(null, Object(Config\Cache), false)
 7 SYSTEMPATH\Boot.php(334): CodeIgniter\CodeIgniter->run()
 8 SYSTEMPATH\Boot.php(67): CodeIgniter\Boot::runCodeIgniter(Object(CodeIgniter\CodeIgniter))
 9 FCPATH\index.php(56): CodeIgniter\Boot::bootWeb(Object(Config\Paths))
DEBUG - 2025-04-17 08:59:52 --> Session: Class initialized using 'CodeIgniter\Session\Handlers\FileHandler' driver.
DEBUG - 2025-04-17 08:59:52 --> Session: Class initialized using 'CodeIgniter\Session\Handlers\FileHandler' driver.
WARNING - 2025-04-17 08:59:52 --> [DEPRECATED] Passing lowercase HTTP method "get" is deprecated. Use uppercase HTTP method like "GET". in SYSTEMPATH\Router\RouteCollection.php on line 1026.
 1 SYSTEMPATH\Router\RouteCollection.php(1026): trigger_error('Passing lowercase HTTP method "get" is deprecated. Use uppercase HTTP method like "GET".', 16384)
 2 APPPATH\Config\Routes.php(82): CodeIgniter\Router\RouteCollection->match([...], 'user/edit', 'User\\UserController::editProfile')
 3 SYSTEMPATH\Router\RouteCollection.php(339): require('C:\\wamp64\\www\\ci-learn_affix\\app\\Config\\Routes.php')
 4 SYSTEMPATH\CodeIgniter.php(821): CodeIgniter\Router\RouteCollection->loadRoutes()
 5 SYSTEMPATH\CodeIgniter.php(455): CodeIgniter\CodeIgniter->tryToRouteIt(null)
 6 SYSTEMPATH\CodeIgniter.php(354): CodeIgniter\CodeIgniter->handleRequest(null, Object(Config\Cache), false)
 7 SYSTEMPATH\Boot.php(334): CodeIgniter\CodeIgniter->run()
 8 SYSTEMPATH\Boot.php(67): CodeIgniter\Boot::runCodeIgniter(Object(CodeIgniter\CodeIgniter))
 9 FCPATH\index.php(56): CodeIgniter\Boot::bootWeb(Object(Config\Paths))
WARNING - 2025-04-17 08:59:52 --> [DEPRECATED] Passing lowercase HTTP method "post" is deprecated. Use uppercase HTTP method like "POST". in SYSTEMPATH\Router\RouteCollection.php on line 1026.
 1 SYSTEMPATH\Router\RouteCollection.php(1026): trigger_error('Passing lowercase HTTP method "post" is deprecated. Use uppercase HTTP method like "POST".', 16384)
 2 APPPATH\Config\Routes.php(82): CodeIgniter\Router\RouteCollection->match([...], 'user/edit', 'User\\UserController::editProfile')
 3 SYSTEMPATH\Router\RouteCollection.php(339): require('C:\\wamp64\\www\\ci-learn_affix\\app\\Config\\Routes.php')
 4 SYSTEMPATH\CodeIgniter.php(821): CodeIgniter\Router\RouteCollection->loadRoutes()
 5 SYSTEMPATH\CodeIgniter.php(455): CodeIgniter\CodeIgniter->tryToRouteIt(null)
 6 SYSTEMPATH\CodeIgniter.php(354): CodeIgniter\CodeIgniter->handleRequest(null, Object(Config\Cache), false)
 7 SYSTEMPATH\Boot.php(334): CodeIgniter\CodeIgniter->run()
 8 SYSTEMPATH\Boot.php(67): CodeIgniter\Boot::runCodeIgniter(Object(CodeIgniter\CodeIgniter))
 9 FCPATH\index.php(56): CodeIgniter\Boot::bootWeb(Object(Config\Paths))
DEBUG - 2025-04-17 09:01:15 --> Session: Class initialized using 'CodeIgniter\Session\Handlers\FileHandler' driver.
WARNING - 2025-04-17 09:01:15 --> [DEPRECATED] Passing lowercase HTTP method "get" is deprecated. Use uppercase HTTP method like "GET". in SYSTEMPATH\Router\RouteCollection.php on line 1026.
 1 SYSTEMPATH\Router\RouteCollection.php(1026): trigger_error('Passing lowercase HTTP method "get" is deprecated. Use uppercase HTTP method like "GET".', 16384)
 2 APPPATH\Config\Routes.php(82): CodeIgniter\Router\RouteCollection->match([...], 'user/edit', 'User\\UserController::editProfile')
 3 SYSTEMPATH\Router\RouteCollection.php(339): require('C:\\wamp64\\www\\ci-learn_affix\\app\\Config\\Routes.php')
 4 SYSTEMPATH\CodeIgniter.php(821): CodeIgniter\Router\RouteCollection->loadRoutes()
 5 SYSTEMPATH\CodeIgniter.php(455): CodeIgniter\CodeIgniter->tryToRouteIt(null)
 6 SYSTEMPATH\CodeIgniter.php(354): CodeIgniter\CodeIgniter->handleRequest(null, Object(Config\Cache), false)
 7 SYSTEMPATH\Boot.php(334): CodeIgniter\CodeIgniter->run()
 8 SYSTEMPATH\Boot.php(67): CodeIgniter\Boot::runCodeIgniter(Object(CodeIgniter\CodeIgniter))
 9 FCPATH\index.php(56): CodeIgniter\Boot::bootWeb(Object(Config\Paths))
WARNING - 2025-04-17 09:01:15 --> [DEPRECATED] Passing lowercase HTTP method "post" is deprecated. Use uppercase HTTP method like "POST". in SYSTEMPATH\Router\RouteCollection.php on line 1026.
 1 SYSTEMPATH\Router\RouteCollection.php(1026): trigger_error('Passing lowercase HTTP method "post" is deprecated. Use uppercase HTTP method like "POST".', 16384)
 2 APPPATH\Config\Routes.php(82): CodeIgniter\Router\RouteCollection->match([...], 'user/edit', 'User\\UserController::editProfile')
 3 SYSTEMPATH\Router\RouteCollection.php(339): require('C:\\wamp64\\www\\ci-learn_affix\\app\\Config\\Routes.php')
 4 SYSTEMPATH\CodeIgniter.php(821): CodeIgniter\Router\RouteCollection->loadRoutes()
 5 SYSTEMPATH\CodeIgniter.php(455): CodeIgniter\CodeIgniter->tryToRouteIt(null)
 6 SYSTEMPATH\CodeIgniter.php(354): CodeIgniter\CodeIgniter->handleRequest(null, Object(Config\Cache), false)
 7 SYSTEMPATH\Boot.php(334): CodeIgniter\CodeIgniter->run()
 8 SYSTEMPATH\Boot.php(67): CodeIgniter\Boot::runCodeIgniter(Object(CodeIgniter\CodeIgniter))
 9 FCPATH\index.php(56): CodeIgniter\Boot::bootWeb(Object(Config\Paths))
DEBUG - 2025-04-17 09:01:15 --> Session: Class initialized using 'CodeIgniter\Session\Handlers\FileHandler' driver.
DEBUG - 2025-04-17 09:01:15 --> Session: Class initialized using 'CodeIgniter\Session\Handlers\FileHandler' driver.
WARNING - 2025-04-17 09:01:15 --> [DEPRECATED] Passing lowercase HTTP method "get" is deprecated. Use uppercase HTTP method like "GET". in SYSTEMPATH\Router\RouteCollection.php on line 1026.
 1 SYSTEMPATH\Router\RouteCollection.php(1026): trigger_error('Passing lowercase HTTP method "get" is deprecated. Use uppercase HTTP method like "GET".', 16384)
 2 APPPATH\Config\Routes.php(82): CodeIgniter\Router\RouteCollection->match([...], 'user/edit', 'User\\UserController::editProfile')
 3 SYSTEMPATH\Router\RouteCollection.php(339): require('C:\\wamp64\\www\\ci-learn_affix\\app\\Config\\Routes.php')
 4 SYSTEMPATH\CodeIgniter.php(821): CodeIgniter\Router\RouteCollection->loadRoutes()
 5 SYSTEMPATH\CodeIgniter.php(455): CodeIgniter\CodeIgniter->tryToRouteIt(null)
 6 SYSTEMPATH\CodeIgniter.php(354): CodeIgniter\CodeIgniter->handleRequest(null, Object(Config\Cache), false)
 7 SYSTEMPATH\Boot.php(334): CodeIgniter\CodeIgniter->run()
 8 SYSTEMPATH\Boot.php(67): CodeIgniter\Boot::runCodeIgniter(Object(CodeIgniter\CodeIgniter))
 9 FCPATH\index.php(56): CodeIgniter\Boot::bootWeb(Object(Config\Paths))
WARNING - 2025-04-17 09:01:15 --> [DEPRECATED] Passing lowercase HTTP method "post" is deprecated. Use uppercase HTTP method like "POST". in SYSTEMPATH\Router\RouteCollection.php on line 1026.
 1 SYSTEMPATH\Router\RouteCollection.php(1026): trigger_error('Passing lowercase HTTP method "post" is deprecated. Use uppercase HTTP method like "POST".', 16384)
 2 APPPATH\Config\Routes.php(82): CodeIgniter\Router\RouteCollection->match([...], 'user/edit', 'User\\UserController::editProfile')
 3 SYSTEMPATH\Router\RouteCollection.php(339): require('C:\\wamp64\\www\\ci-learn_affix\\app\\Config\\Routes.php')
 4 SYSTEMPATH\CodeIgniter.php(821): CodeIgniter\Router\RouteCollection->loadRoutes()
 5 SYSTEMPATH\CodeIgniter.php(455): CodeIgniter\CodeIgniter->tryToRouteIt(null)
 6 SYSTEMPATH\CodeIgniter.php(354): CodeIgniter\CodeIgniter->handleRequest(null, Object(Config\Cache), false)
 7 SYSTEMPATH\Boot.php(334): CodeIgniter\CodeIgniter->run()
 8 SYSTEMPATH\Boot.php(67): CodeIgniter\Boot::runCodeIgniter(Object(CodeIgniter\CodeIgniter))
 9 FCPATH\index.php(56): CodeIgniter\Boot::bootWeb(Object(Config\Paths))
DEBUG - 2025-04-17 09:01:45 --> Session: Class initialized using 'CodeIgniter\Session\Handlers\FileHandler' driver.
WARNING - 2025-04-17 09:01:45 --> [DEPRECATED] Passing lowercase HTTP method "get" is deprecated. Use uppercase HTTP method like "GET". in SYSTEMPATH\Router\RouteCollection.php on line 1026.
 1 SYSTEMPATH\Router\RouteCollection.php(1026): trigger_error('Passing lowercase HTTP method "get" is deprecated. Use uppercase HTTP method like "GET".', 16384)
 2 APPPATH\Config\Routes.php(82): CodeIgniter\Router\RouteCollection->match([...], 'user/edit', 'User\\UserController::editProfile')
 3 SYSTEMPATH\Router\RouteCollection.php(339): require('C:\\wamp64\\www\\ci-learn_affix\\app\\Config\\Routes.php')
 4 SYSTEMPATH\CodeIgniter.php(821): CodeIgniter\Router\RouteCollection->loadRoutes()
 5 SYSTEMPATH\CodeIgniter.php(455): CodeIgniter\CodeIgniter->tryToRouteIt(null)
 6 SYSTEMPATH\CodeIgniter.php(354): CodeIgniter\CodeIgniter->handleRequest(null, Object(Config\Cache), false)
 7 SYSTEMPATH\Boot.php(334): CodeIgniter\CodeIgniter->run()
 8 SYSTEMPATH\Boot.php(67): CodeIgniter\Boot::runCodeIgniter(Object(CodeIgniter\CodeIgniter))
 9 FCPATH\index.php(56): CodeIgniter\Boot::bootWeb(Object(Config\Paths))
WARNING - 2025-04-17 09:01:45 --> [DEPRECATED] Passing lowercase HTTP method "post" is deprecated. Use uppercase HTTP method like "POST". in SYSTEMPATH\Router\RouteCollection.php on line 1026.
 1 SYSTEMPATH\Router\RouteCollection.php(1026): trigger_error('Passing lowercase HTTP method "post" is deprecated. Use uppercase HTTP method like "POST".', 16384)
 2 APPPATH\Config\Routes.php(82): CodeIgniter\Router\RouteCollection->match([...], 'user/edit', 'User\\UserController::editProfile')
 3 SYSTEMPATH\Router\RouteCollection.php(339): require('C:\\wamp64\\www\\ci-learn_affix\\app\\Config\\Routes.php')
 4 SYSTEMPATH\CodeIgniter.php(821): CodeIgniter\Router\RouteCollection->loadRoutes()
 5 SYSTEMPATH\CodeIgniter.php(455): CodeIgniter\CodeIgniter->tryToRouteIt(null)
 6 SYSTEMPATH\CodeIgniter.php(354): CodeIgniter\CodeIgniter->handleRequest(null, Object(Config\Cache), false)
 7 SYSTEMPATH\Boot.php(334): CodeIgniter\CodeIgniter->run()
 8 SYSTEMPATH\Boot.php(67): CodeIgniter\Boot::runCodeIgniter(Object(CodeIgniter\CodeIgniter))
 9 FCPATH\index.php(56): CodeIgniter\Boot::bootWeb(Object(Config\Paths))
DEBUG - 2025-04-17 09:01:45 --> Session: Class initialized using 'CodeIgniter\Session\Handlers\FileHandler' driver.
DEBUG - 2025-04-17 09:01:45 --> Session: Class initialized using 'CodeIgniter\Session\Handlers\FileHandler' driver.
WARNING - 2025-04-17 09:01:45 --> [DEPRECATED] Passing lowercase HTTP method "get" is deprecated. Use uppercase HTTP method like "GET". in SYSTEMPATH\Router\RouteCollection.php on line 1026.
 1 SYSTEMPATH\Router\RouteCollection.php(1026): trigger_error('Passing lowercase HTTP method "get" is deprecated. Use uppercase HTTP method like "GET".', 16384)
 2 APPPATH\Config\Routes.php(82): CodeIgniter\Router\RouteCollection->match([...], 'user/edit', 'User\\UserController::editProfile')
 3 SYSTEMPATH\Router\RouteCollection.php(339): require('C:\\wamp64\\www\\ci-learn_affix\\app\\Config\\Routes.php')
 4 SYSTEMPATH\CodeIgniter.php(821): CodeIgniter\Router\RouteCollection->loadRoutes()
 5 SYSTEMPATH\CodeIgniter.php(455): CodeIgniter\CodeIgniter->tryToRouteIt(null)
 6 SYSTEMPATH\CodeIgniter.php(354): CodeIgniter\CodeIgniter->handleRequest(null, Object(Config\Cache), false)
 7 SYSTEMPATH\Boot.php(334): CodeIgniter\CodeIgniter->run()
 8 SYSTEMPATH\Boot.php(67): CodeIgniter\Boot::runCodeIgniter(Object(CodeIgniter\CodeIgniter))
 9 FCPATH\index.php(56): CodeIgniter\Boot::bootWeb(Object(Config\Paths))
WARNING - 2025-04-17 09:01:45 --> [DEPRECATED] Passing lowercase HTTP method "post" is deprecated. Use uppercase HTTP method like "POST". in SYSTEMPATH\Router\RouteCollection.php on line 1026.
 1 SYSTEMPATH\Router\RouteCollection.php(1026): trigger_error('Passing lowercase HTTP method "post" is deprecated. Use uppercase HTTP method like "POST".', 16384)
 2 APPPATH\Config\Routes.php(82): CodeIgniter\Router\RouteCollection->match([...], 'user/edit', 'User\\UserController::editProfile')
 3 SYSTEMPATH\Router\RouteCollection.php(339): require('C:\\wamp64\\www\\ci-learn_affix\\app\\Config\\Routes.php')
 4 SYSTEMPATH\CodeIgniter.php(821): CodeIgniter\Router\RouteCollection->loadRoutes()
 5 SYSTEMPATH\CodeIgniter.php(455): CodeIgniter\CodeIgniter->tryToRouteIt(null)
 6 SYSTEMPATH\CodeIgniter.php(354): CodeIgniter\CodeIgniter->handleRequest(null, Object(Config\Cache), false)
 7 SYSTEMPATH\Boot.php(334): CodeIgniter\CodeIgniter->run()
 8 SYSTEMPATH\Boot.php(67): CodeIgniter\Boot::runCodeIgniter(Object(CodeIgniter\CodeIgniter))
 9 FCPATH\index.php(56): CodeIgniter\Boot::bootWeb(Object(Config\Paths))
WARNING - 2025-04-17 09:03:58 --> [DEPRECATED] Passing lowercase HTTP method "get" is deprecated. Use uppercase HTTP method like "GET". in SYSTEMPATH\Router\RouteCollection.php on line 1026.
 1 SYSTEMPATH\Router\RouteCollection.php(1026): trigger_error('Passing lowercase HTTP method "get" is deprecated. Use uppercase HTTP method like "GET".', 16384)
 2 APPPATH\Config\Routes.php(85): CodeIgniter\Router\RouteCollection->match([...], 'user/edit', 'User\\UserController::editProfile')
 3 SYSTEMPATH\Router\RouteCollection.php(339): require('C:\\wamp64\\www\\ci-learn_affix\\app\\Config\\Routes.php')
 4 SYSTEMPATH\CLI\Console.php(41): CodeIgniter\Router\RouteCollection->loadRoutes()
 5 SYSTEMPATH\Boot.php(360): CodeIgniter\CLI\Console->run()
 6 SYSTEMPATH\Boot.php(104): CodeIgniter\Boot::runCommand(Object(CodeIgniter\CLI\Console))
 7 ROOTPATH\spark(84): CodeIgniter\Boot::bootSpark(Object(Config\Paths))
WARNING - 2025-04-17 09:03:58 --> [DEPRECATED] Passing lowercase HTTP method "post" is deprecated. Use uppercase HTTP method like "POST". in SYSTEMPATH\Router\RouteCollection.php on line 1026.
 1 SYSTEMPATH\Router\RouteCollection.php(1026): trigger_error('Passing lowercase HTTP method "post" is deprecated. Use uppercase HTTP method like "POST".', 16384)
 2 APPPATH\Config\Routes.php(85): CodeIgniter\Router\RouteCollection->match([...], 'user/edit', 'User\\UserController::editProfile')
 3 SYSTEMPATH\Router\RouteCollection.php(339): require('C:\\wamp64\\www\\ci-learn_affix\\app\\Config\\Routes.php')
 4 SYSTEMPATH\CLI\Console.php(41): CodeIgniter\Router\RouteCollection->loadRoutes()
 5 SYSTEMPATH\Boot.php(360): CodeIgniter\CLI\Console->run()
 6 SYSTEMPATH\Boot.php(104): CodeIgniter\Boot::runCommand(Object(CodeIgniter\CLI\Console))
 7 ROOTPATH\spark(84): CodeIgniter\Boot::bootSpark(Object(Config\Paths))
WARNING - 2025-04-17 09:05:07 --> [DEPRECATED] Passing lowercase HTTP method "get" is deprecated. Use uppercase HTTP method like "GET". in SYSTEMPATH\Router\RouteCollection.php on line 1026.
 1 SYSTEMPATH\Router\RouteCollection.php(1026): trigger_error('Passing lowercase HTTP method "get" is deprecated. Use uppercase HTTP method like "GET".', 16384)
 2 APPPATH\Config\Routes.php(85): CodeIgniter\Router\RouteCollection->match([...], 'user/edit', 'User\\UserController::editProfile')
 3 SYSTEMPATH\Router\RouteCollection.php(339): require('C:\\wamp64\\www\\ci-learn_affix\\app\\Config\\Routes.php')
 4 SYSTEMPATH\CLI\Console.php(41): CodeIgniter\Router\RouteCollection->loadRoutes()
 5 SYSTEMPATH\Boot.php(360): CodeIgniter\CLI\Console->run()
 6 SYSTEMPATH\Boot.php(104): CodeIgniter\Boot::runCommand(Object(CodeIgniter\CLI\Console))
 7 ROOTPATH\spark(84): CodeIgniter\Boot::bootSpark(Object(Config\Paths))
WARNING - 2025-04-17 09:05:07 --> [DEPRECATED] Passing lowercase HTTP method "post" is deprecated. Use uppercase HTTP method like "POST". in SYSTEMPATH\Router\RouteCollection.php on line 1026.
 1 SYSTEMPATH\Router\RouteCollection.php(1026): trigger_error('Passing lowercase HTTP method "post" is deprecated. Use uppercase HTTP method like "POST".', 16384)
 2 APPPATH\Config\Routes.php(85): CodeIgniter\Router\RouteCollection->match([...], 'user/edit', 'User\\UserController::editProfile')
 3 SYSTEMPATH\Router\RouteCollection.php(339): require('C:\\wamp64\\www\\ci-learn_affix\\app\\Config\\Routes.php')
 4 SYSTEMPATH\CLI\Console.php(41): CodeIgniter\Router\RouteCollection->loadRoutes()
 5 SYSTEMPATH\Boot.php(360): CodeIgniter\CLI\Console->run()
 6 SYSTEMPATH\Boot.php(104): CodeIgniter\Boot::runCommand(Object(CodeIgniter\CLI\Console))
 7 ROOTPATH\spark(84): CodeIgniter\Boot::bootSpark(Object(Config\Paths))
WARNING - 2025-04-17 09:06:13 --> [DEPRECATED] Passing lowercase HTTP method "get" is deprecated. Use uppercase HTTP method like "GET". in SYSTEMPATH\Router\RouteCollection.php on line 1026.
 1 SYSTEMPATH\Router\RouteCollection.php(1026): trigger_error('Passing lowercase HTTP method "get" is deprecated. Use uppercase HTTP method like "GET".', 16384)
 2 APPPATH\Config\Routes.php(85): CodeIgniter\Router\RouteCollection->match([...], 'user/edit', 'User\\UserController::editProfile')
 3 SYSTEMPATH\Router\RouteCollection.php(339): require('C:\\wamp64\\www\\ci-learn_affix\\app\\Config\\Routes.php')
 4 SYSTEMPATH\CLI\Console.php(41): CodeIgniter\Router\RouteCollection->loadRoutes()
 5 SYSTEMPATH\Boot.php(360): CodeIgniter\CLI\Console->run()
 6 SYSTEMPATH\Boot.php(104): CodeIgniter\Boot::runCommand(Object(CodeIgniter\CLI\Console))
 7 ROOTPATH\spark(84): CodeIgniter\Boot::bootSpark(Object(Config\Paths))
WARNING - 2025-04-17 09:06:13 --> [DEPRECATED] Passing lowercase HTTP method "post" is deprecated. Use uppercase HTTP method like "POST". in SYSTEMPATH\Router\RouteCollection.php on line 1026.
 1 SYSTEMPATH\Router\RouteCollection.php(1026): trigger_error('Passing lowercase HTTP method "post" is deprecated. Use uppercase HTTP method like "POST".', 16384)
 2 APPPATH\Config\Routes.php(85): CodeIgniter\Router\RouteCollection->match([...], 'user/edit', 'User\\UserController::editProfile')
 3 SYSTEMPATH\Router\RouteCollection.php(339): require('C:\\wamp64\\www\\ci-learn_affix\\app\\Config\\Routes.php')
 4 SYSTEMPATH\CLI\Console.php(41): CodeIgniter\Router\RouteCollection->loadRoutes()
 5 SYSTEMPATH\Boot.php(360): CodeIgniter\CLI\Console->run()
 6 SYSTEMPATH\Boot.php(104): CodeIgniter\Boot::runCommand(Object(CodeIgniter\CLI\Console))
 7 ROOTPATH\spark(84): CodeIgniter\Boot::bootSpark(Object(Config\Paths))
WARNING - 2025-04-17 09:07:12 --> [DEPRECATED] Passing lowercase HTTP method "get" is deprecated. Use uppercase HTTP method like "GET". in SYSTEMPATH\Router\RouteCollection.php on line 1026.
 1 SYSTEMPATH\Router\RouteCollection.php(1026): trigger_error('Passing lowercase HTTP method "get" is deprecated. Use uppercase HTTP method like "GET".', 16384)
 2 APPPATH\Config\Routes.php(85): CodeIgniter\Router\RouteCollection->match([...], 'user/edit', 'User\\UserController::editProfile')
 3 SYSTEMPATH\Router\RouteCollection.php(339): require('C:\\wamp64\\www\\ci-learn_affix\\app\\Config\\Routes.php')
 4 SYSTEMPATH\CLI\Console.php(41): CodeIgniter\Router\RouteCollection->loadRoutes()
 5 SYSTEMPATH\Boot.php(360): CodeIgniter\CLI\Console->run()
 6 SYSTEMPATH\Boot.php(104): CodeIgniter\Boot::runCommand(Object(CodeIgniter\CLI\Console))
 7 ROOTPATH\spark(84): CodeIgniter\Boot::bootSpark(Object(Config\Paths))
WARNING - 2025-04-17 09:07:12 --> [DEPRECATED] Passing lowercase HTTP method "post" is deprecated. Use uppercase HTTP method like "POST". in SYSTEMPATH\Router\RouteCollection.php on line 1026.
 1 SYSTEMPATH\Router\RouteCollection.php(1026): trigger_error('Passing lowercase HTTP method "post" is deprecated. Use uppercase HTTP method like "POST".', 16384)
 2 APPPATH\Config\Routes.php(85): CodeIgniter\Router\RouteCollection->match([...], 'user/edit', 'User\\UserController::editProfile')
 3 SYSTEMPATH\Router\RouteCollection.php(339): require('C:\\wamp64\\www\\ci-learn_affix\\app\\Config\\Routes.php')
 4 SYSTEMPATH\CLI\Console.php(41): CodeIgniter\Router\RouteCollection->loadRoutes()
 5 SYSTEMPATH\Boot.php(360): CodeIgniter\CLI\Console->run()
 6 SYSTEMPATH\Boot.php(104): CodeIgniter\Boot::runCommand(Object(CodeIgniter\CLI\Console))
 7 ROOTPATH\spark(84): CodeIgniter\Boot::bootSpark(Object(Config\Paths))
ERROR - 2025-04-17 09:07:14 --> mysqli_sql_exception: Specified key was too long; max key length is 1000 bytes in C:\wamp64\www\ci-learn_affix\system\Database\MySQLi\Connection.php:327
Stack trace:
#0 C:\wamp64\www\ci-learn_affix\system\Database\MySQLi\Connection.php(327): mysqli->query('CREATE TABLE `s...', 0)
#1 C:\wamp64\www\ci-learn_affix\system\Database\BaseConnection.php(738): CodeIgniter\Database\MySQLi\Connection->execute('CREATE TABLE `s...')
#2 C:\wamp64\www\ci-learn_affix\system\Database\BaseConnection.php(652): CodeIgniter\Database\BaseConnection->simpleQuery('CREATE TABLE `s...')
#3 C:\wamp64\www\ci-learn_affix\system\Database\Forge.php(570): CodeIgniter\Database\BaseConnection->query('CREATE TABLE `s...')
#4 C:\wamp64\www\ci-learn_affix\app\Database\Migrations\2025-04-17-090614_CreateSubscribersTable.php(19): CodeIgniter\Database\Forge->createTable('subscribers')
#5 C:\wamp64\www\ci-learn_affix\system\Database\MigrationRunner.php(866): App\Database\Migrations\CreateSubscribersTable->up()
#6 C:\wamp64\www\ci-learn_affix\system\Database\MigrationRunner.php(182): CodeIgniter\Database\MigrationRunner->migrate('up', Object(stdClass))
#7 C:\wamp64\www\ci-learn_affix\system\Commands\Database\Migrate.php(85): CodeIgniter\Database\MigrationRunner->latest(NULL)
#8 C:\wamp64\www\ci-learn_affix\system\CLI\Commands.php(70): CodeIgniter\Commands\Database\Migrate->run(Array)
#9 C:\wamp64\www\ci-learn_affix\system\CLI\Console.php(48): CodeIgniter\CLI\Commands->run('migrate', Array)
#10 C:\wamp64\www\ci-learn_affix\system\Boot.php(360): CodeIgniter\CLI\Console->run()
#11 C:\wamp64\www\ci-learn_affix\system\Boot.php(104): CodeIgniter\Boot::runCommand(Object(CodeIgniter\CLI\Console))
#12 C:\wamp64\www\ci-learn_affix\spark(84): CodeIgniter\Boot::bootSpark(Object(Config\Paths))
#13 {main}
WARNING - 2025-04-17 09:09:09 --> [DEPRECATED] Passing lowercase HTTP method "get" is deprecated. Use uppercase HTTP method like "GET". in SYSTEMPATH\Router\RouteCollection.php on line 1026.
 1 SYSTEMPATH\Router\RouteCollection.php(1026): trigger_error('Passing lowercase HTTP method "get" is deprecated. Use uppercase HTTP method like "GET".', 16384)
 2 APPPATH\Config\Routes.php(85): CodeIgniter\Router\RouteCollection->match([...], 'user/edit', 'User\\UserController::editProfile')
 3 SYSTEMPATH\Router\RouteCollection.php(339): require('C:\\wamp64\\www\\ci-learn_affix\\app\\Config\\Routes.php')
 4 SYSTEMPATH\CLI\Console.php(41): CodeIgniter\Router\RouteCollection->loadRoutes()
 5 SYSTEMPATH\Boot.php(360): CodeIgniter\CLI\Console->run()
 6 SYSTEMPATH\Boot.php(104): CodeIgniter\Boot::runCommand(Object(CodeIgniter\CLI\Console))
 7 ROOTPATH\spark(84): CodeIgniter\Boot::bootSpark(Object(Config\Paths))
WARNING - 2025-04-17 09:09:09 --> [DEPRECATED] Passing lowercase HTTP method "post" is deprecated. Use uppercase HTTP method like "POST". in SYSTEMPATH\Router\RouteCollection.php on line 1026.
 1 SYSTEMPATH\Router\RouteCollection.php(1026): trigger_error('Passing lowercase HTTP method "post" is deprecated. Use uppercase HTTP method like "POST".', 16384)
 2 APPPATH\Config\Routes.php(85): CodeIgniter\Router\RouteCollection->match([...], 'user/edit', 'User\\UserController::editProfile')
 3 SYSTEMPATH\Router\RouteCollection.php(339): require('C:\\wamp64\\www\\ci-learn_affix\\app\\Config\\Routes.php')
 4 SYSTEMPATH\CLI\Console.php(41): CodeIgniter\Router\RouteCollection->loadRoutes()
 5 SYSTEMPATH\Boot.php(360): CodeIgniter\CLI\Console->run()
 6 SYSTEMPATH\Boot.php(104): CodeIgniter\Boot::runCommand(Object(CodeIgniter\CLI\Console))
 7 ROOTPATH\spark(84): CodeIgniter\Boot::bootSpark(Object(Config\Paths))
ERROR - 2025-04-17 09:09:13 --> mysqli_sql_exception: Table 'system' already exists in C:\wamp64\www\ci-learn_affix\system\Database\MySQLi\Connection.php:327
Stack trace:
#0 C:\wamp64\www\ci-learn_affix\system\Database\MySQLi\Connection.php(327): mysqli->query('CREATE TABLE `s...', 0)
#1 C:\wamp64\www\ci-learn_affix\system\Database\BaseConnection.php(738): CodeIgniter\Database\MySQLi\Connection->execute('CREATE TABLE `s...')
#2 C:\wamp64\www\ci-learn_affix\system\Database\BaseConnection.php(652): CodeIgniter\Database\BaseConnection->simpleQuery('CREATE TABLE `s...')
#3 C:\wamp64\www\ci-learn_affix\system\Database\Forge.php(570): CodeIgniter\Database\BaseConnection->query('CREATE TABLE `s...')
#4 C:\wamp64\www\ci-learn_affix\app\Database\Migrations\2025-04-15-144026_System.php(38): CodeIgniter\Database\Forge->createTable('system')
#5 C:\wamp64\www\ci-learn_affix\system\Database\MigrationRunner.php(866): App\Database\Migrations\System->up()
#6 C:\wamp64\www\ci-learn_affix\system\Database\MigrationRunner.php(182): CodeIgniter\Database\MigrationRunner->migrate('up', Object(stdClass))
#7 C:\wamp64\www\ci-learn_affix\system\Commands\Database\Migrate.php(85): CodeIgniter\Database\MigrationRunner->latest(NULL)
#8 C:\wamp64\www\ci-learn_affix\system\CLI\Commands.php(70): CodeIgniter\Commands\Database\Migrate->run(Array)
#9 C:\wamp64\www\ci-learn_affix\system\CLI\BaseCommand.php(119): CodeIgniter\CLI\Commands->run('migrate', Array)
#10 C:\wamp64\www\ci-learn_affix\system\Commands\Database\MigrateRefresh.php(87): CodeIgniter\CLI\BaseCommand->call('migrate', Array)
#11 C:\wamp64\www\ci-learn_affix\system\CLI\Commands.php(70): CodeIgniter\Commands\Database\MigrateRefresh->run(Array)
#12 C:\wamp64\www\ci-learn_affix\system\CLI\Console.php(48): CodeIgniter\CLI\Commands->run('migrate:refresh', Array)
#13 C:\wamp64\www\ci-learn_affix\system\Boot.php(360): CodeIgniter\CLI\Console->run()
#14 C:\wamp64\www\ci-learn_affix\system\Boot.php(104): CodeIgniter\Boot::runCommand(Object(CodeIgniter\CLI\Console))
#15 C:\wamp64\www\ci-learn_affix\spark(84): CodeIgniter\Boot::bootSpark(Object(Config\Paths))
#16 {main}
WARNING - 2025-04-17 09:09:32 --> [DEPRECATED] Passing lowercase HTTP method "get" is deprecated. Use uppercase HTTP method like "GET". in SYSTEMPATH\Router\RouteCollection.php on line 1026.
 1 SYSTEMPATH\Router\RouteCollection.php(1026): trigger_error('Passing lowercase HTTP method "get" is deprecated. Use uppercase HTTP method like "GET".', 16384)
 2 APPPATH\Config\Routes.php(85): CodeIgniter\Router\RouteCollection->match([...], 'user/edit', 'User\\UserController::editProfile')
 3 SYSTEMPATH\Router\RouteCollection.php(339): require('C:\\wamp64\\www\\ci-learn_affix\\app\\Config\\Routes.php')
 4 SYSTEMPATH\CLI\Console.php(41): CodeIgniter\Router\RouteCollection->loadRoutes()
 5 SYSTEMPATH\Boot.php(360): CodeIgniter\CLI\Console->run()
 6 SYSTEMPATH\Boot.php(104): CodeIgniter\Boot::runCommand(Object(CodeIgniter\CLI\Console))
 7 ROOTPATH\spark(84): CodeIgniter\Boot::bootSpark(Object(Config\Paths))
WARNING - 2025-04-17 09:09:32 --> [DEPRECATED] Passing lowercase HTTP method "post" is deprecated. Use uppercase HTTP method like "POST". in SYSTEMPATH\Router\RouteCollection.php on line 1026.
 1 SYSTEMPATH\Router\RouteCollection.php(1026): trigger_error('Passing lowercase HTTP method "post" is deprecated. Use uppercase HTTP method like "POST".', 16384)
 2 APPPATH\Config\Routes.php(85): CodeIgniter\Router\RouteCollection->match([...], 'user/edit', 'User\\UserController::editProfile')
 3 SYSTEMPATH\Router\RouteCollection.php(339): require('C:\\wamp64\\www\\ci-learn_affix\\app\\Config\\Routes.php')
 4 SYSTEMPATH\CLI\Console.php(41): CodeIgniter\Router\RouteCollection->loadRoutes()
 5 SYSTEMPATH\Boot.php(360): CodeIgniter\CLI\Console->run()
 6 SYSTEMPATH\Boot.php(104): CodeIgniter\Boot::runCommand(Object(CodeIgniter\CLI\Console))
 7 ROOTPATH\spark(84): CodeIgniter\Boot::bootSpark(Object(Config\Paths))
ERROR - 2025-04-17 09:09:32 --> mysqli_sql_exception: Table 'system' already exists in C:\wamp64\www\ci-learn_affix\system\Database\MySQLi\Connection.php:327
Stack trace:
#0 C:\wamp64\www\ci-learn_affix\system\Database\MySQLi\Connection.php(327): mysqli->query('CREATE TABLE `s...', 0)
#1 C:\wamp64\www\ci-learn_affix\system\Database\BaseConnection.php(738): CodeIgniter\Database\MySQLi\Connection->execute('CREATE TABLE `s...')
#2 C:\wamp64\www\ci-learn_affix\system\Database\BaseConnection.php(652): CodeIgniter\Database\BaseConnection->simpleQuery('CREATE TABLE `s...')
#3 C:\wamp64\www\ci-learn_affix\system\Database\Forge.php(570): CodeIgniter\Database\BaseConnection->query('CREATE TABLE `s...')
#4 C:\wamp64\www\ci-learn_affix\app\Database\Migrations\2025-04-15-144026_System.php(38): CodeIgniter\Database\Forge->createTable('system')
#5 C:\wamp64\www\ci-learn_affix\system\Database\MigrationRunner.php(866): App\Database\Migrations\System->up()
#6 C:\wamp64\www\ci-learn_affix\system\Database\MigrationRunner.php(182): CodeIgniter\Database\MigrationRunner->migrate('up', Object(stdClass))
#7 C:\wamp64\www\ci-learn_affix\system\Commands\Database\Migrate.php(85): CodeIgniter\Database\MigrationRunner->latest(NULL)
#8 C:\wamp64\www\ci-learn_affix\system\CLI\Commands.php(70): CodeIgniter\Commands\Database\Migrate->run(Array)
#9 C:\wamp64\www\ci-learn_affix\system\CLI\Console.php(48): CodeIgniter\CLI\Commands->run('migrate', Array)
#10 C:\wamp64\www\ci-learn_affix\system\Boot.php(360): CodeIgniter\CLI\Console->run()
#11 C:\wamp64\www\ci-learn_affix\system\Boot.php(104): CodeIgniter\Boot::runCommand(Object(CodeIgniter\CLI\Console))
#12 C:\wamp64\www\ci-learn_affix\spark(84): CodeIgniter\Boot::bootSpark(Object(Config\Paths))
#13 {main}
WARNING - 2025-04-17 09:10:17 --> [DEPRECATED] Passing lowercase HTTP method "get" is deprecated. Use uppercase HTTP method like "GET". in SYSTEMPATH\Router\RouteCollection.php on line 1026.
 1 SYSTEMPATH\Router\RouteCollection.php(1026): trigger_error('Passing lowercase HTTP method "get" is deprecated. Use uppercase HTTP method like "GET".', 16384)
 2 APPPATH\Config\Routes.php(85): CodeIgniter\Router\RouteCollection->match([...], 'user/edit', 'User\\UserController::editProfile')
 3 SYSTEMPATH\Router\RouteCollection.php(339): require('C:\\wamp64\\www\\ci-learn_affix\\app\\Config\\Routes.php')
 4 SYSTEMPATH\CLI\Console.php(41): CodeIgniter\Router\RouteCollection->loadRoutes()
 5 SYSTEMPATH\Boot.php(360): CodeIgniter\CLI\Console->run()
 6 SYSTEMPATH\Boot.php(104): CodeIgniter\Boot::runCommand(Object(CodeIgniter\CLI\Console))
 7 ROOTPATH\spark(84): CodeIgniter\Boot::bootSpark(Object(Config\Paths))
WARNING - 2025-04-17 09:10:17 --> [DEPRECATED] Passing lowercase HTTP method "post" is deprecated. Use uppercase HTTP method like "POST". in SYSTEMPATH\Router\RouteCollection.php on line 1026.
 1 SYSTEMPATH\Router\RouteCollection.php(1026): trigger_error('Passing lowercase HTTP method "post" is deprecated. Use uppercase HTTP method like "POST".', 16384)
 2 APPPATH\Config\Routes.php(85): CodeIgniter\Router\RouteCollection->match([...], 'user/edit', 'User\\UserController::editProfile')
 3 SYSTEMPATH\Router\RouteCollection.php(339): require('C:\\wamp64\\www\\ci-learn_affix\\app\\Config\\Routes.php')
 4 SYSTEMPATH\CLI\Console.php(41): CodeIgniter\Router\RouteCollection->loadRoutes()
 5 SYSTEMPATH\Boot.php(360): CodeIgniter\CLI\Console->run()
 6 SYSTEMPATH\Boot.php(104): CodeIgniter\Boot::runCommand(Object(CodeIgniter\CLI\Console))
 7 ROOTPATH\spark(84): CodeIgniter\Boot::bootSpark(Object(Config\Paths))
ERROR - 2025-04-17 09:10:18 --> mysqli_sql_exception: Table 'system' already exists in C:\wamp64\www\ci-learn_affix\system\Database\MySQLi\Connection.php:327
Stack trace:
#0 C:\wamp64\www\ci-learn_affix\system\Database\MySQLi\Connection.php(327): mysqli->query('CREATE TABLE `s...', 0)
#1 C:\wamp64\www\ci-learn_affix\system\Database\BaseConnection.php(738): CodeIgniter\Database\MySQLi\Connection->execute('CREATE TABLE `s...')
#2 C:\wamp64\www\ci-learn_affix\system\Database\BaseConnection.php(652): CodeIgniter\Database\BaseConnection->simpleQuery('CREATE TABLE `s...')
#3 C:\wamp64\www\ci-learn_affix\system\Database\Forge.php(570): CodeIgniter\Database\BaseConnection->query('CREATE TABLE `s...')
#4 C:\wamp64\www\ci-learn_affix\app\Database\Migrations\2025-04-15-144026_System.php(38): CodeIgniter\Database\Forge->createTable('system')
#5 C:\wamp64\www\ci-learn_affix\system\Database\MigrationRunner.php(866): App\Database\Migrations\System->up()
#6 C:\wamp64\www\ci-learn_affix\system\Database\MigrationRunner.php(182): CodeIgniter\Database\MigrationRunner->migrate('up', Object(stdClass))
#7 C:\wamp64\www\ci-learn_affix\system\Commands\Database\Migrate.php(85): CodeIgniter\Database\MigrationRunner->latest(NULL)
#8 C:\wamp64\www\ci-learn_affix\system\CLI\Commands.php(70): CodeIgniter\Commands\Database\Migrate->run(Array)
#9 C:\wamp64\www\ci-learn_affix\system\CLI\BaseCommand.php(119): CodeIgniter\CLI\Commands->run('migrate', Array)
#10 C:\wamp64\www\ci-learn_affix\system\Commands\Database\MigrateRefresh.php(87): CodeIgniter\CLI\BaseCommand->call('migrate', Array)
#11 C:\wamp64\www\ci-learn_affix\system\CLI\Commands.php(70): CodeIgniter\Commands\Database\MigrateRefresh->run(Array)
#12 C:\wamp64\www\ci-learn_affix\system\CLI\Console.php(48): CodeIgniter\CLI\Commands->run('migrate:refresh', Array)
#13 C:\wamp64\www\ci-learn_affix\system\Boot.php(360): CodeIgniter\CLI\Console->run()
#14 C:\wamp64\www\ci-learn_affix\system\Boot.php(104): CodeIgniter\Boot::runCommand(Object(CodeIgniter\CLI\Console))
#15 C:\wamp64\www\ci-learn_affix\spark(84): CodeIgniter\Boot::bootSpark(Object(Config\Paths))
#16 {main}
WARNING - 2025-04-17 09:12:15 --> [DEPRECATED] Passing lowercase HTTP method "get" is deprecated. Use uppercase HTTP method like "GET". in SYSTEMPATH\Router\RouteCollection.php on line 1026.
 1 SYSTEMPATH\Router\RouteCollection.php(1026): trigger_error('Passing lowercase HTTP method "get" is deprecated. Use uppercase HTTP method like "GET".', 16384)
 2 APPPATH\Config\Routes.php(85): CodeIgniter\Router\RouteCollection->match([...], 'user/edit', 'User\\UserController::editProfile')
 3 SYSTEMPATH\Router\RouteCollection.php(339): require('C:\\wamp64\\www\\ci-learn_affix\\app\\Config\\Routes.php')
 4 SYSTEMPATH\CLI\Console.php(41): CodeIgniter\Router\RouteCollection->loadRoutes()
 5 SYSTEMPATH\Boot.php(360): CodeIgniter\CLI\Console->run()
 6 SYSTEMPATH\Boot.php(104): CodeIgniter\Boot::runCommand(Object(CodeIgniter\CLI\Console))
 7 ROOTPATH\spark(84): CodeIgniter\Boot::bootSpark(Object(Config\Paths))
WARNING - 2025-04-17 09:12:15 --> [DEPRECATED] Passing lowercase HTTP method "post" is deprecated. Use uppercase HTTP method like "POST". in SYSTEMPATH\Router\RouteCollection.php on line 1026.
 1 SYSTEMPATH\Router\RouteCollection.php(1026): trigger_error('Passing lowercase HTTP method "post" is deprecated. Use uppercase HTTP method like "POST".', 16384)
 2 APPPATH\Config\Routes.php(85): CodeIgniter\Router\RouteCollection->match([...], 'user/edit', 'User\\UserController::editProfile')
 3 SYSTEMPATH\Router\RouteCollection.php(339): require('C:\\wamp64\\www\\ci-learn_affix\\app\\Config\\Routes.php')
 4 SYSTEMPATH\CLI\Console.php(41): CodeIgniter\Router\RouteCollection->loadRoutes()
 5 SYSTEMPATH\Boot.php(360): CodeIgniter\CLI\Console->run()
 6 SYSTEMPATH\Boot.php(104): CodeIgniter\Boot::runCommand(Object(CodeIgniter\CLI\Console))
 7 ROOTPATH\spark(84): CodeIgniter\Boot::bootSpark(Object(Config\Paths))
ERROR - 2025-04-17 09:12:16 --> mysqli_sql_exception: Table 'system' already exists in C:\wamp64\www\ci-learn_affix\system\Database\MySQLi\Connection.php:327
Stack trace:
#0 C:\wamp64\www\ci-learn_affix\system\Database\MySQLi\Connection.php(327): mysqli->query('CREATE TABLE `s...', 0)
#1 C:\wamp64\www\ci-learn_affix\system\Database\BaseConnection.php(738): CodeIgniter\Database\MySQLi\Connection->execute('CREATE TABLE `s...')
#2 C:\wamp64\www\ci-learn_affix\system\Database\BaseConnection.php(652): CodeIgniter\Database\BaseConnection->simpleQuery('CREATE TABLE `s...')
#3 C:\wamp64\www\ci-learn_affix\system\Database\Forge.php(570): CodeIgniter\Database\BaseConnection->query('CREATE TABLE `s...')
#4 C:\wamp64\www\ci-learn_affix\app\Database\Migrations\2025-04-15-144026_System.php(38): CodeIgniter\Database\Forge->createTable('system')
#5 C:\wamp64\www\ci-learn_affix\system\Database\MigrationRunner.php(866): App\Database\Migrations\System->up()
#6 C:\wamp64\www\ci-learn_affix\system\Database\MigrationRunner.php(182): CodeIgniter\Database\MigrationRunner->migrate('up', Object(stdClass))
#7 C:\wamp64\www\ci-learn_affix\system\Commands\Database\Migrate.php(85): CodeIgniter\Database\MigrationRunner->latest(NULL)
#8 C:\wamp64\www\ci-learn_affix\system\CLI\Commands.php(70): CodeIgniter\Commands\Database\Migrate->run(Array)
#9 C:\wamp64\www\ci-learn_affix\system\CLI\BaseCommand.php(119): CodeIgniter\CLI\Commands->run('migrate', Array)
#10 C:\wamp64\www\ci-learn_affix\system\Commands\Database\MigrateRefresh.php(87): CodeIgniter\CLI\BaseCommand->call('migrate', Array)
#11 C:\wamp64\www\ci-learn_affix\system\CLI\Commands.php(70): CodeIgniter\Commands\Database\MigrateRefresh->run(Array)
#12 C:\wamp64\www\ci-learn_affix\system\CLI\Console.php(48): CodeIgniter\CLI\Commands->run('migrate:refresh', Array)
#13 C:\wamp64\www\ci-learn_affix\system\Boot.php(360): CodeIgniter\CLI\Console->run()
#14 C:\wamp64\www\ci-learn_affix\system\Boot.php(104): CodeIgniter\Boot::runCommand(Object(CodeIgniter\CLI\Console))
#15 C:\wamp64\www\ci-learn_affix\spark(84): CodeIgniter\Boot::bootSpark(Object(Config\Paths))
#16 {main}
WARNING - 2025-04-17 09:12:36 --> [DEPRECATED] Passing lowercase HTTP method "get" is deprecated. Use uppercase HTTP method like "GET". in SYSTEMPATH\Router\RouteCollection.php on line 1026.
 1 SYSTEMPATH\Router\RouteCollection.php(1026): trigger_error('Passing lowercase HTTP method "get" is deprecated. Use uppercase HTTP method like "GET".', 16384)
 2 APPPATH\Config\Routes.php(85): CodeIgniter\Router\RouteCollection->match([...], 'user/edit', 'User\\UserController::editProfile')
 3 SYSTEMPATH\Router\RouteCollection.php(339): require('C:\\wamp64\\www\\ci-learn_affix\\app\\Config\\Routes.php')
 4 SYSTEMPATH\CLI\Console.php(41): CodeIgniter\Router\RouteCollection->loadRoutes()
 5 SYSTEMPATH\Boot.php(360): CodeIgniter\CLI\Console->run()
 6 SYSTEMPATH\Boot.php(104): CodeIgniter\Boot::runCommand(Object(CodeIgniter\CLI\Console))
 7 ROOTPATH\spark(84): CodeIgniter\Boot::bootSpark(Object(Config\Paths))
WARNING - 2025-04-17 09:12:36 --> [DEPRECATED] Passing lowercase HTTP method "post" is deprecated. Use uppercase HTTP method like "POST". in SYSTEMPATH\Router\RouteCollection.php on line 1026.
 1 SYSTEMPATH\Router\RouteCollection.php(1026): trigger_error('Passing lowercase HTTP method "post" is deprecated. Use uppercase HTTP method like "POST".', 16384)
 2 APPPATH\Config\Routes.php(85): CodeIgniter\Router\RouteCollection->match([...], 'user/edit', 'User\\UserController::editProfile')
 3 SYSTEMPATH\Router\RouteCollection.php(339): require('C:\\wamp64\\www\\ci-learn_affix\\app\\Config\\Routes.php')
 4 SYSTEMPATH\CLI\Console.php(41): CodeIgniter\Router\RouteCollection->loadRoutes()
 5 SYSTEMPATH\Boot.php(360): CodeIgniter\CLI\Console->run()
 6 SYSTEMPATH\Boot.php(104): CodeIgniter\Boot::runCommand(Object(CodeIgniter\CLI\Console))
 7 ROOTPATH\spark(84): CodeIgniter\Boot::bootSpark(Object(Config\Paths))
ERROR - 2025-04-17 09:12:36 --> mysqli_sql_exception: Table 'system' already exists in C:\wamp64\www\ci-learn_affix\system\Database\MySQLi\Connection.php:327
Stack trace:
#0 C:\wamp64\www\ci-learn_affix\system\Database\MySQLi\Connection.php(327): mysqli->query('CREATE TABLE `s...', 0)
#1 C:\wamp64\www\ci-learn_affix\system\Database\BaseConnection.php(738): CodeIgniter\Database\MySQLi\Connection->execute('CREATE TABLE `s...')
#2 C:\wamp64\www\ci-learn_affix\system\Database\BaseConnection.php(652): CodeIgniter\Database\BaseConnection->simpleQuery('CREATE TABLE `s...')
#3 C:\wamp64\www\ci-learn_affix\system\Database\Forge.php(570): CodeIgniter\Database\BaseConnection->query('CREATE TABLE `s...')
#4 C:\wamp64\www\ci-learn_affix\app\Database\Migrations\2025-04-15-144026_System.php(38): CodeIgniter\Database\Forge->createTable('system')
#5 C:\wamp64\www\ci-learn_affix\system\Database\MigrationRunner.php(866): App\Database\Migrations\System->up()
#6 C:\wamp64\www\ci-learn_affix\system\Database\MigrationRunner.php(182): CodeIgniter\Database\MigrationRunner->migrate('up', Object(stdClass))
#7 C:\wamp64\www\ci-learn_affix\system\Commands\Database\Migrate.php(85): CodeIgniter\Database\MigrationRunner->latest(NULL)
#8 C:\wamp64\www\ci-learn_affix\system\CLI\Commands.php(70): CodeIgniter\Commands\Database\Migrate->run(Array)
#9 C:\wamp64\www\ci-learn_affix\system\CLI\BaseCommand.php(119): CodeIgniter\CLI\Commands->run('migrate', Array)
#10 C:\wamp64\www\ci-learn_affix\system\Commands\Database\MigrateRefresh.php(87): CodeIgniter\CLI\BaseCommand->call('migrate', Array)
#11 C:\wamp64\www\ci-learn_affix\system\CLI\Commands.php(70): CodeIgniter\Commands\Database\MigrateRefresh->run(Array)
#12 C:\wamp64\www\ci-learn_affix\system\CLI\Console.php(48): CodeIgniter\CLI\Commands->run('migrate:refresh', Array)
#13 C:\wamp64\www\ci-learn_affix\system\Boot.php(360): CodeIgniter\CLI\Console->run()
#14 C:\wamp64\www\ci-learn_affix\system\Boot.php(104): CodeIgniter\Boot::runCommand(Object(CodeIgniter\CLI\Console))
#15 C:\wamp64\www\ci-learn_affix\spark(84): CodeIgniter\Boot::bootSpark(Object(Config\Paths))
#16 {main}
WARNING - 2025-04-17 09:14:41 --> [DEPRECATED] Passing lowercase HTTP method "get" is deprecated. Use uppercase HTTP method like "GET". in SYSTEMPATH\Router\RouteCollection.php on line 1026.
 1 SYSTEMPATH\Router\RouteCollection.php(1026): trigger_error('Passing lowercase HTTP method "get" is deprecated. Use uppercase HTTP method like "GET".', 16384)
 2 APPPATH\Config\Routes.php(85): CodeIgniter\Router\RouteCollection->match([...], 'user/edit', 'User\\UserController::editProfile')
 3 SYSTEMPATH\Router\RouteCollection.php(339): require('C:\\wamp64\\www\\ci-learn_affix\\app\\Config\\Routes.php')
 4 SYSTEMPATH\CLI\Console.php(41): CodeIgniter\Router\RouteCollection->loadRoutes()
 5 SYSTEMPATH\Boot.php(360): CodeIgniter\CLI\Console->run()
 6 SYSTEMPATH\Boot.php(104): CodeIgniter\Boot::runCommand(Object(CodeIgniter\CLI\Console))
 7 ROOTPATH\spark(84): CodeIgniter\Boot::bootSpark(Object(Config\Paths))
WARNING - 2025-04-17 09:14:41 --> [DEPRECATED] Passing lowercase HTTP method "post" is deprecated. Use uppercase HTTP method like "POST". in SYSTEMPATH\Router\RouteCollection.php on line 1026.
 1 SYSTEMPATH\Router\RouteCollection.php(1026): trigger_error('Passing lowercase HTTP method "post" is deprecated. Use uppercase HTTP method like "POST".', 16384)
 2 APPPATH\Config\Routes.php(85): CodeIgniter\Router\RouteCollection->match([...], 'user/edit', 'User\\UserController::editProfile')
 3 SYSTEMPATH\Router\RouteCollection.php(339): require('C:\\wamp64\\www\\ci-learn_affix\\app\\Config\\Routes.php')
 4 SYSTEMPATH\CLI\Console.php(41): CodeIgniter\Router\RouteCollection->loadRoutes()
 5 SYSTEMPATH\Boot.php(360): CodeIgniter\CLI\Console->run()
 6 SYSTEMPATH\Boot.php(104): CodeIgniter\Boot::runCommand(Object(CodeIgniter\CLI\Console))
 7 ROOTPATH\spark(84): CodeIgniter\Boot::bootSpark(Object(Config\Paths))
ERROR - 2025-04-17 09:14:41 --> mysqli_sql_exception: Table 'system' already exists in C:\wamp64\www\ci-learn_affix\system\Database\MySQLi\Connection.php:327
Stack trace:
#0 C:\wamp64\www\ci-learn_affix\system\Database\MySQLi\Connection.php(327): mysqli->query('CREATE TABLE `s...', 0)
#1 C:\wamp64\www\ci-learn_affix\system\Database\BaseConnection.php(738): CodeIgniter\Database\MySQLi\Connection->execute('CREATE TABLE `s...')
#2 C:\wamp64\www\ci-learn_affix\system\Database\BaseConnection.php(652): CodeIgniter\Database\BaseConnection->simpleQuery('CREATE TABLE `s...')
#3 C:\wamp64\www\ci-learn_affix\system\Database\Forge.php(570): CodeIgniter\Database\BaseConnection->query('CREATE TABLE `s...')
#4 C:\wamp64\www\ci-learn_affix\app\Database\Migrations\2025-04-15-144026_System.php(42): CodeIgniter\Database\Forge->createTable('system')
#5 C:\wamp64\www\ci-learn_affix\system\Database\MigrationRunner.php(866): App\Database\Migrations\System->up()
#6 C:\wamp64\www\ci-learn_affix\system\Database\MigrationRunner.php(182): CodeIgniter\Database\MigrationRunner->migrate('up', Object(stdClass))
#7 C:\wamp64\www\ci-learn_affix\system\Commands\Database\Migrate.php(85): CodeIgniter\Database\MigrationRunner->latest(NULL)
#8 C:\wamp64\www\ci-learn_affix\system\CLI\Commands.php(70): CodeIgniter\Commands\Database\Migrate->run(Array)
#9 C:\wamp64\www\ci-learn_affix\system\CLI\BaseCommand.php(119): CodeIgniter\CLI\Commands->run('migrate', Array)
#10 C:\wamp64\www\ci-learn_affix\system\Commands\Database\MigrateRefresh.php(87): CodeIgniter\CLI\BaseCommand->call('migrate', Array)
#11 C:\wamp64\www\ci-learn_affix\system\CLI\Commands.php(70): CodeIgniter\Commands\Database\MigrateRefresh->run(Array)
#12 C:\wamp64\www\ci-learn_affix\system\CLI\Console.php(48): CodeIgniter\CLI\Commands->run('migrate:refresh', Array)
#13 C:\wamp64\www\ci-learn_affix\system\Boot.php(360): CodeIgniter\CLI\Console->run()
#14 C:\wamp64\www\ci-learn_affix\system\Boot.php(104): CodeIgniter\Boot::runCommand(Object(CodeIgniter\CLI\Console))
#15 C:\wamp64\www\ci-learn_affix\spark(84): CodeIgniter\Boot::bootSpark(Object(Config\Paths))
#16 {main}
WARNING - 2025-04-17 09:18:07 --> [DEPRECATED] Passing lowercase HTTP method "get" is deprecated. Use uppercase HTTP method like "GET". in SYSTEMPATH\Router\RouteCollection.php on line 1026.
 1 SYSTEMPATH\Router\RouteCollection.php(1026): trigger_error('Passing lowercase HTTP method "get" is deprecated. Use uppercase HTTP method like "GET".', 16384)
 2 APPPATH\Config\Routes.php(85): CodeIgniter\Router\RouteCollection->match([...], 'user/edit', 'User\\UserController::editProfile')
 3 SYSTEMPATH\Router\RouteCollection.php(339): require('C:\\wamp64\\www\\ci-learn_affix\\app\\Config\\Routes.php')
 4 SYSTEMPATH\CLI\Console.php(41): CodeIgniter\Router\RouteCollection->loadRoutes()
 5 SYSTEMPATH\Boot.php(360): CodeIgniter\CLI\Console->run()
 6 SYSTEMPATH\Boot.php(104): CodeIgniter\Boot::runCommand(Object(CodeIgniter\CLI\Console))
 7 ROOTPATH\spark(84): CodeIgniter\Boot::bootSpark(Object(Config\Paths))
WARNING - 2025-04-17 09:18:07 --> [DEPRECATED] Passing lowercase HTTP method "post" is deprecated. Use uppercase HTTP method like "POST". in SYSTEMPATH\Router\RouteCollection.php on line 1026.
 1 SYSTEMPATH\Router\RouteCollection.php(1026): trigger_error('Passing lowercase HTTP method "post" is deprecated. Use uppercase HTTP method like "POST".', 16384)
 2 APPPATH\Config\Routes.php(85): CodeIgniter\Router\RouteCollection->match([...], 'user/edit', 'User\\UserController::editProfile')
 3 SYSTEMPATH\Router\RouteCollection.php(339): require('C:\\wamp64\\www\\ci-learn_affix\\app\\Config\\Routes.php')
 4 SYSTEMPATH\CLI\Console.php(41): CodeIgniter\Router\RouteCollection->loadRoutes()
 5 SYSTEMPATH\Boot.php(360): CodeIgniter\CLI\Console->run()
 6 SYSTEMPATH\Boot.php(104): CodeIgniter\Boot::runCommand(Object(CodeIgniter\CLI\Console))
 7 ROOTPATH\spark(84): CodeIgniter\Boot::bootSpark(Object(Config\Paths))
DEBUG - 2025-04-17 09:22:24 --> Session: Class initialized using 'CodeIgniter\Session\Handlers\FileHandler' driver.
WARNING - 2025-04-17 09:22:24 --> [DEPRECATED] Passing lowercase HTTP method "get" is deprecated. Use uppercase HTTP method like "GET". in SYSTEMPATH\Router\RouteCollection.php on line 1026.
 1 SYSTEMPATH\Router\RouteCollection.php(1026): trigger_error('Passing lowercase HTTP method "get" is deprecated. Use uppercase HTTP method like "GET".', 16384)
 2 APPPATH\Config\Routes.php(85): CodeIgniter\Router\RouteCollection->match([...], 'user/edit', 'User\\UserController::editProfile')
 3 SYSTEMPATH\Router\RouteCollection.php(339): require('C:\\wamp64\\www\\ci-learn_affix\\app\\Config\\Routes.php')
 4 SYSTEMPATH\CodeIgniter.php(821): CodeIgniter\Router\RouteCollection->loadRoutes()
 5 SYSTEMPATH\CodeIgniter.php(455): CodeIgniter\CodeIgniter->tryToRouteIt(null)
 6 SYSTEMPATH\CodeIgniter.php(354): CodeIgniter\CodeIgniter->handleRequest(null, Object(Config\Cache), false)
 7 SYSTEMPATH\Boot.php(334): CodeIgniter\CodeIgniter->run()
 8 SYSTEMPATH\Boot.php(67): CodeIgniter\Boot::runCodeIgniter(Object(CodeIgniter\CodeIgniter))
 9 FCPATH\index.php(56): CodeIgniter\Boot::bootWeb(Object(Config\Paths))
WARNING - 2025-04-17 09:22:24 --> [DEPRECATED] Passing lowercase HTTP method "post" is deprecated. Use uppercase HTTP method like "POST". in SYSTEMPATH\Router\RouteCollection.php on line 1026.
 1 SYSTEMPATH\Router\RouteCollection.php(1026): trigger_error('Passing lowercase HTTP method "post" is deprecated. Use uppercase HTTP method like "POST".', 16384)
 2 APPPATH\Config\Routes.php(85): CodeIgniter\Router\RouteCollection->match([...], 'user/edit', 'User\\UserController::editProfile')
 3 SYSTEMPATH\Router\RouteCollection.php(339): require('C:\\wamp64\\www\\ci-learn_affix\\app\\Config\\Routes.php')
 4 SYSTEMPATH\CodeIgniter.php(821): CodeIgniter\Router\RouteCollection->loadRoutes()
 5 SYSTEMPATH\CodeIgniter.php(455): CodeIgniter\CodeIgniter->tryToRouteIt(null)
 6 SYSTEMPATH\CodeIgniter.php(354): CodeIgniter\CodeIgniter->handleRequest(null, Object(Config\Cache), false)
 7 SYSTEMPATH\Boot.php(334): CodeIgniter\CodeIgniter->run()
 8 SYSTEMPATH\Boot.php(67): CodeIgniter\Boot::runCodeIgniter(Object(CodeIgniter\CodeIgniter))
 9 FCPATH\index.php(56): CodeIgniter\Boot::bootWeb(Object(Config\Paths))
ERROR - 2025-04-17 09:22:24 --> mysqli_sql_exception: Table 'ci-learn_affix.settings' doesn't exist in C:\wamp64\www\ci-learn_affix\system\Database\MySQLi\Connection.php:327
Stack trace:
#0 C:\wamp64\www\ci-learn_affix\system\Database\MySQLi\Connection.php(327): mysqli->query('SELECT *\nFROM `...', 0)
#1 C:\wamp64\www\ci-learn_affix\system\Database\BaseConnection.php(738): CodeIgniter\Database\MySQLi\Connection->execute('SELECT *\nFROM `...')
#2 C:\wamp64\www\ci-learn_affix\system\Database\BaseConnection.php(652): CodeIgniter\Database\BaseConnection->simpleQuery('SELECT *\nFROM `...')
#3 C:\wamp64\www\ci-learn_affix\system\Database\BaseBuilder.php(1649): CodeIgniter\Database\BaseConnection->query('SELECT *\nFROM `...', Array, false)
#4 C:\wamp64\www\ci-learn_affix\vendor\codeigniter4\settings\src\Handlers\DatabaseHandler.php(186): CodeIgniter\Database\BaseBuilder->get()
#5 C:\wamp64\www\ci-learn_affix\vendor\codeigniter4\settings\src\Handlers\DatabaseHandler.php(51): CodeIgniter\Settings\Handlers\DatabaseHandler->hydrate(NULL)
#6 C:\wamp64\www\ci-learn_affix\vendor\codeigniter4\settings\src\Settings.php(59): CodeIgniter\Settings\Handlers\DatabaseHandler->has('Config\\Auth', 'sessionConfig', NULL)
#7 C:\wamp64\www\ci-learn_affix\vendor\codeigniter4\settings\src\Helpers\setting_helper.php(25): CodeIgniter\Settings\Settings->get('Auth.sessionCon...')
#8 C:\wamp64\www\ci-learn_affix\vendor\codeigniter4\shield\src\Authentication\Authenticators\Session.php(682): setting('Auth.sessionCon...')
#9 C:\wamp64\www\ci-learn_affix\vendor\codeigniter4\shield\src\Authentication\Authenticators\Session.php(700): CodeIgniter\Shield\Authentication\Authenticators\Session->getSessionUserInfo()
#10 C:\wamp64\www\ci-learn_affix\vendor\codeigniter4\shield\src\Authentication\Authenticators\Session.php(387): CodeIgniter\Shield\Authentication\Authenticators\Session->getSessionUserKey('id')
#11 C:\wamp64\www\ci-learn_affix\vendor\codeigniter4\shield\src\Authentication\Authenticators\Session.php(371): CodeIgniter\Shield\Authentication\Authenticators\Session->checkUserState()
#12 C:\wamp64\www\ci-learn_affix\vendor\codeigniter4\shield\src\Auth.php(101): CodeIgniter\Shield\Authentication\Authenticators\Session->loggedIn()
#13 C:\wamp64\www\ci-learn_affix\app\Views\layouts\app.php(169): CodeIgniter\Shield\Auth->user()
#14 C:\wamp64\www\ci-learn_affix\system\View\View.php(224): include('C:\\wamp64\\www\\c...')
#15 C:\wamp64\www\ci-learn_affix\system\View\View.php(227): CodeIgniter\View\View->CodeIgniter\View\{closure}()
#16 C:\wamp64\www\ci-learn_affix\system\View\View.php(240): CodeIgniter\View\View->render('layouts/app', Array, true)
#17 C:\wamp64\www\ci-learn_affix\system\Common.php(1173): CodeIgniter\View\View->render('under_developme...', Array, true)
#18 C:\wamp64\www\ci-learn_affix\app\Controllers\Blog\BlogController.php(21): view('under_developme...')
#19 C:\wamp64\www\ci-learn_affix\system\CodeIgniter.php(933): App\Controllers\Blog\BlogController->index()
#20 C:\wamp64\www\ci-learn_affix\system\CodeIgniter.php(507): CodeIgniter\CodeIgniter->runController(Object(App\Controllers\Blog\BlogController))
#21 C:\wamp64\www\ci-learn_affix\system\CodeIgniter.php(354): CodeIgniter\CodeIgniter->handleRequest(NULL, Object(Config\Cache), false)
#22 C:\wamp64\www\ci-learn_affix\system\Boot.php(334): CodeIgniter\CodeIgniter->run()
#23 C:\wamp64\www\ci-learn_affix\system\Boot.php(67): CodeIgniter\Boot::runCodeIgniter(Object(CodeIgniter\CodeIgniter))
#24 C:\wamp64\www\ci-learn_affix\index.php(56): CodeIgniter\Boot::bootWeb(Object(Config\Paths))
#25 {main}
CRITICAL - 2025-04-17 09:22:24 --> CodeIgniter\Database\Exceptions\DatabaseException: Table 'ci-learn_affix.settings' doesn't exist
[Method: GET, Route: blog]
in SYSTEMPATH\Database\BaseConnection.php on line 692.
 1 SYSTEMPATH\Database\BaseBuilder.php(1649): CodeIgniter\Database\BaseConnection->query('SELECT *
FROM `settings`
WHERE `context` IS NULL', [], false)
 2 FCPATH\vendor\codeigniter4\settings\src\Handlers\DatabaseHandler.php(186): CodeIgniter\Database\BaseBuilder->get()
 3 FCPATH\vendor\codeigniter4\settings\src\Handlers\DatabaseHandler.php(51): CodeIgniter\Settings\Handlers\DatabaseHandler->hydrate(null)
 4 FCPATH\vendor\codeigniter4\settings\src\Settings.php(59): CodeIgniter\Settings\Handlers\DatabaseHandler->has('Config\\Auth', 'sessionConfig', null)
 5 FCPATH\vendor\codeigniter4\settings\src\Helpers\setting_helper.php(25): CodeIgniter\Settings\Settings->get('Auth.sessionConfig')
 6 FCPATH\vendor\codeigniter4\shield\src\Authentication\Authenticators\Session.php(682): setting('Auth.sessionConfig')
 7 FCPATH\vendor\codeigniter4\shield\src\Authentication\Authenticators\Session.php(700): CodeIgniter\Shield\Authentication\Authenticators\Session->getSessionUserInfo()
 8 FCPATH\vendor\codeigniter4\shield\src\Authentication\Authenticators\Session.php(387): CodeIgniter\Shield\Authentication\Authenticators\Session->getSessionUserKey('id')
 9 FCPATH\vendor\codeigniter4\shield\src\Authentication\Authenticators\Session.php(371): CodeIgniter\Shield\Authentication\Authenticators\Session->checkUserState()
10 FCPATH\vendor\codeigniter4\shield\src\Auth.php(101): CodeIgniter\Shield\Authentication\Authenticators\Session->loggedIn()
11 APPPATH\Views\layouts\app.php(169): CodeIgniter\Shield\Auth->user()
12 SYSTEMPATH\View\View.php(224): include('C:\\wamp64\\www\\ci-learn_affix\\app\\Views\\layouts\\app.php')
13 SYSTEMPATH\View\View.php(227): CodeIgniter\View\View->CodeIgniter\View\{closure}()
14 SYSTEMPATH\View\View.php(240): CodeIgniter\View\View->render('layouts/app', [], true)
15 SYSTEMPATH\Common.php(1173): CodeIgniter\View\View->render('under_development', [], true)
16 APPPATH\Controllers\Blog\BlogController.php(21): view('under_development')
17 SYSTEMPATH\CodeIgniter.php(933): App\Controllers\Blog\BlogController->index()
18 SYSTEMPATH\CodeIgniter.php(507): CodeIgniter\CodeIgniter->runController(Object(App\Controllers\Blog\BlogController))
19 SYSTEMPATH\CodeIgniter.php(354): CodeIgniter\CodeIgniter->handleRequest(null, Object(Config\Cache), false)
20 SYSTEMPATH\Boot.php(334): CodeIgniter\CodeIgniter->run()
21 SYSTEMPATH\Boot.php(67): CodeIgniter\Boot::runCodeIgniter(Object(CodeIgniter\CodeIgniter))
22 FCPATH\index.php(56): CodeIgniter\Boot::bootWeb(Object(Config\Paths))
CRITICAL - 2025-04-17 09:22:24 --> [Caused by] CodeIgniter\Database\Exceptions\DatabaseException: Table 'ci-learn_affix.settings' doesn't exist
in SYSTEMPATH\Database\MySQLi\Connection.php on line 332.
 1 SYSTEMPATH\Database\BaseConnection.php(738): CodeIgniter\Database\MySQLi\Connection->execute('SELECT *
FROM `settings`
WHERE `context` IS NULL')
 2 SYSTEMPATH\Database\BaseConnection.php(652): CodeIgniter\Database\BaseConnection->simpleQuery('SELECT *
FROM `settings`
WHERE `context` IS NULL')
 3 SYSTEMPATH\Database\BaseBuilder.php(1649): CodeIgniter\Database\BaseConnection->query('SELECT *
FROM `settings`
WHERE `context` IS NULL', [], false)
 4 FCPATH\vendor\codeigniter4\settings\src\Handlers\DatabaseHandler.php(186): CodeIgniter\Database\BaseBuilder->get()
 5 FCPATH\vendor\codeigniter4\settings\src\Handlers\DatabaseHandler.php(51): CodeIgniter\Settings\Handlers\DatabaseHandler->hydrate(null)
 6 FCPATH\vendor\codeigniter4\settings\src\Settings.php(59): CodeIgniter\Settings\Handlers\DatabaseHandler->has('Config\\Auth', 'sessionConfig', null)
 7 FCPATH\vendor\codeigniter4\settings\src\Helpers\setting_helper.php(25): CodeIgniter\Settings\Settings->get('Auth.sessionConfig')
 8 FCPATH\vendor\codeigniter4\shield\src\Authentication\Authenticators\Session.php(682): setting('Auth.sessionConfig')
 9 FCPATH\vendor\codeigniter4\shield\src\Authentication\Authenticators\Session.php(700): CodeIgniter\Shield\Authentication\Authenticators\Session->getSessionUserInfo()
10 FCPATH\vendor\codeigniter4\shield\src\Authentication\Authenticators\Session.php(387): CodeIgniter\Shield\Authentication\Authenticators\Session->getSessionUserKey('id')
11 FCPATH\vendor\codeigniter4\shield\src\Authentication\Authenticators\Session.php(371): CodeIgniter\Shield\Authentication\Authenticators\Session->checkUserState()
12 FCPATH\vendor\codeigniter4\shield\src\Auth.php(101): CodeIgniter\Shield\Authentication\Authenticators\Session->loggedIn()
13 APPPATH\Views\layouts\app.php(169): CodeIgniter\Shield\Auth->user()
14 SYSTEMPATH\View\View.php(224): include('C:\\wamp64\\www\\ci-learn_affix\\app\\Views\\layouts\\app.php')
15 SYSTEMPATH\View\View.php(227): CodeIgniter\View\View->CodeIgniter\View\{closure}()
16 SYSTEMPATH\View\View.php(240): CodeIgniter\View\View->render('layouts/app', [], true)
17 SYSTEMPATH\Common.php(1173): CodeIgniter\View\View->render('under_development', [], true)
18 APPPATH\Controllers\Blog\BlogController.php(21): view('under_development')
19 SYSTEMPATH\CodeIgniter.php(933): App\Controllers\Blog\BlogController->index()
20 SYSTEMPATH\CodeIgniter.php(507): CodeIgniter\CodeIgniter->runController(Object(App\Controllers\Blog\BlogController))
21 SYSTEMPATH\CodeIgniter.php(354): CodeIgniter\CodeIgniter->handleRequest(null, Object(Config\Cache), false)
22 SYSTEMPATH\Boot.php(334): CodeIgniter\CodeIgniter->run()
23 SYSTEMPATH\Boot.php(67): CodeIgniter\Boot::runCodeIgniter(Object(CodeIgniter\CodeIgniter))
24 FCPATH\index.php(56): CodeIgniter\Boot::bootWeb(Object(Config\Paths))
CRITICAL - 2025-04-17 09:22:24 --> [Caused by] mysqli_sql_exception: Table 'ci-learn_affix.settings' doesn't exist
in SYSTEMPATH\Database\MySQLi\Connection.php on line 327.
 1 SYSTEMPATH\Database\MySQLi\Connection.php(327): mysqli->query('SELECT *
FROM `settings`
WHERE `context` IS NULL', 0)
 2 SYSTEMPATH\Database\BaseConnection.php(738): CodeIgniter\Database\MySQLi\Connection->execute('SELECT *
FROM `settings`
WHERE `context` IS NULL')
 3 SYSTEMPATH\Database\BaseConnection.php(652): CodeIgniter\Database\BaseConnection->simpleQuery('SELECT *
FROM `settings`
WHERE `context` IS NULL')
 4 SYSTEMPATH\Database\BaseBuilder.php(1649): CodeIgniter\Database\BaseConnection->query('SELECT *
FROM `settings`
WHERE `context` IS NULL', [], false)
 5 FCPATH\vendor\codeigniter4\settings\src\Handlers\DatabaseHandler.php(186): CodeIgniter\Database\BaseBuilder->get()
 6 FCPATH\vendor\codeigniter4\settings\src\Handlers\DatabaseHandler.php(51): CodeIgniter\Settings\Handlers\DatabaseHandler->hydrate(null)
 7 FCPATH\vendor\codeigniter4\settings\src\Settings.php(59): CodeIgniter\Settings\Handlers\DatabaseHandler->has('Config\\Auth', 'sessionConfig', null)
 8 FCPATH\vendor\codeigniter4\settings\src\Helpers\setting_helper.php(25): CodeIgniter\Settings\Settings->get('Auth.sessionConfig')
 9 FCPATH\vendor\codeigniter4\shield\src\Authentication\Authenticators\Session.php(682): setting('Auth.sessionConfig')
10 FCPATH\vendor\codeigniter4\shield\src\Authentication\Authenticators\Session.php(700): CodeIgniter\Shield\Authentication\Authenticators\Session->getSessionUserInfo()
11 FCPATH\vendor\codeigniter4\shield\src\Authentication\Authenticators\Session.php(387): CodeIgniter\Shield\Authentication\Authenticators\Session->getSessionUserKey('id')
12 FCPATH\vendor\codeigniter4\shield\src\Authentication\Authenticators\Session.php(371): CodeIgniter\Shield\Authentication\Authenticators\Session->checkUserState()
13 FCPATH\vendor\codeigniter4\shield\src\Auth.php(101): CodeIgniter\Shield\Authentication\Authenticators\Session->loggedIn()
14 APPPATH\Views\layouts\app.php(169): CodeIgniter\Shield\Auth->user()
15 SYSTEMPATH\View\View.php(224): include('C:\\wamp64\\www\\ci-learn_affix\\app\\Views\\layouts\\app.php')
16 SYSTEMPATH\View\View.php(227): CodeIgniter\View\View->CodeIgniter\View\{closure}()
17 SYSTEMPATH\View\View.php(240): CodeIgniter\View\View->render('layouts/app', [], true)
18 SYSTEMPATH\Common.php(1173): CodeIgniter\View\View->render('under_development', [], true)
19 APPPATH\Controllers\Blog\BlogController.php(21): view('under_development')
20 SYSTEMPATH\CodeIgniter.php(933): App\Controllers\Blog\BlogController->index()
21 SYSTEMPATH\CodeIgniter.php(507): CodeIgniter\CodeIgniter->runController(Object(App\Controllers\Blog\BlogController))
22 SYSTEMPATH\CodeIgniter.php(354): CodeIgniter\CodeIgniter->handleRequest(null, Object(Config\Cache), false)
23 SYSTEMPATH\Boot.php(334): CodeIgniter\CodeIgniter->run()
24 SYSTEMPATH\Boot.php(67): CodeIgniter\Boot::runCodeIgniter(Object(CodeIgniter\CodeIgniter))
25 FCPATH\index.php(56): CodeIgniter\Boot::bootWeb(Object(Config\Paths))
WARNING - 2025-04-17 09:34:03 --> [DEPRECATED] Passing lowercase HTTP method "get" is deprecated. Use uppercase HTTP method like "GET". in SYSTEMPATH\Router\RouteCollection.php on line 1026.
 1 SYSTEMPATH\Router\RouteCollection.php(1026): trigger_error('Passing lowercase HTTP method "get" is deprecated. Use uppercase HTTP method like "GET".', 16384)
 2 APPPATH\Config\Routes.php(85): CodeIgniter\Router\RouteCollection->match([...], 'user/edit', 'User\\UserController::editProfile')
 3 SYSTEMPATH\Router\RouteCollection.php(339): require('C:\\wamp64\\www\\ci-learn_affix\\app\\Config\\Routes.php')
 4 SYSTEMPATH\CLI\Console.php(41): CodeIgniter\Router\RouteCollection->loadRoutes()
 5 SYSTEMPATH\Boot.php(360): CodeIgniter\CLI\Console->run()
 6 SYSTEMPATH\Boot.php(104): CodeIgniter\Boot::runCommand(Object(CodeIgniter\CLI\Console))
 7 ROOTPATH\spark(84): CodeIgniter\Boot::bootSpark(Object(Config\Paths))
WARNING - 2025-04-17 09:34:03 --> [DEPRECATED] Passing lowercase HTTP method "post" is deprecated. Use uppercase HTTP method like "POST". in SYSTEMPATH\Router\RouteCollection.php on line 1026.
 1 SYSTEMPATH\Router\RouteCollection.php(1026): trigger_error('Passing lowercase HTTP method "post" is deprecated. Use uppercase HTTP method like "POST".', 16384)
 2 APPPATH\Config\Routes.php(85): CodeIgniter\Router\RouteCollection->match([...], 'user/edit', 'User\\UserController::editProfile')
 3 SYSTEMPATH\Router\RouteCollection.php(339): require('C:\\wamp64\\www\\ci-learn_affix\\app\\Config\\Routes.php')
 4 SYSTEMPATH\CLI\Console.php(41): CodeIgniter\Router\RouteCollection->loadRoutes()
 5 SYSTEMPATH\Boot.php(360): CodeIgniter\CLI\Console->run()
 6 SYSTEMPATH\Boot.php(104): CodeIgniter\Boot::runCommand(Object(CodeIgniter\CLI\Console))
 7 ROOTPATH\spark(84): CodeIgniter\Boot::bootSpark(Object(Config\Paths))
DEBUG - 2025-04-17 09:36:42 --> Session: Class initialized using 'CodeIgniter\Session\Handlers\FileHandler' driver.
WARNING - 2025-04-17 09:36:42 --> [DEPRECATED] Passing lowercase HTTP method "get" is deprecated. Use uppercase HTTP method like "GET". in SYSTEMPATH\Router\RouteCollection.php on line 1026.
 1 SYSTEMPATH\Router\RouteCollection.php(1026): trigger_error('Passing lowercase HTTP method "get" is deprecated. Use uppercase HTTP method like "GET".', 16384)
 2 APPPATH\Config\Routes.php(85): CodeIgniter\Router\RouteCollection->match([...], 'user/edit', 'User\\UserController::editProfile')
 3 SYSTEMPATH\Router\RouteCollection.php(339): require('C:\\wamp64\\www\\ci-learn_affix\\app\\Config\\Routes.php')
 4 SYSTEMPATH\CodeIgniter.php(821): CodeIgniter\Router\RouteCollection->loadRoutes()
 5 SYSTEMPATH\CodeIgniter.php(455): CodeIgniter\CodeIgniter->tryToRouteIt(null)
 6 SYSTEMPATH\CodeIgniter.php(354): CodeIgniter\CodeIgniter->handleRequest(null, Object(Config\Cache), false)
 7 SYSTEMPATH\Boot.php(334): CodeIgniter\CodeIgniter->run()
 8 SYSTEMPATH\Boot.php(67): CodeIgniter\Boot::runCodeIgniter(Object(CodeIgniter\CodeIgniter))
 9 FCPATH\index.php(56): CodeIgniter\Boot::bootWeb(Object(Config\Paths))
WARNING - 2025-04-17 09:36:42 --> [DEPRECATED] Passing lowercase HTTP method "post" is deprecated. Use uppercase HTTP method like "POST". in SYSTEMPATH\Router\RouteCollection.php on line 1026.
 1 SYSTEMPATH\Router\RouteCollection.php(1026): trigger_error('Passing lowercase HTTP method "post" is deprecated. Use uppercase HTTP method like "POST".', 16384)
 2 APPPATH\Config\Routes.php(85): CodeIgniter\Router\RouteCollection->match([...], 'user/edit', 'User\\UserController::editProfile')
 3 SYSTEMPATH\Router\RouteCollection.php(339): require('C:\\wamp64\\www\\ci-learn_affix\\app\\Config\\Routes.php')
 4 SYSTEMPATH\CodeIgniter.php(821): CodeIgniter\Router\RouteCollection->loadRoutes()
 5 SYSTEMPATH\CodeIgniter.php(455): CodeIgniter\CodeIgniter->tryToRouteIt(null)
 6 SYSTEMPATH\CodeIgniter.php(354): CodeIgniter\CodeIgniter->handleRequest(null, Object(Config\Cache), false)
 7 SYSTEMPATH\Boot.php(334): CodeIgniter\CodeIgniter->run()
 8 SYSTEMPATH\Boot.php(67): CodeIgniter\Boot::runCodeIgniter(Object(CodeIgniter\CodeIgniter))
 9 FCPATH\index.php(56): CodeIgniter\Boot::bootWeb(Object(Config\Paths))
CRITICAL - 2025-04-17 09:36:42 --> ErrorException: Trying to access array offset on value of type null
[Method: GET, Route: blog]
in APPPATH\Views\layouts\app.php on line 307.
 1 APPPATH\Views\layouts\app.php(307): CodeIgniter\Debug\Exceptions->errorHandler(2, 'Trying to access array offset on value of type null', 'C:\\wamp64\\www\\ci-learn_affix\\app\\Views\\layouts\\app.php', 307)
 2 SYSTEMPATH\View\View.php(224): include('C:\\wamp64\\www\\ci-learn_affix\\app\\Views\\layouts\\app.php')
 3 SYSTEMPATH\View\View.php(227): CodeIgniter\View\View->CodeIgniter\View\{closure}()
 4 SYSTEMPATH\View\View.php(240): CodeIgniter\View\View->render('layouts/app', [], true)
 5 SYSTEMPATH\Common.php(1173): CodeIgniter\View\View->render('under_development', [], true)
 6 APPPATH\Controllers\Blog\BlogController.php(21): view('under_development')
 7 SYSTEMPATH\CodeIgniter.php(933): App\Controllers\Blog\BlogController->index()
 8 SYSTEMPATH\CodeIgniter.php(507): CodeIgniter\CodeIgniter->runController(Object(App\Controllers\Blog\BlogController))
 9 SYSTEMPATH\CodeIgniter.php(354): CodeIgniter\CodeIgniter->handleRequest(null, Object(Config\Cache), false)
10 SYSTEMPATH\Boot.php(334): CodeIgniter\CodeIgniter->run()
11 SYSTEMPATH\Boot.php(67): CodeIgniter\Boot::runCodeIgniter(Object(CodeIgniter\CodeIgniter))
12 FCPATH\index.php(56): CodeIgniter\Boot::bootWeb(Object(Config\Paths))
DEBUG - 2025-04-17 09:38:50 --> Session: Class initialized using 'CodeIgniter\Session\Handlers\FileHandler' driver.
WARNING - 2025-04-17 09:38:50 --> [DEPRECATED] Passing lowercase HTTP method "get" is deprecated. Use uppercase HTTP method like "GET". in SYSTEMPATH\Router\RouteCollection.php on line 1026.
 1 SYSTEMPATH\Router\RouteCollection.php(1026): trigger_error('Passing lowercase HTTP method "get" is deprecated. Use uppercase HTTP method like "GET".', 16384)
 2 APPPATH\Config\Routes.php(85): CodeIgniter\Router\RouteCollection->match([...], 'user/edit', 'User\\UserController::editProfile')
 3 SYSTEMPATH\Router\RouteCollection.php(339): require('C:\\wamp64\\www\\ci-learn_affix\\app\\Config\\Routes.php')
 4 SYSTEMPATH\CodeIgniter.php(821): CodeIgniter\Router\RouteCollection->loadRoutes()
 5 SYSTEMPATH\CodeIgniter.php(455): CodeIgniter\CodeIgniter->tryToRouteIt(null)
 6 SYSTEMPATH\CodeIgniter.php(354): CodeIgniter\CodeIgniter->handleRequest(null, Object(Config\Cache), false)
 7 SYSTEMPATH\Boot.php(334): CodeIgniter\CodeIgniter->run()
 8 SYSTEMPATH\Boot.php(67): CodeIgniter\Boot::runCodeIgniter(Object(CodeIgniter\CodeIgniter))
 9 FCPATH\index.php(56): CodeIgniter\Boot::bootWeb(Object(Config\Paths))
WARNING - 2025-04-17 09:38:50 --> [DEPRECATED] Passing lowercase HTTP method "post" is deprecated. Use uppercase HTTP method like "POST". in SYSTEMPATH\Router\RouteCollection.php on line 1026.
 1 SYSTEMPATH\Router\RouteCollection.php(1026): trigger_error('Passing lowercase HTTP method "post" is deprecated. Use uppercase HTTP method like "POST".', 16384)
 2 APPPATH\Config\Routes.php(85): CodeIgniter\Router\RouteCollection->match([...], 'user/edit', 'User\\UserController::editProfile')
 3 SYSTEMPATH\Router\RouteCollection.php(339): require('C:\\wamp64\\www\\ci-learn_affix\\app\\Config\\Routes.php')
 4 SYSTEMPATH\CodeIgniter.php(821): CodeIgniter\Router\RouteCollection->loadRoutes()
 5 SYSTEMPATH\CodeIgniter.php(455): CodeIgniter\CodeIgniter->tryToRouteIt(null)
 6 SYSTEMPATH\CodeIgniter.php(354): CodeIgniter\CodeIgniter->handleRequest(null, Object(Config\Cache), false)
 7 SYSTEMPATH\Boot.php(334): CodeIgniter\CodeIgniter->run()
 8 SYSTEMPATH\Boot.php(67): CodeIgniter\Boot::runCodeIgniter(Object(CodeIgniter\CodeIgniter))
 9 FCPATH\index.php(56): CodeIgniter\Boot::bootWeb(Object(Config\Paths))
DEBUG - 2025-04-17 09:38:51 --> Session: Class initialized using 'CodeIgniter\Session\Handlers\FileHandler' driver.
DEBUG - 2025-04-17 09:38:52 --> Session: Class initialized using 'CodeIgniter\Session\Handlers\FileHandler' driver.
WARNING - 2025-04-17 09:38:52 --> [DEPRECATED] Passing lowercase HTTP method "get" is deprecated. Use uppercase HTTP method like "GET". in SYSTEMPATH\Router\RouteCollection.php on line 1026.
 1 SYSTEMPATH\Router\RouteCollection.php(1026): trigger_error('Passing lowercase HTTP method "get" is deprecated. Use uppercase HTTP method like "GET".', 16384)
 2 APPPATH\Config\Routes.php(85): CodeIgniter\Router\RouteCollection->match([...], 'user/edit', 'User\\UserController::editProfile')
 3 SYSTEMPATH\Router\RouteCollection.php(339): require('C:\\wamp64\\www\\ci-learn_affix\\app\\Config\\Routes.php')
 4 SYSTEMPATH\CodeIgniter.php(821): CodeIgniter\Router\RouteCollection->loadRoutes()
 5 SYSTEMPATH\CodeIgniter.php(455): CodeIgniter\CodeIgniter->tryToRouteIt(null)
 6 SYSTEMPATH\CodeIgniter.php(354): CodeIgniter\CodeIgniter->handleRequest(null, Object(Config\Cache), false)
 7 SYSTEMPATH\Boot.php(334): CodeIgniter\CodeIgniter->run()
 8 SYSTEMPATH\Boot.php(67): CodeIgniter\Boot::runCodeIgniter(Object(CodeIgniter\CodeIgniter))
 9 FCPATH\index.php(56): CodeIgniter\Boot::bootWeb(Object(Config\Paths))
WARNING - 2025-04-17 09:38:52 --> [DEPRECATED] Passing lowercase HTTP method "post" is deprecated. Use uppercase HTTP method like "POST". in SYSTEMPATH\Router\RouteCollection.php on line 1026.
 1 SYSTEMPATH\Router\RouteCollection.php(1026): trigger_error('Passing lowercase HTTP method "post" is deprecated. Use uppercase HTTP method like "POST".', 16384)
 2 APPPATH\Config\Routes.php(85): CodeIgniter\Router\RouteCollection->match([...], 'user/edit', 'User\\UserController::editProfile')
 3 SYSTEMPATH\Router\RouteCollection.php(339): require('C:\\wamp64\\www\\ci-learn_affix\\app\\Config\\Routes.php')
 4 SYSTEMPATH\CodeIgniter.php(821): CodeIgniter\Router\RouteCollection->loadRoutes()
 5 SYSTEMPATH\CodeIgniter.php(455): CodeIgniter\CodeIgniter->tryToRouteIt(null)
 6 SYSTEMPATH\CodeIgniter.php(354): CodeIgniter\CodeIgniter->handleRequest(null, Object(Config\Cache), false)
 7 SYSTEMPATH\Boot.php(334): CodeIgniter\CodeIgniter->run()
 8 SYSTEMPATH\Boot.php(67): CodeIgniter\Boot::runCodeIgniter(Object(CodeIgniter\CodeIgniter))
 9 FCPATH\index.php(56): CodeIgniter\Boot::bootWeb(Object(Config\Paths))
DEBUG - 2025-04-17 09:38:58 --> Session: Class initialized using 'CodeIgniter\Session\Handlers\FileHandler' driver.
INFO - 2025-04-17 09:38:58 --> CSRF token verified.
WARNING - 2025-04-17 09:38:58 --> [DEPRECATED] Passing lowercase HTTP method "get" is deprecated. Use uppercase HTTP method like "GET". in SYSTEMPATH\Router\RouteCollection.php on line 1026.
 1 SYSTEMPATH\Router\RouteCollection.php(1026): trigger_error('Passing lowercase HTTP method "get" is deprecated. Use uppercase HTTP method like "GET".', 16384)
 2 APPPATH\Config\Routes.php(85): CodeIgniter\Router\RouteCollection->match([...], 'user/edit', 'User\\UserController::editProfile')
 3 SYSTEMPATH\Router\RouteCollection.php(339): require('C:\\wamp64\\www\\ci-learn_affix\\app\\Config\\Routes.php')
 4 SYSTEMPATH\CodeIgniter.php(821): CodeIgniter\Router\RouteCollection->loadRoutes()
 5 SYSTEMPATH\CodeIgniter.php(455): CodeIgniter\CodeIgniter->tryToRouteIt(null)
 6 SYSTEMPATH\CodeIgniter.php(354): CodeIgniter\CodeIgniter->handleRequest(null, Object(Config\Cache), false)
 7 SYSTEMPATH\Boot.php(334): CodeIgniter\CodeIgniter->run()
 8 SYSTEMPATH\Boot.php(67): CodeIgniter\Boot::runCodeIgniter(Object(CodeIgniter\CodeIgniter))
 9 FCPATH\index.php(56): CodeIgniter\Boot::bootWeb(Object(Config\Paths))
WARNING - 2025-04-17 09:38:58 --> [DEPRECATED] Passing lowercase HTTP method "post" is deprecated. Use uppercase HTTP method like "POST". in SYSTEMPATH\Router\RouteCollection.php on line 1026.
 1 SYSTEMPATH\Router\RouteCollection.php(1026): trigger_error('Passing lowercase HTTP method "post" is deprecated. Use uppercase HTTP method like "POST".', 16384)
 2 APPPATH\Config\Routes.php(85): CodeIgniter\Router\RouteCollection->match([...], 'user/edit', 'User\\UserController::editProfile')
 3 SYSTEMPATH\Router\RouteCollection.php(339): require('C:\\wamp64\\www\\ci-learn_affix\\app\\Config\\Routes.php')
 4 SYSTEMPATH\CodeIgniter.php(821): CodeIgniter\Router\RouteCollection->loadRoutes()
 5 SYSTEMPATH\CodeIgniter.php(455): CodeIgniter\CodeIgniter->tryToRouteIt(null)
 6 SYSTEMPATH\CodeIgniter.php(354): CodeIgniter\CodeIgniter->handleRequest(null, Object(Config\Cache), false)
 7 SYSTEMPATH\Boot.php(334): CodeIgniter\CodeIgniter->run()
 8 SYSTEMPATH\Boot.php(67): CodeIgniter\Boot::runCodeIgniter(Object(CodeIgniter\CodeIgniter))
 9 FCPATH\index.php(56): CodeIgniter\Boot::bootWeb(Object(Config\Paths))
DEBUG - 2025-04-17 09:41:20 --> Session: Class initialized using 'CodeIgniter\Session\Handlers\FileHandler' driver.
CRITICAL - 2025-04-17 09:41:20 --> CodeIgniter\Security\Exceptions\SecurityException: The action you requested is not allowed.
[Method: POST, Route: subscribe]
in SYSTEMPATH\Security\Security.php on line 262.
 1 SYSTEMPATH\Security\Security.php(262): CodeIgniter\Security\Exceptions\SecurityException::forDisallowedAction()
 2 SYSTEMPATH\Filters\CSRF.php(52): CodeIgniter\Security\Security->verify(Object(CodeIgniter\HTTP\IncomingRequest))
 3 SYSTEMPATH\Filters\Filters.php(241): CodeIgniter\Filters\CSRF->before(Object(CodeIgniter\HTTP\IncomingRequest), null)
 4 SYSTEMPATH\Filters\Filters.php(360): CodeIgniter\Filters\Filters->runBefore([...])
 5 SYSTEMPATH\CodeIgniter.php(387): CodeIgniter\Filters\Filters->runRequired('before')
 6 SYSTEMPATH\CodeIgniter.php(347): CodeIgniter\CodeIgniter->runRequiredBeforeFilters(Object(CodeIgniter\Filters\Filters))
 7 SYSTEMPATH\Boot.php(334): CodeIgniter\CodeIgniter->run()
 8 SYSTEMPATH\Boot.php(67): CodeIgniter\Boot::runCodeIgniter(Object(CodeIgniter\CodeIgniter))
 9 FCPATH\index.php(56): CodeIgniter\Boot::bootWeb(Object(Config\Paths))
DEBUG - 2025-04-17 09:41:55 --> Session: Class initialized using 'CodeIgniter\Session\Handlers\FileHandler' driver.
WARNING - 2025-04-17 09:41:55 --> [DEPRECATED] Passing lowercase HTTP method "get" is deprecated. Use uppercase HTTP method like "GET". in SYSTEMPATH\Router\RouteCollection.php on line 1026.
 1 SYSTEMPATH\Router\RouteCollection.php(1026): trigger_error('Passing lowercase HTTP method "get" is deprecated. Use uppercase HTTP method like "GET".', 16384)
 2 APPPATH\Config\Routes.php(85): CodeIgniter\Router\RouteCollection->match([...], 'user/edit', 'User\\UserController::editProfile')
 3 SYSTEMPATH\Router\RouteCollection.php(339): require('C:\\wamp64\\www\\ci-learn_affix\\app\\Config\\Routes.php')
 4 SYSTEMPATH\CodeIgniter.php(821): CodeIgniter\Router\RouteCollection->loadRoutes()
 5 SYSTEMPATH\CodeIgniter.php(455): CodeIgniter\CodeIgniter->tryToRouteIt(null)
 6 SYSTEMPATH\CodeIgniter.php(354): CodeIgniter\CodeIgniter->handleRequest(null, Object(Config\Cache), false)
 7 SYSTEMPATH\Boot.php(334): CodeIgniter\CodeIgniter->run()
 8 SYSTEMPATH\Boot.php(67): CodeIgniter\Boot::runCodeIgniter(Object(CodeIgniter\CodeIgniter))
 9 FCPATH\index.php(56): CodeIgniter\Boot::bootWeb(Object(Config\Paths))
WARNING - 2025-04-17 09:41:55 --> [DEPRECATED] Passing lowercase HTTP method "post" is deprecated. Use uppercase HTTP method like "POST". in SYSTEMPATH\Router\RouteCollection.php on line 1026.
 1 SYSTEMPATH\Router\RouteCollection.php(1026): trigger_error('Passing lowercase HTTP method "post" is deprecated. Use uppercase HTTP method like "POST".', 16384)
 2 APPPATH\Config\Routes.php(85): CodeIgniter\Router\RouteCollection->match([...], 'user/edit', 'User\\UserController::editProfile')
 3 SYSTEMPATH\Router\RouteCollection.php(339): require('C:\\wamp64\\www\\ci-learn_affix\\app\\Config\\Routes.php')
 4 SYSTEMPATH\CodeIgniter.php(821): CodeIgniter\Router\RouteCollection->loadRoutes()
 5 SYSTEMPATH\CodeIgniter.php(455): CodeIgniter\CodeIgniter->tryToRouteIt(null)
 6 SYSTEMPATH\CodeIgniter.php(354): CodeIgniter\CodeIgniter->handleRequest(null, Object(Config\Cache), false)
 7 SYSTEMPATH\Boot.php(334): CodeIgniter\CodeIgniter->run()
 8 SYSTEMPATH\Boot.php(67): CodeIgniter\Boot::runCodeIgniter(Object(CodeIgniter\CodeIgniter))
 9 FCPATH\index.php(56): CodeIgniter\Boot::bootWeb(Object(Config\Paths))
DEBUG - 2025-04-17 09:41:57 --> Session: Class initialized using 'CodeIgniter\Session\Handlers\FileHandler' driver.
WARNING - 2025-04-17 09:41:57 --> [DEPRECATED] Passing lowercase HTTP method "get" is deprecated. Use uppercase HTTP method like "GET". in SYSTEMPATH\Router\RouteCollection.php on line 1026.
 1 SYSTEMPATH\Router\RouteCollection.php(1026): trigger_error('Passing lowercase HTTP method "get" is deprecated. Use uppercase HTTP method like "GET".', 16384)
 2 APPPATH\Config\Routes.php(85): CodeIgniter\Router\RouteCollection->match([...], 'user/edit', 'User\\UserController::editProfile')
 3 SYSTEMPATH\Router\RouteCollection.php(339): require('C:\\wamp64\\www\\ci-learn_affix\\app\\Config\\Routes.php')
 4 SYSTEMPATH\CodeIgniter.php(821): CodeIgniter\Router\RouteCollection->loadRoutes()
 5 SYSTEMPATH\CodeIgniter.php(455): CodeIgniter\CodeIgniter->tryToRouteIt(null)
 6 SYSTEMPATH\CodeIgniter.php(354): CodeIgniter\CodeIgniter->handleRequest(null, Object(Config\Cache), false)
 7 SYSTEMPATH\Boot.php(334): CodeIgniter\CodeIgniter->run()
 8 SYSTEMPATH\Boot.php(67): CodeIgniter\Boot::runCodeIgniter(Object(CodeIgniter\CodeIgniter))
 9 FCPATH\index.php(56): CodeIgniter\Boot::bootWeb(Object(Config\Paths))
WARNING - 2025-04-17 09:41:57 --> [DEPRECATED] Passing lowercase HTTP method "post" is deprecated. Use uppercase HTTP method like "POST". in SYSTEMPATH\Router\RouteCollection.php on line 1026.
 1 SYSTEMPATH\Router\RouteCollection.php(1026): trigger_error('Passing lowercase HTTP method "post" is deprecated. Use uppercase HTTP method like "POST".', 16384)
 2 APPPATH\Config\Routes.php(85): CodeIgniter\Router\RouteCollection->match([...], 'user/edit', 'User\\UserController::editProfile')
 3 SYSTEMPATH\Router\RouteCollection.php(339): require('C:\\wamp64\\www\\ci-learn_affix\\app\\Config\\Routes.php')
 4 SYSTEMPATH\CodeIgniter.php(821): CodeIgniter\Router\RouteCollection->loadRoutes()
 5 SYSTEMPATH\CodeIgniter.php(455): CodeIgniter\CodeIgniter->tryToRouteIt(null)
 6 SYSTEMPATH\CodeIgniter.php(354): CodeIgniter\CodeIgniter->handleRequest(null, Object(Config\Cache), false)
 7 SYSTEMPATH\Boot.php(334): CodeIgniter\CodeIgniter->run()
 8 SYSTEMPATH\Boot.php(67): CodeIgniter\Boot::runCodeIgniter(Object(CodeIgniter\CodeIgniter))
 9 FCPATH\index.php(56): CodeIgniter\Boot::bootWeb(Object(Config\Paths))
DEBUG - 2025-04-17 09:41:58 --> Session: Class initialized using 'CodeIgniter\Session\Handlers\FileHandler' driver.
DEBUG - 2025-04-17 09:41:58 --> Session: Class initialized using 'CodeIgniter\Session\Handlers\FileHandler' driver.
WARNING - 2025-04-17 09:41:58 --> [DEPRECATED] Passing lowercase HTTP method "get" is deprecated. Use uppercase HTTP method like "GET". in SYSTEMPATH\Router\RouteCollection.php on line 1026.
 1 SYSTEMPATH\Router\RouteCollection.php(1026): trigger_error('Passing lowercase HTTP method "get" is deprecated. Use uppercase HTTP method like "GET".', 16384)
 2 APPPATH\Config\Routes.php(85): CodeIgniter\Router\RouteCollection->match([...], 'user/edit', 'User\\UserController::editProfile')
 3 SYSTEMPATH\Router\RouteCollection.php(339): require('C:\\wamp64\\www\\ci-learn_affix\\app\\Config\\Routes.php')
 4 SYSTEMPATH\CodeIgniter.php(821): CodeIgniter\Router\RouteCollection->loadRoutes()
 5 SYSTEMPATH\CodeIgniter.php(455): CodeIgniter\CodeIgniter->tryToRouteIt(null)
 6 SYSTEMPATH\CodeIgniter.php(354): CodeIgniter\CodeIgniter->handleRequest(null, Object(Config\Cache), false)
 7 SYSTEMPATH\Boot.php(334): CodeIgniter\CodeIgniter->run()
 8 SYSTEMPATH\Boot.php(67): CodeIgniter\Boot::runCodeIgniter(Object(CodeIgniter\CodeIgniter))
 9 FCPATH\index.php(56): CodeIgniter\Boot::bootWeb(Object(Config\Paths))
WARNING - 2025-04-17 09:41:58 --> [DEPRECATED] Passing lowercase HTTP method "post" is deprecated. Use uppercase HTTP method like "POST". in SYSTEMPATH\Router\RouteCollection.php on line 1026.
 1 SYSTEMPATH\Router\RouteCollection.php(1026): trigger_error('Passing lowercase HTTP method "post" is deprecated. Use uppercase HTTP method like "POST".', 16384)
 2 APPPATH\Config\Routes.php(85): CodeIgniter\Router\RouteCollection->match([...], 'user/edit', 'User\\UserController::editProfile')
 3 SYSTEMPATH\Router\RouteCollection.php(339): require('C:\\wamp64\\www\\ci-learn_affix\\app\\Config\\Routes.php')
 4 SYSTEMPATH\CodeIgniter.php(821): CodeIgniter\Router\RouteCollection->loadRoutes()
 5 SYSTEMPATH\CodeIgniter.php(455): CodeIgniter\CodeIgniter->tryToRouteIt(null)
 6 SYSTEMPATH\CodeIgniter.php(354): CodeIgniter\CodeIgniter->handleRequest(null, Object(Config\Cache), false)
 7 SYSTEMPATH\Boot.php(334): CodeIgniter\CodeIgniter->run()
 8 SYSTEMPATH\Boot.php(67): CodeIgniter\Boot::runCodeIgniter(Object(CodeIgniter\CodeIgniter))
 9 FCPATH\index.php(56): CodeIgniter\Boot::bootWeb(Object(Config\Paths))
DEBUG - 2025-04-17 09:41:59 --> Session: Class initialized using 'CodeIgniter\Session\Handlers\FileHandler' driver.
WARNING - 2025-04-17 09:41:59 --> [DEPRECATED] Passing lowercase HTTP method "get" is deprecated. Use uppercase HTTP method like "GET". in SYSTEMPATH\Router\RouteCollection.php on line 1026.
 1 SYSTEMPATH\Router\RouteCollection.php(1026): trigger_error('Passing lowercase HTTP method "get" is deprecated. Use uppercase HTTP method like "GET".', 16384)
 2 APPPATH\Config\Routes.php(85): CodeIgniter\Router\RouteCollection->match([...], 'user/edit', 'User\\UserController::editProfile')
 3 SYSTEMPATH\Router\RouteCollection.php(339): require('C:\\wamp64\\www\\ci-learn_affix\\app\\Config\\Routes.php')
 4 SYSTEMPATH\CodeIgniter.php(821): CodeIgniter\Router\RouteCollection->loadRoutes()
 5 SYSTEMPATH\CodeIgniter.php(455): CodeIgniter\CodeIgniter->tryToRouteIt(null)
 6 SYSTEMPATH\CodeIgniter.php(354): CodeIgniter\CodeIgniter->handleRequest(null, Object(Config\Cache), false)
 7 SYSTEMPATH\Boot.php(334): CodeIgniter\CodeIgniter->run()
 8 SYSTEMPATH\Boot.php(67): CodeIgniter\Boot::runCodeIgniter(Object(CodeIgniter\CodeIgniter))
 9 FCPATH\index.php(56): CodeIgniter\Boot::bootWeb(Object(Config\Paths))
WARNING - 2025-04-17 09:41:59 --> [DEPRECATED] Passing lowercase HTTP method "post" is deprecated. Use uppercase HTTP method like "POST". in SYSTEMPATH\Router\RouteCollection.php on line 1026.
 1 SYSTEMPATH\Router\RouteCollection.php(1026): trigger_error('Passing lowercase HTTP method "post" is deprecated. Use uppercase HTTP method like "POST".', 16384)
 2 APPPATH\Config\Routes.php(85): CodeIgniter\Router\RouteCollection->match([...], 'user/edit', 'User\\UserController::editProfile')
 3 SYSTEMPATH\Router\RouteCollection.php(339): require('C:\\wamp64\\www\\ci-learn_affix\\app\\Config\\Routes.php')
 4 SYSTEMPATH\CodeIgniter.php(821): CodeIgniter\Router\RouteCollection->loadRoutes()
 5 SYSTEMPATH\CodeIgniter.php(455): CodeIgniter\CodeIgniter->tryToRouteIt(null)
 6 SYSTEMPATH\CodeIgniter.php(354): CodeIgniter\CodeIgniter->handleRequest(null, Object(Config\Cache), false)
 7 SYSTEMPATH\Boot.php(334): CodeIgniter\CodeIgniter->run()
 8 SYSTEMPATH\Boot.php(67): CodeIgniter\Boot::runCodeIgniter(Object(CodeIgniter\CodeIgniter))
 9 FCPATH\index.php(56): CodeIgniter\Boot::bootWeb(Object(Config\Paths))
DEBUG - 2025-04-17 09:41:59 --> Session: Class initialized using 'CodeIgniter\Session\Handlers\FileHandler' driver.
DEBUG - 2025-04-17 09:42:00 --> Session: Class initialized using 'CodeIgniter\Session\Handlers\FileHandler' driver.
WARNING - 2025-04-17 09:42:00 --> [DEPRECATED] Passing lowercase HTTP method "get" is deprecated. Use uppercase HTTP method like "GET". in SYSTEMPATH\Router\RouteCollection.php on line 1026.
 1 SYSTEMPATH\Router\RouteCollection.php(1026): trigger_error('Passing lowercase HTTP method "get" is deprecated. Use uppercase HTTP method like "GET".', 16384)
 2 APPPATH\Config\Routes.php(85): CodeIgniter\Router\RouteCollection->match([...], 'user/edit', 'User\\UserController::editProfile')
 3 SYSTEMPATH\Router\RouteCollection.php(339): require('C:\\wamp64\\www\\ci-learn_affix\\app\\Config\\Routes.php')
 4 SYSTEMPATH\CodeIgniter.php(821): CodeIgniter\Router\RouteCollection->loadRoutes()
 5 SYSTEMPATH\CodeIgniter.php(455): CodeIgniter\CodeIgniter->tryToRouteIt(null)
 6 SYSTEMPATH\CodeIgniter.php(354): CodeIgniter\CodeIgniter->handleRequest(null, Object(Config\Cache), false)
 7 SYSTEMPATH\Boot.php(334): CodeIgniter\CodeIgniter->run()
 8 SYSTEMPATH\Boot.php(67): CodeIgniter\Boot::runCodeIgniter(Object(CodeIgniter\CodeIgniter))
 9 FCPATH\index.php(56): CodeIgniter\Boot::bootWeb(Object(Config\Paths))
WARNING - 2025-04-17 09:42:00 --> [DEPRECATED] Passing lowercase HTTP method "post" is deprecated. Use uppercase HTTP method like "POST". in SYSTEMPATH\Router\RouteCollection.php on line 1026.
 1 SYSTEMPATH\Router\RouteCollection.php(1026): trigger_error('Passing lowercase HTTP method "post" is deprecated. Use uppercase HTTP method like "POST".', 16384)
 2 APPPATH\Config\Routes.php(85): CodeIgniter\Router\RouteCollection->match([...], 'user/edit', 'User\\UserController::editProfile')
 3 SYSTEMPATH\Router\RouteCollection.php(339): require('C:\\wamp64\\www\\ci-learn_affix\\app\\Config\\Routes.php')
 4 SYSTEMPATH\CodeIgniter.php(821): CodeIgniter\Router\RouteCollection->loadRoutes()
 5 SYSTEMPATH\CodeIgniter.php(455): CodeIgniter\CodeIgniter->tryToRouteIt(null)
 6 SYSTEMPATH\CodeIgniter.php(354): CodeIgniter\CodeIgniter->handleRequest(null, Object(Config\Cache), false)
 7 SYSTEMPATH\Boot.php(334): CodeIgniter\CodeIgniter->run()
 8 SYSTEMPATH\Boot.php(67): CodeIgniter\Boot::runCodeIgniter(Object(CodeIgniter\CodeIgniter))
 9 FCPATH\index.php(56): CodeIgniter\Boot::bootWeb(Object(Config\Paths))
DEBUG - 2025-04-17 09:42:03 --> Session: Class initialized using 'CodeIgniter\Session\Handlers\FileHandler' driver.
INFO - 2025-04-17 09:42:03 --> CSRF token verified.
WARNING - 2025-04-17 09:42:03 --> [DEPRECATED] Passing lowercase HTTP method "get" is deprecated. Use uppercase HTTP method like "GET". in SYSTEMPATH\Router\RouteCollection.php on line 1026.
 1 SYSTEMPATH\Router\RouteCollection.php(1026): trigger_error('Passing lowercase HTTP method "get" is deprecated. Use uppercase HTTP method like "GET".', 16384)
 2 APPPATH\Config\Routes.php(85): CodeIgniter\Router\RouteCollection->match([...], 'user/edit', 'User\\UserController::editProfile')
 3 SYSTEMPATH\Router\RouteCollection.php(339): require('C:\\wamp64\\www\\ci-learn_affix\\app\\Config\\Routes.php')
 4 SYSTEMPATH\CodeIgniter.php(821): CodeIgniter\Router\RouteCollection->loadRoutes()
 5 SYSTEMPATH\CodeIgniter.php(455): CodeIgniter\CodeIgniter->tryToRouteIt(null)
 6 SYSTEMPATH\CodeIgniter.php(354): CodeIgniter\CodeIgniter->handleRequest(null, Object(Config\Cache), false)
 7 SYSTEMPATH\Boot.php(334): CodeIgniter\CodeIgniter->run()
 8 SYSTEMPATH\Boot.php(67): CodeIgniter\Boot::runCodeIgniter(Object(CodeIgniter\CodeIgniter))
 9 FCPATH\index.php(56): CodeIgniter\Boot::bootWeb(Object(Config\Paths))
WARNING - 2025-04-17 09:42:03 --> [DEPRECATED] Passing lowercase HTTP method "post" is deprecated. Use uppercase HTTP method like "POST". in SYSTEMPATH\Router\RouteCollection.php on line 1026.
 1 SYSTEMPATH\Router\RouteCollection.php(1026): trigger_error('Passing lowercase HTTP method "post" is deprecated. Use uppercase HTTP method like "POST".', 16384)
 2 APPPATH\Config\Routes.php(85): CodeIgniter\Router\RouteCollection->match([...], 'user/edit', 'User\\UserController::editProfile')
 3 SYSTEMPATH\Router\RouteCollection.php(339): require('C:\\wamp64\\www\\ci-learn_affix\\app\\Config\\Routes.php')
 4 SYSTEMPATH\CodeIgniter.php(821): CodeIgniter\Router\RouteCollection->loadRoutes()
 5 SYSTEMPATH\CodeIgniter.php(455): CodeIgniter\CodeIgniter->tryToRouteIt(null)
 6 SYSTEMPATH\CodeIgniter.php(354): CodeIgniter\CodeIgniter->handleRequest(null, Object(Config\Cache), false)
 7 SYSTEMPATH\Boot.php(334): CodeIgniter\CodeIgniter->run()
 8 SYSTEMPATH\Boot.php(67): CodeIgniter\Boot::runCodeIgniter(Object(CodeIgniter\CodeIgniter))
 9 FCPATH\index.php(56): CodeIgniter\Boot::bootWeb(Object(Config\Paths))
DEBUG - 2025-04-17 09:42:03 --> Session: Class initialized using 'CodeIgniter\Session\Handlers\FileHandler' driver.
WARNING - 2025-04-17 09:42:03 --> [DEPRECATED] Passing lowercase HTTP method "get" is deprecated. Use uppercase HTTP method like "GET". in SYSTEMPATH\Router\RouteCollection.php on line 1026.
 1 SYSTEMPATH\Router\RouteCollection.php(1026): trigger_error('Passing lowercase HTTP method "get" is deprecated. Use uppercase HTTP method like "GET".', 16384)
 2 APPPATH\Config\Routes.php(85): CodeIgniter\Router\RouteCollection->match([...], 'user/edit', 'User\\UserController::editProfile')
 3 SYSTEMPATH\Router\RouteCollection.php(339): require('C:\\wamp64\\www\\ci-learn_affix\\app\\Config\\Routes.php')
 4 SYSTEMPATH\CodeIgniter.php(821): CodeIgniter\Router\RouteCollection->loadRoutes()
 5 SYSTEMPATH\CodeIgniter.php(455): CodeIgniter\CodeIgniter->tryToRouteIt(null)
 6 SYSTEMPATH\CodeIgniter.php(354): CodeIgniter\CodeIgniter->handleRequest(null, Object(Config\Cache), false)
 7 SYSTEMPATH\Boot.php(334): CodeIgniter\CodeIgniter->run()
 8 SYSTEMPATH\Boot.php(67): CodeIgniter\Boot::runCodeIgniter(Object(CodeIgniter\CodeIgniter))
 9 FCPATH\index.php(56): CodeIgniter\Boot::bootWeb(Object(Config\Paths))
WARNING - 2025-04-17 09:42:03 --> [DEPRECATED] Passing lowercase HTTP method "post" is deprecated. Use uppercase HTTP method like "POST". in SYSTEMPATH\Router\RouteCollection.php on line 1026.
 1 SYSTEMPATH\Router\RouteCollection.php(1026): trigger_error('Passing lowercase HTTP method "post" is deprecated. Use uppercase HTTP method like "POST".', 16384)
 2 APPPATH\Config\Routes.php(85): CodeIgniter\Router\RouteCollection->match([...], 'user/edit', 'User\\UserController::editProfile')
 3 SYSTEMPATH\Router\RouteCollection.php(339): require('C:\\wamp64\\www\\ci-learn_affix\\app\\Config\\Routes.php')
 4 SYSTEMPATH\CodeIgniter.php(821): CodeIgniter\Router\RouteCollection->loadRoutes()
 5 SYSTEMPATH\CodeIgniter.php(455): CodeIgniter\CodeIgniter->tryToRouteIt(null)
 6 SYSTEMPATH\CodeIgniter.php(354): CodeIgniter\CodeIgniter->handleRequest(null, Object(Config\Cache), false)
 7 SYSTEMPATH\Boot.php(334): CodeIgniter\CodeIgniter->run()
 8 SYSTEMPATH\Boot.php(67): CodeIgniter\Boot::runCodeIgniter(Object(CodeIgniter\CodeIgniter))
 9 FCPATH\index.php(56): CodeIgniter\Boot::bootWeb(Object(Config\Paths))
DEBUG - 2025-04-17 09:42:04 --> Session: Class initialized using 'CodeIgniter\Session\Handlers\FileHandler' driver.
DEBUG - 2025-04-17 09:42:04 --> Session: Class initialized using 'CodeIgniter\Session\Handlers\FileHandler' driver.
WARNING - 2025-04-17 09:42:04 --> [DEPRECATED] Passing lowercase HTTP method "get" is deprecated. Use uppercase HTTP method like "GET". in SYSTEMPATH\Router\RouteCollection.php on line 1026.
 1 SYSTEMPATH\Router\RouteCollection.php(1026): trigger_error('Passing lowercase HTTP method "get" is deprecated. Use uppercase HTTP method like "GET".', 16384)
 2 APPPATH\Config\Routes.php(85): CodeIgniter\Router\RouteCollection->match([...], 'user/edit', 'User\\UserController::editProfile')
 3 SYSTEMPATH\Router\RouteCollection.php(339): require('C:\\wamp64\\www\\ci-learn_affix\\app\\Config\\Routes.php')
 4 SYSTEMPATH\CodeIgniter.php(821): CodeIgniter\Router\RouteCollection->loadRoutes()
 5 SYSTEMPATH\CodeIgniter.php(455): CodeIgniter\CodeIgniter->tryToRouteIt(null)
 6 SYSTEMPATH\CodeIgniter.php(354): CodeIgniter\CodeIgniter->handleRequest(null, Object(Config\Cache), false)
 7 SYSTEMPATH\Boot.php(334): CodeIgniter\CodeIgniter->run()
 8 SYSTEMPATH\Boot.php(67): CodeIgniter\Boot::runCodeIgniter(Object(CodeIgniter\CodeIgniter))
 9 FCPATH\index.php(56): CodeIgniter\Boot::bootWeb(Object(Config\Paths))
WARNING - 2025-04-17 09:42:04 --> [DEPRECATED] Passing lowercase HTTP method "post" is deprecated. Use uppercase HTTP method like "POST". in SYSTEMPATH\Router\RouteCollection.php on line 1026.
 1 SYSTEMPATH\Router\RouteCollection.php(1026): trigger_error('Passing lowercase HTTP method "post" is deprecated. Use uppercase HTTP method like "POST".', 16384)
 2 APPPATH\Config\Routes.php(85): CodeIgniter\Router\RouteCollection->match([...], 'user/edit', 'User\\UserController::editProfile')
 3 SYSTEMPATH\Router\RouteCollection.php(339): require('C:\\wamp64\\www\\ci-learn_affix\\app\\Config\\Routes.php')
 4 SYSTEMPATH\CodeIgniter.php(821): CodeIgniter\Router\RouteCollection->loadRoutes()
 5 SYSTEMPATH\CodeIgniter.php(455): CodeIgniter\CodeIgniter->tryToRouteIt(null)
 6 SYSTEMPATH\CodeIgniter.php(354): CodeIgniter\CodeIgniter->handleRequest(null, Object(Config\Cache), false)
 7 SYSTEMPATH\Boot.php(334): CodeIgniter\CodeIgniter->run()
 8 SYSTEMPATH\Boot.php(67): CodeIgniter\Boot::runCodeIgniter(Object(CodeIgniter\CodeIgniter))
 9 FCPATH\index.php(56): CodeIgniter\Boot::bootWeb(Object(Config\Paths))
DEBUG - 2025-04-17 09:54:26 --> Session: Class initialized using 'CodeIgniter\Session\Handlers\FileHandler' driver.
INFO - 2025-04-17 09:54:26 --> CSRF token verified.
WARNING - 2025-04-17 09:54:26 --> [DEPRECATED] Passing lowercase HTTP method "get" is deprecated. Use uppercase HTTP method like "GET". in SYSTEMPATH\Router\RouteCollection.php on line 1026.
 1 SYSTEMPATH\Router\RouteCollection.php(1026): trigger_error('Passing lowercase HTTP method "get" is deprecated. Use uppercase HTTP method like "GET".', 16384)
 2 APPPATH\Config\Routes.php(85): CodeIgniter\Router\RouteCollection->match([...], 'user/edit', 'User\\UserController::editProfile')
 3 SYSTEMPATH\Router\RouteCollection.php(339): require('C:\\wamp64\\www\\ci-learn_affix\\app\\Config\\Routes.php')
 4 SYSTEMPATH\CodeIgniter.php(821): CodeIgniter\Router\RouteCollection->loadRoutes()
 5 SYSTEMPATH\CodeIgniter.php(455): CodeIgniter\CodeIgniter->tryToRouteIt(null)
 6 SYSTEMPATH\CodeIgniter.php(354): CodeIgniter\CodeIgniter->handleRequest(null, Object(Config\Cache), false)
 7 SYSTEMPATH\Boot.php(334): CodeIgniter\CodeIgniter->run()
 8 SYSTEMPATH\Boot.php(67): CodeIgniter\Boot::runCodeIgniter(Object(CodeIgniter\CodeIgniter))
 9 FCPATH\index.php(56): CodeIgniter\Boot::bootWeb(Object(Config\Paths))
WARNING - 2025-04-17 09:54:26 --> [DEPRECATED] Passing lowercase HTTP method "post" is deprecated. Use uppercase HTTP method like "POST". in SYSTEMPATH\Router\RouteCollection.php on line 1026.
 1 SYSTEMPATH\Router\RouteCollection.php(1026): trigger_error('Passing lowercase HTTP method "post" is deprecated. Use uppercase HTTP method like "POST".', 16384)
 2 APPPATH\Config\Routes.php(85): CodeIgniter\Router\RouteCollection->match([...], 'user/edit', 'User\\UserController::editProfile')
 3 SYSTEMPATH\Router\RouteCollection.php(339): require('C:\\wamp64\\www\\ci-learn_affix\\app\\Config\\Routes.php')
 4 SYSTEMPATH\CodeIgniter.php(821): CodeIgniter\Router\RouteCollection->loadRoutes()
 5 SYSTEMPATH\CodeIgniter.php(455): CodeIgniter\CodeIgniter->tryToRouteIt(null)
 6 SYSTEMPATH\CodeIgniter.php(354): CodeIgniter\CodeIgniter->handleRequest(null, Object(Config\Cache), false)
 7 SYSTEMPATH\Boot.php(334): CodeIgniter\CodeIgniter->run()
 8 SYSTEMPATH\Boot.php(67): CodeIgniter\Boot::runCodeIgniter(Object(CodeIgniter\CodeIgniter))
 9 FCPATH\index.php(56): CodeIgniter\Boot::bootWeb(Object(Config\Paths))
DEBUG - 2025-04-17 09:54:27 --> Session: Class initialized using 'CodeIgniter\Session\Handlers\FileHandler' driver.
WARNING - 2025-04-17 09:54:27 --> [DEPRECATED] Passing lowercase HTTP method "get" is deprecated. Use uppercase HTTP method like "GET". in SYSTEMPATH\Router\RouteCollection.php on line 1026.
 1 SYSTEMPATH\Router\RouteCollection.php(1026): trigger_error('Passing lowercase HTTP method "get" is deprecated. Use uppercase HTTP method like "GET".', 16384)
 2 APPPATH\Config\Routes.php(85): CodeIgniter\Router\RouteCollection->match([...], 'user/edit', 'User\\UserController::editProfile')
 3 SYSTEMPATH\Router\RouteCollection.php(339): require('C:\\wamp64\\www\\ci-learn_affix\\app\\Config\\Routes.php')
 4 SYSTEMPATH\CodeIgniter.php(821): CodeIgniter\Router\RouteCollection->loadRoutes()
 5 SYSTEMPATH\CodeIgniter.php(455): CodeIgniter\CodeIgniter->tryToRouteIt(null)
 6 SYSTEMPATH\CodeIgniter.php(354): CodeIgniter\CodeIgniter->handleRequest(null, Object(Config\Cache), false)
 7 SYSTEMPATH\Boot.php(334): CodeIgniter\CodeIgniter->run()
 8 SYSTEMPATH\Boot.php(67): CodeIgniter\Boot::runCodeIgniter(Object(CodeIgniter\CodeIgniter))
 9 FCPATH\index.php(56): CodeIgniter\Boot::bootWeb(Object(Config\Paths))
WARNING - 2025-04-17 09:54:27 --> [DEPRECATED] Passing lowercase HTTP method "post" is deprecated. Use uppercase HTTP method like "POST". in SYSTEMPATH\Router\RouteCollection.php on line 1026.
 1 SYSTEMPATH\Router\RouteCollection.php(1026): trigger_error('Passing lowercase HTTP method "post" is deprecated. Use uppercase HTTP method like "POST".', 16384)
 2 APPPATH\Config\Routes.php(85): CodeIgniter\Router\RouteCollection->match([...], 'user/edit', 'User\\UserController::editProfile')
 3 SYSTEMPATH\Router\RouteCollection.php(339): require('C:\\wamp64\\www\\ci-learn_affix\\app\\Config\\Routes.php')
 4 SYSTEMPATH\CodeIgniter.php(821): CodeIgniter\Router\RouteCollection->loadRoutes()
 5 SYSTEMPATH\CodeIgniter.php(455): CodeIgniter\CodeIgniter->tryToRouteIt(null)
 6 SYSTEMPATH\CodeIgniter.php(354): CodeIgniter\CodeIgniter->handleRequest(null, Object(Config\Cache), false)
 7 SYSTEMPATH\Boot.php(334): CodeIgniter\CodeIgniter->run()
 8 SYSTEMPATH\Boot.php(67): CodeIgniter\Boot::runCodeIgniter(Object(CodeIgniter\CodeIgniter))
 9 FCPATH\index.php(56): CodeIgniter\Boot::bootWeb(Object(Config\Paths))
DEBUG - 2025-04-17 09:54:27 --> Session: Class initialized using 'CodeIgniter\Session\Handlers\FileHandler' driver.
DEBUG - 2025-04-17 09:54:27 --> Session: Class initialized using 'CodeIgniter\Session\Handlers\FileHandler' driver.
WARNING - 2025-04-17 09:54:27 --> [DEPRECATED] Passing lowercase HTTP method "get" is deprecated. Use uppercase HTTP method like "GET". in SYSTEMPATH\Router\RouteCollection.php on line 1026.
 1 SYSTEMPATH\Router\RouteCollection.php(1026): trigger_error('Passing lowercase HTTP method "get" is deprecated. Use uppercase HTTP method like "GET".', 16384)
 2 APPPATH\Config\Routes.php(85): CodeIgniter\Router\RouteCollection->match([...], 'user/edit', 'User\\UserController::editProfile')
 3 SYSTEMPATH\Router\RouteCollection.php(339): require('C:\\wamp64\\www\\ci-learn_affix\\app\\Config\\Routes.php')
 4 SYSTEMPATH\CodeIgniter.php(821): CodeIgniter\Router\RouteCollection->loadRoutes()
 5 SYSTEMPATH\CodeIgniter.php(455): CodeIgniter\CodeIgniter->tryToRouteIt(null)
 6 SYSTEMPATH\CodeIgniter.php(354): CodeIgniter\CodeIgniter->handleRequest(null, Object(Config\Cache), false)
 7 SYSTEMPATH\Boot.php(334): CodeIgniter\CodeIgniter->run()
 8 SYSTEMPATH\Boot.php(67): CodeIgniter\Boot::runCodeIgniter(Object(CodeIgniter\CodeIgniter))
 9 FCPATH\index.php(56): CodeIgniter\Boot::bootWeb(Object(Config\Paths))
WARNING - 2025-04-17 09:54:27 --> [DEPRECATED] Passing lowercase HTTP method "post" is deprecated. Use uppercase HTTP method like "POST". in SYSTEMPATH\Router\RouteCollection.php on line 1026.
 1 SYSTEMPATH\Router\RouteCollection.php(1026): trigger_error('Passing lowercase HTTP method "post" is deprecated. Use uppercase HTTP method like "POST".', 16384)
 2 APPPATH\Config\Routes.php(85): CodeIgniter\Router\RouteCollection->match([...], 'user/edit', 'User\\UserController::editProfile')
 3 SYSTEMPATH\Router\RouteCollection.php(339): require('C:\\wamp64\\www\\ci-learn_affix\\app\\Config\\Routes.php')
 4 SYSTEMPATH\CodeIgniter.php(821): CodeIgniter\Router\RouteCollection->loadRoutes()
 5 SYSTEMPATH\CodeIgniter.php(455): CodeIgniter\CodeIgniter->tryToRouteIt(null)
 6 SYSTEMPATH\CodeIgniter.php(354): CodeIgniter\CodeIgniter->handleRequest(null, Object(Config\Cache), false)
 7 SYSTEMPATH\Boot.php(334): CodeIgniter\CodeIgniter->run()
 8 SYSTEMPATH\Boot.php(67): CodeIgniter\Boot::runCodeIgniter(Object(CodeIgniter\CodeIgniter))
 9 FCPATH\index.php(56): CodeIgniter\Boot::bootWeb(Object(Config\Paths))
DEBUG - 2025-04-17 09:54:34 --> Session: Class initialized using 'CodeIgniter\Session\Handlers\FileHandler' driver.
INFO - 2025-04-17 09:54:34 --> CSRF token verified.
WARNING - 2025-04-17 09:54:34 --> [DEPRECATED] Passing lowercase HTTP method "get" is deprecated. Use uppercase HTTP method like "GET". in SYSTEMPATH\Router\RouteCollection.php on line 1026.
 1 SYSTEMPATH\Router\RouteCollection.php(1026): trigger_error('Passing lowercase HTTP method "get" is deprecated. Use uppercase HTTP method like "GET".', 16384)
 2 APPPATH\Config\Routes.php(85): CodeIgniter\Router\RouteCollection->match([...], 'user/edit', 'User\\UserController::editProfile')
 3 SYSTEMPATH\Router\RouteCollection.php(339): require('C:\\wamp64\\www\\ci-learn_affix\\app\\Config\\Routes.php')
 4 SYSTEMPATH\CodeIgniter.php(821): CodeIgniter\Router\RouteCollection->loadRoutes()
 5 SYSTEMPATH\CodeIgniter.php(455): CodeIgniter\CodeIgniter->tryToRouteIt(null)
 6 SYSTEMPATH\CodeIgniter.php(354): CodeIgniter\CodeIgniter->handleRequest(null, Object(Config\Cache), false)
 7 SYSTEMPATH\Boot.php(334): CodeIgniter\CodeIgniter->run()
 8 SYSTEMPATH\Boot.php(67): CodeIgniter\Boot::runCodeIgniter(Object(CodeIgniter\CodeIgniter))
 9 FCPATH\index.php(56): CodeIgniter\Boot::bootWeb(Object(Config\Paths))
WARNING - 2025-04-17 09:54:34 --> [DEPRECATED] Passing lowercase HTTP method "post" is deprecated. Use uppercase HTTP method like "POST". in SYSTEMPATH\Router\RouteCollection.php on line 1026.
 1 SYSTEMPATH\Router\RouteCollection.php(1026): trigger_error('Passing lowercase HTTP method "post" is deprecated. Use uppercase HTTP method like "POST".', 16384)
 2 APPPATH\Config\Routes.php(85): CodeIgniter\Router\RouteCollection->match([...], 'user/edit', 'User\\UserController::editProfile')
 3 SYSTEMPATH\Router\RouteCollection.php(339): require('C:\\wamp64\\www\\ci-learn_affix\\app\\Config\\Routes.php')
 4 SYSTEMPATH\CodeIgniter.php(821): CodeIgniter\Router\RouteCollection->loadRoutes()
 5 SYSTEMPATH\CodeIgniter.php(455): CodeIgniter\CodeIgniter->tryToRouteIt(null)
 6 SYSTEMPATH\CodeIgniter.php(354): CodeIgniter\CodeIgniter->handleRequest(null, Object(Config\Cache), false)
 7 SYSTEMPATH\Boot.php(334): CodeIgniter\CodeIgniter->run()
 8 SYSTEMPATH\Boot.php(67): CodeIgniter\Boot::runCodeIgniter(Object(CodeIgniter\CodeIgniter))
 9 FCPATH\index.php(56): CodeIgniter\Boot::bootWeb(Object(Config\Paths))
DEBUG - 2025-04-17 09:54:38 --> Session: Class initialized using 'CodeIgniter\Session\Handlers\FileHandler' driver.
WARNING - 2025-04-17 09:54:38 --> [DEPRECATED] Passing lowercase HTTP method "get" is deprecated. Use uppercase HTTP method like "GET". in SYSTEMPATH\Router\RouteCollection.php on line 1026.
 1 SYSTEMPATH\Router\RouteCollection.php(1026): trigger_error('Passing lowercase HTTP method "get" is deprecated. Use uppercase HTTP method like "GET".', 16384)
 2 APPPATH\Config\Routes.php(85): CodeIgniter\Router\RouteCollection->match([...], 'user/edit', 'User\\UserController::editProfile')
 3 SYSTEMPATH\Router\RouteCollection.php(339): require('C:\\wamp64\\www\\ci-learn_affix\\app\\Config\\Routes.php')
 4 SYSTEMPATH\CodeIgniter.php(821): CodeIgniter\Router\RouteCollection->loadRoutes()
 5 SYSTEMPATH\CodeIgniter.php(455): CodeIgniter\CodeIgniter->tryToRouteIt(null)
 6 SYSTEMPATH\CodeIgniter.php(354): CodeIgniter\CodeIgniter->handleRequest(null, Object(Config\Cache), false)
 7 SYSTEMPATH\Boot.php(334): CodeIgniter\CodeIgniter->run()
 8 SYSTEMPATH\Boot.php(67): CodeIgniter\Boot::runCodeIgniter(Object(CodeIgniter\CodeIgniter))
 9 FCPATH\index.php(56): CodeIgniter\Boot::bootWeb(Object(Config\Paths))
WARNING - 2025-04-17 09:54:38 --> [DEPRECATED] Passing lowercase HTTP method "post" is deprecated. Use uppercase HTTP method like "POST". in SYSTEMPATH\Router\RouteCollection.php on line 1026.
 1 SYSTEMPATH\Router\RouteCollection.php(1026): trigger_error('Passing lowercase HTTP method "post" is deprecated. Use uppercase HTTP method like "POST".', 16384)
 2 APPPATH\Config\Routes.php(85): CodeIgniter\Router\RouteCollection->match([...], 'user/edit', 'User\\UserController::editProfile')
 3 SYSTEMPATH\Router\RouteCollection.php(339): require('C:\\wamp64\\www\\ci-learn_affix\\app\\Config\\Routes.php')
 4 SYSTEMPATH\CodeIgniter.php(821): CodeIgniter\Router\RouteCollection->loadRoutes()
 5 SYSTEMPATH\CodeIgniter.php(455): CodeIgniter\CodeIgniter->tryToRouteIt(null)
 6 SYSTEMPATH\CodeIgniter.php(354): CodeIgniter\CodeIgniter->handleRequest(null, Object(Config\Cache), false)
 7 SYSTEMPATH\Boot.php(334): CodeIgniter\CodeIgniter->run()
 8 SYSTEMPATH\Boot.php(67): CodeIgniter\Boot::runCodeIgniter(Object(CodeIgniter\CodeIgniter))
 9 FCPATH\index.php(56): CodeIgniter\Boot::bootWeb(Object(Config\Paths))
DEBUG - 2025-04-17 09:54:38 --> Session: Class initialized using 'CodeIgniter\Session\Handlers\FileHandler' driver.
DEBUG - 2025-04-17 09:54:38 --> Session: Class initialized using 'CodeIgniter\Session\Handlers\FileHandler' driver.
WARNING - 2025-04-17 09:54:39 --> [DEPRECATED] Passing lowercase HTTP method "get" is deprecated. Use uppercase HTTP method like "GET". in SYSTEMPATH\Router\RouteCollection.php on line 1026.
 1 SYSTEMPATH\Router\RouteCollection.php(1026): trigger_error('Passing lowercase HTTP method "get" is deprecated. Use uppercase HTTP method like "GET".', 16384)
 2 APPPATH\Config\Routes.php(85): CodeIgniter\Router\RouteCollection->match([...], 'user/edit', 'User\\UserController::editProfile')
 3 SYSTEMPATH\Router\RouteCollection.php(339): require('C:\\wamp64\\www\\ci-learn_affix\\app\\Config\\Routes.php')
 4 SYSTEMPATH\CodeIgniter.php(821): CodeIgniter\Router\RouteCollection->loadRoutes()
 5 SYSTEMPATH\CodeIgniter.php(455): CodeIgniter\CodeIgniter->tryToRouteIt(null)
 6 SYSTEMPATH\CodeIgniter.php(354): CodeIgniter\CodeIgniter->handleRequest(null, Object(Config\Cache), false)
 7 SYSTEMPATH\Boot.php(334): CodeIgniter\CodeIgniter->run()
 8 SYSTEMPATH\Boot.php(67): CodeIgniter\Boot::runCodeIgniter(Object(CodeIgniter\CodeIgniter))
 9 FCPATH\index.php(56): CodeIgniter\Boot::bootWeb(Object(Config\Paths))
WARNING - 2025-04-17 09:54:39 --> [DEPRECATED] Passing lowercase HTTP method "post" is deprecated. Use uppercase HTTP method like "POST". in SYSTEMPATH\Router\RouteCollection.php on line 1026.
 1 SYSTEMPATH\Router\RouteCollection.php(1026): trigger_error('Passing lowercase HTTP method "post" is deprecated. Use uppercase HTTP method like "POST".', 16384)
 2 APPPATH\Config\Routes.php(85): CodeIgniter\Router\RouteCollection->match([...], 'user/edit', 'User\\UserController::editProfile')
 3 SYSTEMPATH\Router\RouteCollection.php(339): require('C:\\wamp64\\www\\ci-learn_affix\\app\\Config\\Routes.php')
 4 SYSTEMPATH\CodeIgniter.php(821): CodeIgniter\Router\RouteCollection->loadRoutes()
 5 SYSTEMPATH\CodeIgniter.php(455): CodeIgniter\CodeIgniter->tryToRouteIt(null)
 6 SYSTEMPATH\CodeIgniter.php(354): CodeIgniter\CodeIgniter->handleRequest(null, Object(Config\Cache), false)
 7 SYSTEMPATH\Boot.php(334): CodeIgniter\CodeIgniter->run()
 8 SYSTEMPATH\Boot.php(67): CodeIgniter\Boot::runCodeIgniter(Object(CodeIgniter\CodeIgniter))
 9 FCPATH\index.php(56): CodeIgniter\Boot::bootWeb(Object(Config\Paths))
DEBUG - 2025-04-17 10:01:32 --> Session: Class initialized using 'CodeIgniter\Session\Handlers\FileHandler' driver.
WARNING - 2025-04-17 10:01:32 --> [DEPRECATED] Passing lowercase HTTP method "get" is deprecated. Use uppercase HTTP method like "GET". in SYSTEMPATH\Router\RouteCollection.php on line 1026.
 1 SYSTEMPATH\Router\RouteCollection.php(1026): trigger_error('Passing lowercase HTTP method "get" is deprecated. Use uppercase HTTP method like "GET".', 16384)
 2 APPPATH\Config\Routes.php(85): CodeIgniter\Router\RouteCollection->match([...], 'user/edit', 'User\\UserController::editProfile')
 3 SYSTEMPATH\Router\RouteCollection.php(339): require('C:\\wamp64\\www\\ci-learn_affix\\app\\Config\\Routes.php')
 4 SYSTEMPATH\CodeIgniter.php(821): CodeIgniter\Router\RouteCollection->loadRoutes()
 5 SYSTEMPATH\CodeIgniter.php(455): CodeIgniter\CodeIgniter->tryToRouteIt(null)
 6 SYSTEMPATH\CodeIgniter.php(354): CodeIgniter\CodeIgniter->handleRequest(null, Object(Config\Cache), false)
 7 SYSTEMPATH\Boot.php(334): CodeIgniter\CodeIgniter->run()
 8 SYSTEMPATH\Boot.php(67): CodeIgniter\Boot::runCodeIgniter(Object(CodeIgniter\CodeIgniter))
 9 FCPATH\index.php(56): CodeIgniter\Boot::bootWeb(Object(Config\Paths))
WARNING - 2025-04-17 10:01:32 --> [DEPRECATED] Passing lowercase HTTP method "post" is deprecated. Use uppercase HTTP method like "POST". in SYSTEMPATH\Router\RouteCollection.php on line 1026.
 1 SYSTEMPATH\Router\RouteCollection.php(1026): trigger_error('Passing lowercase HTTP method "post" is deprecated. Use uppercase HTTP method like "POST".', 16384)
 2 APPPATH\Config\Routes.php(85): CodeIgniter\Router\RouteCollection->match([...], 'user/edit', 'User\\UserController::editProfile')
 3 SYSTEMPATH\Router\RouteCollection.php(339): require('C:\\wamp64\\www\\ci-learn_affix\\app\\Config\\Routes.php')
 4 SYSTEMPATH\CodeIgniter.php(821): CodeIgniter\Router\RouteCollection->loadRoutes()
 5 SYSTEMPATH\CodeIgniter.php(455): CodeIgniter\CodeIgniter->tryToRouteIt(null)
 6 SYSTEMPATH\CodeIgniter.php(354): CodeIgniter\CodeIgniter->handleRequest(null, Object(Config\Cache), false)
 7 SYSTEMPATH\Boot.php(334): CodeIgniter\CodeIgniter->run()
 8 SYSTEMPATH\Boot.php(67): CodeIgniter\Boot::runCodeIgniter(Object(CodeIgniter\CodeIgniter))
 9 FCPATH\index.php(56): CodeIgniter\Boot::bootWeb(Object(Config\Paths))
DEBUG - 2025-04-17 10:01:37 --> Unsplash API Response for category "Programming": {"id":"lCwwN8VAnGs","slug":"two-black-and-white-wireless-keyboards-lCwwN8VAnGs","alternative_slugs":{"en":"two-black-and-white-wireless-keyboards-lCwwN8VAnGs","es":"dos-teclados-inalambricos-en-blanco-y-negro-lCwwN8VAnGs","ja":"\u767d\u9ed2\u30ef\u30a4\u30e4\u30ec\u30b9\u30ad\u30fc\u30dc\u30fc\u30c92\u53f0-lCwwN8VAnGs","fr":"deux-claviers-sans-fil-noir-et-blanc-lCwwN8VAnGs","it":"due-tastiere-wireless-bianche-e-nere-lCwwN8VAnGs","ko":"\ud751\ubc31-\ubb34\uc120-\ud0a4\ubcf4\ub4dc-2\uac1c-lCwwN8VAnGs","de":"zwei-kabellose-tastaturen-in-schwarz-und-weiss-lCwwN8VAnGs","pt":"dois-teclados-sem-fio-em-preto-e-branco-lCwwN8VAnGs"},"created_at":"2019-07-02T13:59:28Z","updated_at":"2025-04-17T06:19:04Z","promoted_at":"2019-07-03T06:42:29Z","width":4176,"height":2784,"color":"#f3f3f3","blur_hash":"LZPs#CM{~q%MxuxuofIU_3j[9Fay","description":null,"alt_description":"two black and white wireless keyboards","breadcrumbs":[],"urls":{"raw":"https:\/\/images.unsplash.com\/photo-1562075950-23ba332df71c?ixid=M3w3Mzg4NTh8MHwxfHJhbmRvbXx8fHx8fHx8fDE3NDQ4ODQwOTZ8&ixlib=rb-4.0.3","full":"https:\/\/images.unsplash.com\/photo-1562075950-23ba332df71c?crop=entropy&cs=srgb&fm=jpg&ixid=M3w3Mzg4NTh8MHwxfHJhbmRvbXx8fHx8fHx8fDE3NDQ4ODQwOTZ8&ixlib=rb-4.0.3&q=85","regular":"https:\/\/images.unsplash.com\/photo-1562075950-23ba332df71c?crop=entropy&cs=tinysrgb&fit=max&fm=jpg&ixid=M3w3Mzg4NTh8MHwxfHJhbmRvbXx8fHx8fHx8fDE3NDQ4ODQwOTZ8&ixlib=rb-4.0.3&q=80&w=1080","small":"https:\/\/images.unsplash.com\/photo-1562075950-23ba332df71c?crop=entropy&cs=tinysrgb&fit=max&fm=jpg&ixid=M3w3Mzg4NTh8MHwxfHJhbmRvbXx8fHx8fHx8fDE3NDQ4ODQwOTZ8&ixlib=rb-4.0.3&q=80&w=400","thumb":"https:\/\/images.unsplash.com\/photo-1562075950-23ba332df71c?crop=entropy&cs=tinysrgb&fit=max&fm=jpg&ixid=M3w3Mzg4NTh8MHwxfHJhbmRvbXx8fHx8fHx8fDE3NDQ4ODQwOTZ8&ixlib=rb-4.0.3&q=80&w=200","small_s3":"https:\/\/s3.us-west-2.amazonaws.com\/images.unsplash.com\/small\/photo-1562075950-23ba332df71c"},"links":{"self":"https:\/\/api.unsplash.com\/photos\/two-black-and-white-wireless-keyboards-lCwwN8VAnGs","html":"https:\/\/unsplash.com\/photos\/two-black-and-white-wireless-keyboards-lCwwN8VAnGs","download":"https:\/\/unsplash.com\/photos\/lCwwN8VAnGs\/download?ixid=M3w3Mzg4NTh8MHwxfHJhbmRvbXx8fHx8fHx8fDE3NDQ4ODQwOTZ8","download_location":"https:\/\/api.unsplash.com\/photos\/lCwwN8VAnGs\/download?ixid=M3w3Mzg4NTh8MHwxfHJhbmRvbXx8fHx8fHx8fDE3NDQ4ODQwOTZ8"},"likes":109,"liked_by_user":false,"current_user_collections":[],"sponsorship":null,"topic_submissions":[],"asset_type":"photo","user":{"id":"GlwltSassCo","updated_at":"2025-04-09T01:20:15Z","username":"cg","name":"C. G.","first_name":"C.","last_name":"G.","twitter_username":null,"portfolio_url":null,"bio":"sometimes.","location":null,"links":{"self":"https:\/\/api.unsplash.com\/users\/cg","html":"https:\/\/unsplash.com\/@cg","photos":"https:\/\/api.unsplash.com\/users\/cg\/photos","likes":"https:\/\/api.unsplash.com\/users\/cg\/likes","portfolio":"https:\/\/api.unsplash.com\/users\/cg\/portfolio"},"profile_image":{"small":"https:\/\/images.unsplash.com\/profile-1622974424462-24454ec41690image?ixlib=rb-4.0.3&crop=faces&fit=crop&w=32&h=32","medium":"https:\/\/images.unsplash.com\/profile-1622974424462-24454ec41690image?ixlib=rb-4.0.3&crop=faces&fit=crop&w=64&h=64","large":"https:\/\/images.unsplash.com\/profile-1622974424462-24454ec41690image?ixlib=rb-4.0.3&crop=faces&fit=crop&w=128&h=128"},"instagram_username":"cristigoia","total_collections":1,"total_likes":100,"total_photos":30,"total_promoted_photos":4,"total_illustrations":0,"total_promoted_illustrations":0,"accepted_tos":true,"for_hire":false,"social":{"instagram_username":"cristigoia","portfolio_url":null,"twitter_username":null,"paypal_email":null}},"exif":{"make":"Canon","model":"Canon EOS R","name":"Canon, EOS R","exposure_time":"1\/20","aperture":"4.0","focal_length":"37.0","iso":800},"location":{"name":null,"city":null,"country":null,"position":{"latitude":null,"longitude":null}},"meta":{"index":true},"public_domain":false,"tags":[{"type":"search","title":"wallpaper"},{"type":"search","title":"office"},{"type":"search","title":"technology"},{"type":"search","title":"black"},{"type":"search","title":"programming"},{"type":"search","title":"design"},{"type":"search","title":"white"},{"type":"search","title":"apple"},{"type":"search","title":"digital"},{"type":"search","title":"minimal"},{"type":"search","title":"web"},{"type":"search","title":"keyboard"},{"type":"search","title":"write"},{"type":"search","title":"keys"},{"type":"search","title":"two"},{"type":"search","title":"cables"},{"type":"search","title":"type"},{"type":"search","title":"setup"},{"type":"search","title":"genesis"},{"type":"search","title":"computer"}],"views":1327779,"downloads":5451,"topics":[]}
DEBUG - 2025-04-17 10:01:37 --> No valid image found for category "Programming"
DEBUG - 2025-04-17 10:01:37 --> Fetched Image URL for category Programming: default-image.jpg
DEBUG - 2025-04-17 10:01:37 --> No valid image found for category Programming
DEBUG - 2025-04-17 10:01:40 --> Unsplash API Response for category "AI & Video": {"id":"Ofag31q9Ouo","slug":"black-video-camera-Ofag31q9Ouo","alternative_slugs":{"en":"black-video-camera-Ofag31q9Ouo","es":"camara-de-video-negra-Ofag31q9Ouo","ja":"\u9ed2\u306e\u30d3\u30c7\u30aa\u30ab\u30e1\u30e9-Ofag31q9Ouo","fr":"camera-video-noire-Ofag31q9Ouo","it":"videocamera-nera-Ofag31q9Ouo","ko":"\ube14\ub799-\ube44\ub514\uc624-\uce74\uba54\ub77c-Ofag31q9Ouo","de":"schwarze-videokamera-Ofag31q9Ouo","pt":"camera-de-video-preta-Ofag31q9Ouo"},"created_at":"2019-07-20T14:31:03Z","updated_at":"2025-04-17T06:19:46Z","promoted_at":null,"width":6000,"height":4000,"color":"#262626","blur_hash":"L9A^8#IU%M^+_NRioLx]NZ9F-;D%","description":"One of hottest names in anamorphic right now is the Orion Series from Atlas Lens Co. We here at Voice & Video may not be getting a Monstro or Ranger any time soon, but we wait with bated breath for our full set of Atlas Anamorphics. Don't worry, you'll know when they arrive...","alt_description":"black video camera","breadcrumbs":[],"urls":{"raw":"https:\/\/images.unsplash.com\/photo-1563632123745-020b6a3a1dcf?ixid=M3w3Mzg4NTh8MHwxfHJhbmRvbXx8fHx8fHx8fDE3NDQ4ODQwOTl8&ixlib=rb-4.0.3","full":"https:\/\/images.unsplash.com\/photo-1563632123745-020b6a3a1dcf?crop=entropy&cs=srgb&fm=jpg&ixid=M3w3Mzg4NTh8MHwxfHJhbmRvbXx8fHx8fHx8fDE3NDQ4ODQwOTl8&ixlib=rb-4.0.3&q=85","regular":"https:\/\/images.unsplash.com\/photo-1563632123745-020b6a3a1dcf?crop=entropy&cs=tinysrgb&fit=max&fm=jpg&ixid=M3w3Mzg4NTh8MHwxfHJhbmRvbXx8fHx8fHx8fDE3NDQ4ODQwOTl8&ixlib=rb-4.0.3&q=80&w=1080","small":"https:\/\/images.unsplash.com\/photo-1563632123745-020b6a3a1dcf?crop=entropy&cs=tinysrgb&fit=max&fm=jpg&ixid=M3w3Mzg4NTh8MHwxfHJhbmRvbXx8fHx8fHx8fDE3NDQ4ODQwOTl8&ixlib=rb-4.0.3&q=80&w=400","thumb":"https:\/\/images.unsplash.com\/photo-1563632123745-020b6a3a1dcf?crop=entropy&cs=tinysrgb&fit=max&fm=jpg&ixid=M3w3Mzg4NTh8MHwxfHJhbmRvbXx8fHx8fHx8fDE3NDQ4ODQwOTl8&ixlib=rb-4.0.3&q=80&w=200","small_s3":"https:\/\/s3.us-west-2.amazonaws.com\/images.unsplash.com\/small\/photo-1563632123745-020b6a3a1dcf"},"links":{"self":"https:\/\/api.unsplash.com\/photos\/black-video-camera-Ofag31q9Ouo","html":"https:\/\/unsplash.com\/photos\/black-video-camera-Ofag31q9Ouo","download":"https:\/\/unsplash.com\/photos\/Ofag31q9Ouo\/download?ixid=M3w3Mzg4NTh8MHwxfHJhbmRvbXx8fHx8fHx8fDE3NDQ4ODQwOTl8","download_location":"https:\/\/api.unsplash.com\/photos\/Ofag31q9Ouo\/download?ixid=M3w3Mzg4NTh8MHwxfHJhbmRvbXx8fHx8fHx8fDE3NDQ4ODQwOTl8"},"likes":33,"liked_by_user":false,"current_user_collections":[],"sponsorship":null,"topic_submissions":[],"asset_type":"photo","user":{"id":"BDbF_6_4b1Y","updated_at":"2024-10-10T23:17:51Z","username":"voiceandvideo","name":"Voice + Video","first_name":"Voice","last_name":"+ Video","twitter_username":null,"portfolio_url":"http:\/\/www.voiceandvideosales.com","bio":"Voice & Video is the only pro shop in San Diego selling and renting gear for pro shooters. Whether it's documentaries, commercials, feature films, or your vlog, stop by our showroom in Kearny Mesa to see what toys await you!","location":"4909 Ruffner St. San Diego, CA 92111","links":{"self":"https:\/\/api.unsplash.com\/users\/voiceandvideo","html":"https:\/\/unsplash.com\/@voiceandvideo","photos":"https:\/\/api.unsplash.com\/users\/voiceandvideo\/photos","likes":"https:\/\/api.unsplash.com\/users\/voiceandvideo\/likes","portfolio":"https:\/\/api.unsplash.com\/users\/voiceandvideo\/portfolio","following":"https:\/\/api.unsplash.com\/users\/voiceandvideo\/following","followers":"https:\/\/api.unsplash.com\/users\/voiceandvideo\/followers"},"profile_image":{"small":"https:\/\/images.unsplash.com\/profile-1569597439516-906ffd854549image?ixlib=rb-4.0.3&crop=faces&fit=crop&w=32&h=32","medium":"https:\/\/images.unsplash.com\/profile-1569597439516-906ffd854549image?ixlib=rb-4.0.3&crop=faces&fit=crop&w=64&h=64","large":"https:\/\/images.unsplash.com\/profile-1569597439516-906ffd854549image?ixlib=rb-4.0.3&crop=faces&fit=crop&w=128&h=128"},"instagram_username":"voiceandvideosales","total_collections":0,"total_likes":4,"total_photos":52,"total_promoted_photos":11,"total_illustrations":0,"total_promoted_illustrations":0,"accepted_tos":true,"for_hire":false,"social":{"instagram_username":"voiceandvideosales","portfolio_url":"http:\/\/www.voiceandvideosales.com","twitter_username":null,"paypal_email":null}},"exif":{"make":"Canon","model":"Canon EOS 80D","name":"Canon, EOS 80D","exposure_time":"1\/200","aperture":"5.6","focal_length":"29.0","iso":1600},"location":{"name":"Voice & Video, San Diego, United States","city":"San Diego","country":"United States","position":{"latitude":null,"longitude":null}},"meta":{"index":true},"public_domain":false,"tags":[{"type":"search","title":"video"},{"type":"search","title":"red"},{"type":"search","title":"film"},{"type":"search","title":"san diego"},{"type":"search","title":"ranger"},{"type":"search","title":"rentals"},{"type":"search","title":"camera"},{"type":"search","title":"brown"},{"type":"search","title":"united states"},{"type":"search","title":"electronics"},{"type":"search","title":"camera lens"},{"type":"search","title":"digital camera"}],"views":689836,"downloads":3894,"topics":[]}
DEBUG - 2025-04-17 10:01:40 --> No valid image found for category "AI & Video"
DEBUG - 2025-04-17 10:01:40 --> Fetched Image URL for category AI & Video: default-image.jpg
DEBUG - 2025-04-17 10:01:40 --> No valid image found for category AI & Video
DEBUG - 2025-04-17 10:01:42 --> Unsplash API Response for category "Cybersecurity": {"id":"4MNuO-rJnA8","slug":"green-and-silver-padlock-with-keys-4MNuO-rJnA8","alternative_slugs":{"en":"green-and-silver-padlock-with-keys-4MNuO-rJnA8","es":"candado-verde-y-plateado-con-llaves-4MNuO-rJnA8","ja":"\u7dd1\u3068\u9280\u306e\u5357\u4eac\u9320\u3068\u9375\u4ed8\u304d-4MNuO-rJnA8","fr":"cadenas-vert-et-argent-avec-cles-4MNuO-rJnA8","it":"lucchetto-verde-e-argento-con-chiavi-4MNuO-rJnA8","ko":"\uc5f4\uc1e0\uac00-\uc788\ub294-\ub179\uc0c9\uacfc-\uc740\uc0c9-\uc790\ubb3c\uc1e0-4MNuO-rJnA8","de":"grunes-und-silbernes-vorhangeschloss-mit-schlusseln-4MNuO-rJnA8","pt":"cadeado-verde-e-prateado-com-chaves-4MNuO-rJnA8"},"created_at":"2021-02-23T07:20:36Z","updated_at":"2025-04-17T09:27:14Z","promoted_at":null,"width":7952,"height":5304,"color":"#d95940","blur_hash":"LmIM1O{kjun*$Qj[S2WVS2S2R+W:","description":"Cyber security image","alt_description":"green and silver padlock with keys","breadcrumbs":[],"urls":{"raw":"https:\/\/images.unsplash.com\/photo-1614064744856-63503e865a23?ixid=M3w3Mzg4NTh8MHwxfHJhbmRvbXx8fHx8fHx8fDE3NDQ4ODQxMDJ8&ixlib=rb-4.0.3","full":"https:\/\/images.unsplash.com\/photo-1614064744856-63503e865a23?crop=entropy&cs=srgb&fm=jpg&ixid=M3w3Mzg4NTh8MHwxfHJhbmRvbXx8fHx8fHx8fDE3NDQ4ODQxMDJ8&ixlib=rb-4.0.3&q=85","regular":"https:\/\/images.unsplash.com\/photo-1614064744856-63503e865a23?crop=entropy&cs=tinysrgb&fit=max&fm=jpg&ixid=M3w3Mzg4NTh8MHwxfHJhbmRvbXx8fHx8fHx8fDE3NDQ4ODQxMDJ8&ixlib=rb-4.0.3&q=80&w=1080","small":"https:\/\/images.unsplash.com\/photo-1614064744856-63503e865a23?crop=entropy&cs=tinysrgb&fit=max&fm=jpg&ixid=M3w3Mzg4NTh8MHwxfHJhbmRvbXx8fHx8fHx8fDE3NDQ4ODQxMDJ8&ixlib=rb-4.0.3&q=80&w=400","thumb":"https:\/\/images.unsplash.com\/photo-1614064744856-63503e865a23?crop=entropy&cs=tinysrgb&fit=max&fm=jpg&ixid=M3w3Mzg4NTh8MHwxfHJhbmRvbXx8fHx8fHx8fDE3NDQ4ODQxMDJ8&ixlib=rb-4.0.3&q=80&w=200","small_s3":"https:\/\/s3.us-west-2.amazonaws.com\/images.unsplash.com\/small\/photo-1614064744856-63503e865a23"},"links":{"self":"https:\/\/api.unsplash.com\/photos\/green-and-silver-padlock-with-keys-4MNuO-rJnA8","html":"https:\/\/unsplash.com\/photos\/green-and-silver-padlock-with-keys-4MNuO-rJnA8","download":"https:\/\/unsplash.com\/photos\/4MNuO-rJnA8\/download?ixid=M3w3Mzg4NTh8MHwxfHJhbmRvbXx8fHx8fHx8fDE3NDQ4ODQxMDJ8","download_location":"https:\/\/api.unsplash.com\/photos\/4MNuO-rJnA8\/download?ixid=M3w3Mzg4NTh8MHwxfHJhbmRvbXx8fHx8fHx8fDE3NDQ4ODQxMDJ8"},"likes":15,"liked_by_user":false,"current_user_collections":[],"sponsorship":null,"topic_submissions":[],"asset_type":"photo","user":{"id":"qVg3BvZVaLo","updated_at":"2025-03-04T13:19:27Z","username":"flyd2069","name":"FlyD","first_name":"FlyD","last_name":null,"twitter_username":"FlyD2069","portfolio_url":"https:\/\/www.flyd2069.com\/","bio":"I'm a game designer, artist, barista and photographer. My  specialized field is art-photography (see  my website below). If you have an order to me, send message freely. \u6771\u4eac\u5728\u4f4f\u65e5\u672c\u4eba\u3067\u3059\u3002\u30e1\u30c3\u30bb\u30fc\u30b8\u306f\u65e5\u672c\u8a9e\u3067\u5927\u4e08\u592b\u3067\u3059\u3002\u5c02\u9580\u306f\u30a2\u30fc\u30c8\u5199\u771f\u3002\u304a\u4ed5\u4e8b\u3054\u76f8\u8ac7\u3044\u305f\u3060\u3051\u307e\u3059\u969b\u306f\u30ea\u30f3\u30af\u5148\u306e\u30a4\u30f3\u30b9\u30bf\u4f5c\u54c1\u3092\u3054\u53c2\u7167\u304f\u3060\u3055\u3044","location":"Tokyo","links":{"self":"https:\/\/api.unsplash.com\/users\/flyd2069","html":"https:\/\/unsplash.com\/@flyd2069","photos":"https:\/\/api.unsplash.com\/users\/flyd2069\/photos","likes":"https:\/\/api.unsplash.com\/users\/flyd2069\/likes","portfolio":"https:\/\/api.unsplash.com\/users\/flyd2069\/portfolio","following":"https:\/\/api.unsplash.com\/users\/flyd2069\/following","followers":"https:\/\/api.unsplash.com\/users\/flyd2069\/followers"},"profile_image":{"small":"https:\/\/images.unsplash.com\/profile-1702704694753-8cbfa3e126b0image?ixlib=rb-4.0.3&crop=faces&fit=crop&w=32&h=32","medium":"https:\/\/images.unsplash.com\/profile-1702704694753-8cbfa3e126b0image?ixlib=rb-4.0.3&crop=faces&fit=crop&w=64&h=64","large":"https:\/\/images.unsplash.com\/profile-1702704694753-8cbfa3e126b0image?ixlib=rb-4.0.3&crop=faces&fit=crop&w=128&h=128"},"instagram_username":"flyd2069","total_collections":1,"total_likes":5,"total_photos":765,"total_promoted_photos":58,"total_illustrations":0,"total_promoted_illustrations":0,"accepted_tos":true,"for_hire":true,"social":{"instagram_username":"flyd2069","portfolio_url":"https:\/\/www.flyd2069.com\/","twitter_username":"FlyD2069","paypal_email":null}},"exif":{"make":"SONY","model":"ILCE-7RM3","name":"SONY, ILCE-7RM3","exposure_time":"0.6","aperture":"16.0","focal_length":"50.0","iso":200},"location":{"name":null,"city":null,"country":null,"position":{"latitude":null,"longitude":null}},"meta":{"index":true},"public_domain":false,"tags":[{"type":"search","title":"green"},{"type":"search","title":"red"},{"type":"search","title":"gold"},{"type":"search","title":"security"},{"type":"search","title":"internet"},{"type":"search","title":"cyber"},{"type":"search","title":"management"},{"type":"search","title":"key"},{"type":"search","title":"risk"},{"type":"search","title":"lock"},{"type":"search","title":"padlock"},{"type":"search","title":"electronics"},{"type":"search","title":"plug"},{"type":"search","title":"adapter"}],"views":788123,"downloads":2053,"topics":[]}
DEBUG - 2025-04-17 10:01:42 --> No valid image found for category "Cybersecurity"
DEBUG - 2025-04-17 10:01:42 --> Fetched Image URL for category Cybersecurity: default-image.jpg
DEBUG - 2025-04-17 10:01:42 --> No valid image found for category Cybersecurity
DEBUG - 2025-04-17 10:01:42 --> Session: Class initialized using 'CodeIgniter\Session\Handlers\FileHandler' driver.
WARNING - 2025-04-17 10:01:43 --> [DEPRECATED] Passing lowercase HTTP method "get" is deprecated. Use uppercase HTTP method like "GET". in SYSTEMPATH\Router\RouteCollection.php on line 1026.
 1 SYSTEMPATH\Router\RouteCollection.php(1026): trigger_error('Passing lowercase HTTP method "get" is deprecated. Use uppercase HTTP method like "GET".', 16384)
 2 APPPATH\Config\Routes.php(85): CodeIgniter\Router\RouteCollection->match([...], 'user/edit', 'User\\UserController::editProfile')
 3 SYSTEMPATH\Router\RouteCollection.php(339): require('C:\\wamp64\\www\\ci-learn_affix\\app\\Config\\Routes.php')
 4 SYSTEMPATH\CodeIgniter.php(821): CodeIgniter\Router\RouteCollection->loadRoutes()
 5 SYSTEMPATH\CodeIgniter.php(455): CodeIgniter\CodeIgniter->tryToRouteIt(null)
 6 SYSTEMPATH\CodeIgniter.php(354): CodeIgniter\CodeIgniter->handleRequest(null, Object(Config\Cache), false)
 7 SYSTEMPATH\Boot.php(334): CodeIgniter\CodeIgniter->run()
 8 SYSTEMPATH\Boot.php(67): CodeIgniter\Boot::runCodeIgniter(Object(CodeIgniter\CodeIgniter))
 9 FCPATH\index.php(56): CodeIgniter\Boot::bootWeb(Object(Config\Paths))
WARNING - 2025-04-17 10:01:43 --> [DEPRECATED] Passing lowercase HTTP method "post" is deprecated. Use uppercase HTTP method like "POST". in SYSTEMPATH\Router\RouteCollection.php on line 1026.
 1 SYSTEMPATH\Router\RouteCollection.php(1026): trigger_error('Passing lowercase HTTP method "post" is deprecated. Use uppercase HTTP method like "POST".', 16384)
 2 APPPATH\Config\Routes.php(85): CodeIgniter\Router\RouteCollection->match([...], 'user/edit', 'User\\UserController::editProfile')
 3 SYSTEMPATH\Router\RouteCollection.php(339): require('C:\\wamp64\\www\\ci-learn_affix\\app\\Config\\Routes.php')
 4 SYSTEMPATH\CodeIgniter.php(821): CodeIgniter\Router\RouteCollection->loadRoutes()
 5 SYSTEMPATH\CodeIgniter.php(455): CodeIgniter\CodeIgniter->tryToRouteIt(null)
 6 SYSTEMPATH\CodeIgniter.php(354): CodeIgniter\CodeIgniter->handleRequest(null, Object(Config\Cache), false)
 7 SYSTEMPATH\Boot.php(334): CodeIgniter\CodeIgniter->run()
 8 SYSTEMPATH\Boot.php(67): CodeIgniter\Boot::runCodeIgniter(Object(CodeIgniter\CodeIgniter))
 9 FCPATH\index.php(56): CodeIgniter\Boot::bootWeb(Object(Config\Paths))
DEBUG - 2025-04-17 10:01:43 --> Session: Class initialized using 'CodeIgniter\Session\Handlers\FileHandler' driver.
WARNING - 2025-04-17 10:01:43 --> [DEPRECATED] Passing lowercase HTTP method "get" is deprecated. Use uppercase HTTP method like "GET". in SYSTEMPATH\Router\RouteCollection.php on line 1026.
 1 SYSTEMPATH\Router\RouteCollection.php(1026): trigger_error('Passing lowercase HTTP method "get" is deprecated. Use uppercase HTTP method like "GET".', 16384)
 2 APPPATH\Config\Routes.php(85): CodeIgniter\Router\RouteCollection->match([...], 'user/edit', 'User\\UserController::editProfile')
 3 SYSTEMPATH\Router\RouteCollection.php(339): require('C:\\wamp64\\www\\ci-learn_affix\\app\\Config\\Routes.php')
 4 SYSTEMPATH\CodeIgniter.php(821): CodeIgniter\Router\RouteCollection->loadRoutes()
 5 SYSTEMPATH\CodeIgniter.php(455): CodeIgniter\CodeIgniter->tryToRouteIt(null)
 6 SYSTEMPATH\CodeIgniter.php(354): CodeIgniter\CodeIgniter->handleRequest(null, Object(Config\Cache), false)
 7 SYSTEMPATH\Boot.php(334): CodeIgniter\CodeIgniter->run()
 8 SYSTEMPATH\Boot.php(67): CodeIgniter\Boot::runCodeIgniter(Object(CodeIgniter\CodeIgniter))
 9 FCPATH\index.php(56): CodeIgniter\Boot::bootWeb(Object(Config\Paths))
WARNING - 2025-04-17 10:01:43 --> [DEPRECATED] Passing lowercase HTTP method "post" is deprecated. Use uppercase HTTP method like "POST". in SYSTEMPATH\Router\RouteCollection.php on line 1026.
 1 SYSTEMPATH\Router\RouteCollection.php(1026): trigger_error('Passing lowercase HTTP method "post" is deprecated. Use uppercase HTTP method like "POST".', 16384)
 2 APPPATH\Config\Routes.php(85): CodeIgniter\Router\RouteCollection->match([...], 'user/edit', 'User\\UserController::editProfile')
 3 SYSTEMPATH\Router\RouteCollection.php(339): require('C:\\wamp64\\www\\ci-learn_affix\\app\\Config\\Routes.php')
 4 SYSTEMPATH\CodeIgniter.php(821): CodeIgniter\Router\RouteCollection->loadRoutes()
 5 SYSTEMPATH\CodeIgniter.php(455): CodeIgniter\CodeIgniter->tryToRouteIt(null)
 6 SYSTEMPATH\CodeIgniter.php(354): CodeIgniter\CodeIgniter->handleRequest(null, Object(Config\Cache), false)
 7 SYSTEMPATH\Boot.php(334): CodeIgniter\CodeIgniter->run()
 8 SYSTEMPATH\Boot.php(67): CodeIgniter\Boot::runCodeIgniter(Object(CodeIgniter\CodeIgniter))
 9 FCPATH\index.php(56): CodeIgniter\Boot::bootWeb(Object(Config\Paths))
DEBUG - 2025-04-17 10:01:43 --> Session: Class initialized using 'CodeIgniter\Session\Handlers\FileHandler' driver.
WARNING - 2025-04-17 10:01:43 --> [DEPRECATED] Passing lowercase HTTP method "get" is deprecated. Use uppercase HTTP method like "GET". in SYSTEMPATH\Router\RouteCollection.php on line 1026.
 1 SYSTEMPATH\Router\RouteCollection.php(1026): trigger_error('Passing lowercase HTTP method "get" is deprecated. Use uppercase HTTP method like "GET".', 16384)
 2 APPPATH\Config\Routes.php(85): CodeIgniter\Router\RouteCollection->match([...], 'user/edit', 'User\\UserController::editProfile')
 3 SYSTEMPATH\Router\RouteCollection.php(339): require('C:\\wamp64\\www\\ci-learn_affix\\app\\Config\\Routes.php')
 4 SYSTEMPATH\CodeIgniter.php(821): CodeIgniter\Router\RouteCollection->loadRoutes()
 5 SYSTEMPATH\CodeIgniter.php(455): CodeIgniter\CodeIgniter->tryToRouteIt(null)
 6 SYSTEMPATH\CodeIgniter.php(354): CodeIgniter\CodeIgniter->handleRequest(null, Object(Config\Cache), false)
 7 SYSTEMPATH\Boot.php(334): CodeIgniter\CodeIgniter->run()
 8 SYSTEMPATH\Boot.php(67): CodeIgniter\Boot::runCodeIgniter(Object(CodeIgniter\CodeIgniter))
 9 FCPATH\index.php(56): CodeIgniter\Boot::bootWeb(Object(Config\Paths))
WARNING - 2025-04-17 10:01:43 --> [DEPRECATED] Passing lowercase HTTP method "post" is deprecated. Use uppercase HTTP method like "POST". in SYSTEMPATH\Router\RouteCollection.php on line 1026.
 1 SYSTEMPATH\Router\RouteCollection.php(1026): trigger_error('Passing lowercase HTTP method "post" is deprecated. Use uppercase HTTP method like "POST".', 16384)
 2 APPPATH\Config\Routes.php(85): CodeIgniter\Router\RouteCollection->match([...], 'user/edit', 'User\\UserController::editProfile')
 3 SYSTEMPATH\Router\RouteCollection.php(339): require('C:\\wamp64\\www\\ci-learn_affix\\app\\Config\\Routes.php')
 4 SYSTEMPATH\CodeIgniter.php(821): CodeIgniter\Router\RouteCollection->loadRoutes()
 5 SYSTEMPATH\CodeIgniter.php(455): CodeIgniter\CodeIgniter->tryToRouteIt(null)
 6 SYSTEMPATH\CodeIgniter.php(354): CodeIgniter\CodeIgniter->handleRequest(null, Object(Config\Cache), false)
 7 SYSTEMPATH\Boot.php(334): CodeIgniter\CodeIgniter->run()
 8 SYSTEMPATH\Boot.php(67): CodeIgniter\Boot::runCodeIgniter(Object(CodeIgniter\CodeIgniter))
 9 FCPATH\index.php(56): CodeIgniter\Boot::bootWeb(Object(Config\Paths))
DEBUG - 2025-04-17 10:01:43 --> Session: Class initialized using 'CodeIgniter\Session\Handlers\FileHandler' driver.
WARNING - 2025-04-17 10:01:43 --> [DEPRECATED] Passing lowercase HTTP method "get" is deprecated. Use uppercase HTTP method like "GET". in SYSTEMPATH\Router\RouteCollection.php on line 1026.
 1 SYSTEMPATH\Router\RouteCollection.php(1026): trigger_error('Passing lowercase HTTP method "get" is deprecated. Use uppercase HTTP method like "GET".', 16384)
 2 APPPATH\Config\Routes.php(85): CodeIgniter\Router\RouteCollection->match([...], 'user/edit', 'User\\UserController::editProfile')
 3 SYSTEMPATH\Router\RouteCollection.php(339): require('C:\\wamp64\\www\\ci-learn_affix\\app\\Config\\Routes.php')
 4 SYSTEMPATH\CodeIgniter.php(821): CodeIgniter\Router\RouteCollection->loadRoutes()
 5 SYSTEMPATH\CodeIgniter.php(455): CodeIgniter\CodeIgniter->tryToRouteIt(null)
 6 SYSTEMPATH\CodeIgniter.php(354): CodeIgniter\CodeIgniter->handleRequest(null, Object(Config\Cache), false)
 7 SYSTEMPATH\Boot.php(334): CodeIgniter\CodeIgniter->run()
 8 SYSTEMPATH\Boot.php(67): CodeIgniter\Boot::runCodeIgniter(Object(CodeIgniter\CodeIgniter))
 9 FCPATH\index.php(56): CodeIgniter\Boot::bootWeb(Object(Config\Paths))
WARNING - 2025-04-17 10:01:43 --> [DEPRECATED] Passing lowercase HTTP method "post" is deprecated. Use uppercase HTTP method like "POST". in SYSTEMPATH\Router\RouteCollection.php on line 1026.
 1 SYSTEMPATH\Router\RouteCollection.php(1026): trigger_error('Passing lowercase HTTP method "post" is deprecated. Use uppercase HTTP method like "POST".', 16384)
 2 APPPATH\Config\Routes.php(85): CodeIgniter\Router\RouteCollection->match([...], 'user/edit', 'User\\UserController::editProfile')
 3 SYSTEMPATH\Router\RouteCollection.php(339): require('C:\\wamp64\\www\\ci-learn_affix\\app\\Config\\Routes.php')
 4 SYSTEMPATH\CodeIgniter.php(821): CodeIgniter\Router\RouteCollection->loadRoutes()
 5 SYSTEMPATH\CodeIgniter.php(455): CodeIgniter\CodeIgniter->tryToRouteIt(null)
 6 SYSTEMPATH\CodeIgniter.php(354): CodeIgniter\CodeIgniter->handleRequest(null, Object(Config\Cache), false)
 7 SYSTEMPATH\Boot.php(334): CodeIgniter\CodeIgniter->run()
 8 SYSTEMPATH\Boot.php(67): CodeIgniter\Boot::runCodeIgniter(Object(CodeIgniter\CodeIgniter))
 9 FCPATH\index.php(56): CodeIgniter\Boot::bootWeb(Object(Config\Paths))
DEBUG - 2025-04-17 10:01:43 --> Session: Class initialized using 'CodeIgniter\Session\Handlers\FileHandler' driver.
DEBUG - 2025-04-17 10:01:43 --> Session: Class initialized using 'CodeIgniter\Session\Handlers\FileHandler' driver.
WARNING - 2025-04-17 10:01:43 --> [DEPRECATED] Passing lowercase HTTP method "get" is deprecated. Use uppercase HTTP method like "GET". in SYSTEMPATH\Router\RouteCollection.php on line 1026.
 1 SYSTEMPATH\Router\RouteCollection.php(1026): trigger_error('Passing lowercase HTTP method "get" is deprecated. Use uppercase HTTP method like "GET".', 16384)
 2 APPPATH\Config\Routes.php(85): CodeIgniter\Router\RouteCollection->match([...], 'user/edit', 'User\\UserController::editProfile')
 3 SYSTEMPATH\Router\RouteCollection.php(339): require('C:\\wamp64\\www\\ci-learn_affix\\app\\Config\\Routes.php')
 4 SYSTEMPATH\CodeIgniter.php(821): CodeIgniter\Router\RouteCollection->loadRoutes()
 5 SYSTEMPATH\CodeIgniter.php(455): CodeIgniter\CodeIgniter->tryToRouteIt(null)
 6 SYSTEMPATH\CodeIgniter.php(354): CodeIgniter\CodeIgniter->handleRequest(null, Object(Config\Cache), false)
 7 SYSTEMPATH\Boot.php(334): CodeIgniter\CodeIgniter->run()
 8 SYSTEMPATH\Boot.php(67): CodeIgniter\Boot::runCodeIgniter(Object(CodeIgniter\CodeIgniter))
 9 FCPATH\index.php(56): CodeIgniter\Boot::bootWeb(Object(Config\Paths))
WARNING - 2025-04-17 10:01:43 --> [DEPRECATED] Passing lowercase HTTP method "post" is deprecated. Use uppercase HTTP method like "POST". in SYSTEMPATH\Router\RouteCollection.php on line 1026.
 1 SYSTEMPATH\Router\RouteCollection.php(1026): trigger_error('Passing lowercase HTTP method "post" is deprecated. Use uppercase HTTP method like "POST".', 16384)
 2 APPPATH\Config\Routes.php(85): CodeIgniter\Router\RouteCollection->match([...], 'user/edit', 'User\\UserController::editProfile')
 3 SYSTEMPATH\Router\RouteCollection.php(339): require('C:\\wamp64\\www\\ci-learn_affix\\app\\Config\\Routes.php')
 4 SYSTEMPATH\CodeIgniter.php(821): CodeIgniter\Router\RouteCollection->loadRoutes()
 5 SYSTEMPATH\CodeIgniter.php(455): CodeIgniter\CodeIgniter->tryToRouteIt(null)
 6 SYSTEMPATH\CodeIgniter.php(354): CodeIgniter\CodeIgniter->handleRequest(null, Object(Config\Cache), false)
 7 SYSTEMPATH\Boot.php(334): CodeIgniter\CodeIgniter->run()
 8 SYSTEMPATH\Boot.php(67): CodeIgniter\Boot::runCodeIgniter(Object(CodeIgniter\CodeIgniter))
 9 FCPATH\index.php(56): CodeIgniter\Boot::bootWeb(Object(Config\Paths))
DEBUG - 2025-04-17 10:07:39 --> Session: Class initialized using 'CodeIgniter\Session\Handlers\FileHandler' driver.
WARNING - 2025-04-17 10:07:39 --> [DEPRECATED] Passing lowercase HTTP method "get" is deprecated. Use uppercase HTTP method like "GET". in SYSTEMPATH\Router\RouteCollection.php on line 1026.
 1 SYSTEMPATH\Router\RouteCollection.php(1026): trigger_error('Passing lowercase HTTP method "get" is deprecated. Use uppercase HTTP method like "GET".', 16384)
 2 APPPATH\Config\Routes.php(85): CodeIgniter\Router\RouteCollection->match([...], 'user/edit', 'User\\UserController::editProfile')
 3 SYSTEMPATH\Router\RouteCollection.php(339): require('C:\\wamp64\\www\\ci-learn_affix\\app\\Config\\Routes.php')
 4 SYSTEMPATH\CodeIgniter.php(821): CodeIgniter\Router\RouteCollection->loadRoutes()
 5 SYSTEMPATH\CodeIgniter.php(455): CodeIgniter\CodeIgniter->tryToRouteIt(null)
 6 SYSTEMPATH\CodeIgniter.php(354): CodeIgniter\CodeIgniter->handleRequest(null, Object(Config\Cache), false)
 7 SYSTEMPATH\Boot.php(334): CodeIgniter\CodeIgniter->run()
 8 SYSTEMPATH\Boot.php(67): CodeIgniter\Boot::runCodeIgniter(Object(CodeIgniter\CodeIgniter))
 9 FCPATH\index.php(56): CodeIgniter\Boot::bootWeb(Object(Config\Paths))
WARNING - 2025-04-17 10:07:39 --> [DEPRECATED] Passing lowercase HTTP method "post" is deprecated. Use uppercase HTTP method like "POST". in SYSTEMPATH\Router\RouteCollection.php on line 1026.
 1 SYSTEMPATH\Router\RouteCollection.php(1026): trigger_error('Passing lowercase HTTP method "post" is deprecated. Use uppercase HTTP method like "POST".', 16384)
 2 APPPATH\Config\Routes.php(85): CodeIgniter\Router\RouteCollection->match([...], 'user/edit', 'User\\UserController::editProfile')
 3 SYSTEMPATH\Router\RouteCollection.php(339): require('C:\\wamp64\\www\\ci-learn_affix\\app\\Config\\Routes.php')
 4 SYSTEMPATH\CodeIgniter.php(821): CodeIgniter\Router\RouteCollection->loadRoutes()
 5 SYSTEMPATH\CodeIgniter.php(455): CodeIgniter\CodeIgniter->tryToRouteIt(null)
 6 SYSTEMPATH\CodeIgniter.php(354): CodeIgniter\CodeIgniter->handleRequest(null, Object(Config\Cache), false)
 7 SYSTEMPATH\Boot.php(334): CodeIgniter\CodeIgniter->run()
 8 SYSTEMPATH\Boot.php(67): CodeIgniter\Boot::runCodeIgniter(Object(CodeIgniter\CodeIgniter))
 9 FCPATH\index.php(56): CodeIgniter\Boot::bootWeb(Object(Config\Paths))
DEBUG - 2025-04-17 10:07:40 --> Unsplash API Response for category "Programming": {"id":"CZ9AjMGKIFI","slug":"girl-using-desktop-computer-in-room-CZ9AjMGKIFI","alternative_slugs":{"en":"girl-using-desktop-computer-in-room-CZ9AjMGKIFI","es":"chica-usando-una-computadora-de-escritorio-en-la-habitacion-CZ9AjMGKIFI","ja":"\u90e8\u5c4b\u3067\u30c7\u30b9\u30af\u30c8\u30c3\u30d7\u30b3\u30f3\u30d4\u30e5\u30fc\u30bf\u3092\u4f7f\u7528\u3059\u308b\u5973\u306e\u5b50-CZ9AjMGKIFI","fr":"fille-utilisant-un-ordinateur-de-bureau-dans-la-chambre-CZ9AjMGKIFI","it":"ragazza-che-usa-il-computer-desktop-in-camera-CZ9AjMGKIFI","ko":"\ubc29\uc5d0\uc11c-\ub370\uc2a4\ud06c\ud0d1-\ucef4\ud4e8\ud130\ub97c-\uc0ac\uc6a9\ud558\ub294-\uc18c\ub140-CZ9AjMGKIFI","de":"madchen-mit-desktop-computer-im-zimmer-CZ9AjMGKIFI","pt":"menina-usando-computador-de-mesa-no-quarto-CZ9AjMGKIFI"},"created_at":"2019-02-02T04:50:36Z","updated_at":"2025-04-17T06:14:21Z","promoted_at":null,"width":6000,"height":4000,"color":"#f3f3f3","blur_hash":"LlJ8hZoJ%M%M~qt7jsoft7ozj@Rj","description":null,"alt_description":"girl using desktop computer in room","breadcrumbs":[],"urls":{"raw":"https:\/\/images.unsplash.com\/photo-1549082984-1323b94df9a6?ixid=M3w3Mzg4NTh8MHwxfHJhbmRvbXx8fHx8fHx8fDE3NDQ4ODQ0NjB8&ixlib=rb-4.0.3","full":"https:\/\/images.unsplash.com\/photo-1549082984-1323b94df9a6?crop=entropy&cs=srgb&fm=jpg&ixid=M3w3Mzg4NTh8MHwxfHJhbmRvbXx8fHx8fHx8fDE3NDQ4ODQ0NjB8&ixlib=rb-4.0.3&q=85","regular":"https:\/\/images.unsplash.com\/photo-1549082984-1323b94df9a6?crop=entropy&cs=tinysrgb&fit=max&fm=jpg&ixid=M3w3Mzg4NTh8MHwxfHJhbmRvbXx8fHx8fHx8fDE3NDQ4ODQ0NjB8&ixlib=rb-4.0.3&q=80&w=1080","small":"https:\/\/images.unsplash.com\/photo-1549082984-1323b94df9a6?crop=entropy&cs=tinysrgb&fit=max&fm=jpg&ixid=M3w3Mzg4NTh8MHwxfHJhbmRvbXx8fHx8fHx8fDE3NDQ4ODQ0NjB8&ixlib=rb-4.0.3&q=80&w=400","thumb":"https:\/\/images.unsplash.com\/photo-1549082984-1323b94df9a6?crop=entropy&cs=tinysrgb&fit=max&fm=jpg&ixid=M3w3Mzg4NTh8MHwxfHJhbmRvbXx8fHx8fHx8fDE3NDQ4ODQ0NjB8&ixlib=rb-4.0.3&q=80&w=200","small_s3":"https:\/\/s3.us-west-2.amazonaws.com\/images.unsplash.com\/small\/photo-1549082984-1323b94df9a6"},"links":{"self":"https:\/\/api.unsplash.com\/photos\/girl-using-desktop-computer-in-room-CZ9AjMGKIFI","html":"https:\/\/unsplash.com\/photos\/girl-using-desktop-computer-in-room-CZ9AjMGKIFI","download":"https:\/\/unsplash.com\/photos\/CZ9AjMGKIFI\/download?ixid=M3w3Mzg4NTh8MHwxfHJhbmRvbXx8fHx8fHx8fDE3NDQ4ODQ0NjB8","download_location":"https:\/\/api.unsplash.com\/photos\/CZ9AjMGKIFI\/download?ixid=M3w3Mzg4NTh8MHwxfHJhbmRvbXx8fHx8fHx8fDE3NDQ4ODQ0NjB8"},"likes":459,"liked_by_user":false,"current_user_collections":[],"sponsorship":null,"topic_submissions":{"business-work":{"status":"approved","approved_on":"2021-05-04T15:52:07Z"}},"asset_type":"photo","user":{"id":"AnHdGhoEwN0","updated_at":"2025-02-17T23:54:57Z","username":"joeel56","name":"Nicole Wolf","first_name":"Nicole","last_name":"Wolf","twitter_username":"joeel56","portfolio_url":null,"bio":"Hi! Whats up","location":"Germany","links":{"self":"https:\/\/api.unsplash.com\/users\/joeel56","html":"https:\/\/unsplash.com\/@joeel56","photos":"https:\/\/api.unsplash.com\/users\/joeel56\/photos","likes":"https:\/\/api.unsplash.com\/users\/joeel56\/likes","portfolio":"https:\/\/api.unsplash.com\/users\/joeel56\/portfolio","following":"https:\/\/api.unsplash.com\/users\/joeel56\/following","followers":"https:\/\/api.unsplash.com\/users\/joeel56\/followers"},"profile_image":{"small":"https:\/\/images.unsplash.com\/profile-fb-1538724059-f8f4db4fc0d3.jpg?ixlib=rb-4.0.3&crop=faces&fit=crop&w=32&h=32","medium":"https:\/\/images.unsplash.com\/profile-fb-1538724059-f8f4db4fc0d3.jpg?ixlib=rb-4.0.3&crop=faces&fit=crop&w=64&h=64","large":"https:\/\/images.unsplash.com\/profile-fb-1538724059-f8f4db4fc0d3.jpg?ixlib=rb-4.0.3&crop=faces&fit=crop&w=128&h=128"},"instagram_username":"joeel56","total_collections":1,"total_likes":1,"total_photos":6,"total_promoted_photos":1,"total_illustrations":0,"total_promoted_illustrations":0,"accepted_tos":true,"for_hire":true,"social":{"instagram_username":"joeel56","portfolio_url":null,"twitter_username":"joeel56","paypal_email":null}},"exif":{"make":"SONY","model":"ILCE-7M3","name":"SONY, ILCE-7M3","exposure_time":"1\/200","aperture":"2.8","focal_length":"32.0","iso":1250},"location":{"name":null,"city":null,"country":null,"position":{"latitude":null,"longitude":null}},"meta":{"index":true},"public_domain":false,"tags":[{"type":"search","title":"business"},{"type":"search","title":"girl"},{"type":"search","title":"work"},{"type":"search","title":"women"},{"type":"search","title":"minimal"},{"type":"search","title":"plants"},{"type":"search","title":"code"},{"type":"search","title":"working"},{"type":"search","title":"hair"},{"type":"search","title":"developer"},{"type":"search","title":"brown"},{"type":"search","title":"workplace"},{"type":"search","title":"leafs"},{"type":"search","title":"frontend"},{"type":"search","title":"human"},{"type":"search","title":"computer"},{"type":"search","title":"grey"},{"type":"search","title":"furniture"},{"type":"search","title":"clothing"},{"type":"search","title":"table"}],"views":5044319,"downloads":35201,"topics":[{"id":"aeu6rL-j6ew","title":"Business & Work","slug":"business-work","visibility":"visible"}]}
DEBUG - 2025-04-17 10:07:40 --> No valid image found for category "Programming"
DEBUG - 2025-04-17 10:07:40 --> Fetched Image URL for category Programming: default-image.jpg
DEBUG - 2025-04-17 10:07:40 --> No valid image found for category Programming
DEBUG - 2025-04-17 10:07:44 --> Unsplash API Response for category "AI & Video": {"id":"qJgW5ewKCO8","slug":"person-using-macbook-pro-turned-on-qJgW5ewKCO8","alternative_slugs":{"en":"person-using-macbook-pro-turned-on-qJgW5ewKCO8","es":"persona-que-usa-macbook-pro-encendida-qJgW5ewKCO8","ja":"macbook-pro\u3092\u4f7f\u3063\u3066\u3044\u308b\u4eba-qJgW5ewKCO8","fr":"personne-utilisant-un-macbook-pro-allume-qJgW5ewKCO8","it":"persona-che-utilizza-macbook-pro-acceso-qJgW5ewKCO8","ko":"macbook-pro\ub97c-\ucf20-\uc0ac\ub78c-qJgW5ewKCO8","de":"person-die-das-macbook-pro-eingeschaltet-hat-qJgW5ewKCO8","pt":"pessoa-usando-o-macbook-pro-ativado-qJgW5ewKCO8"},"created_at":"2018-06-04T11:00:01Z","updated_at":"2025-04-17T08:44:11Z","promoted_at":null,"width":2848,"height":4272,"color":"#262626","blur_hash":"LBAKXJ.7Mx?we6M{D*Dho0tlInWB","description":"Working Hard (pt. 2)","alt_description":"person using MacBook pro turned on","breadcrumbs":[],"urls":{"raw":"https:\/\/images.unsplash.com\/photo-1528109966604-5a6a4a964e8d?ixid=M3w3Mzg4NTh8MHwxfHJhbmRvbXx8fHx8fHx8fDE3NDQ4ODQ0NjJ8&ixlib=rb-4.0.3","full":"https:\/\/images.unsplash.com\/photo-1528109966604-5a6a4a964e8d?crop=entropy&cs=srgb&fm=jpg&ixid=M3w3Mzg4NTh8MHwxfHJhbmRvbXx8fHx8fHx8fDE3NDQ4ODQ0NjJ8&ixlib=rb-4.0.3&q=85","regular":"https:\/\/images.unsplash.com\/photo-1528109966604-5a6a4a964e8d?crop=entropy&cs=tinysrgb&fit=max&fm=jpg&ixid=M3w3Mzg4NTh8MHwxfHJhbmRvbXx8fHx8fHx8fDE3NDQ4ODQ0NjJ8&ixlib=rb-4.0.3&q=80&w=1080","small":"https:\/\/images.unsplash.com\/photo-1528109966604-5a6a4a964e8d?crop=entropy&cs=tinysrgb&fit=max&fm=jpg&ixid=M3w3Mzg4NTh8MHwxfHJhbmRvbXx8fHx8fHx8fDE3NDQ4ODQ0NjJ8&ixlib=rb-4.0.3&q=80&w=400","thumb":"https:\/\/images.unsplash.com\/photo-1528109966604-5a6a4a964e8d?crop=entropy&cs=tinysrgb&fit=max&fm=jpg&ixid=M3w3Mzg4NTh8MHwxfHJhbmRvbXx8fHx8fHx8fDE3NDQ4ODQ0NjJ8&ixlib=rb-4.0.3&q=80&w=200","small_s3":"https:\/\/s3.us-west-2.amazonaws.com\/images.unsplash.com\/small\/photo-1528109966604-5a6a4a964e8d"},"links":{"self":"https:\/\/api.unsplash.com\/photos\/person-using-macbook-pro-turned-on-qJgW5ewKCO8","html":"https:\/\/unsplash.com\/photos\/person-using-macbook-pro-turned-on-qJgW5ewKCO8","download":"https:\/\/unsplash.com\/photos\/qJgW5ewKCO8\/download?ixid=M3w3Mzg4NTh8MHwxfHJhbmRvbXx8fHx8fHx8fDE3NDQ4ODQ0NjJ8","download_location":"https:\/\/api.unsplash.com\/photos\/qJgW5ewKCO8\/download?ixid=M3w3Mzg4NTh8MHwxfHJhbmRvbXx8fHx8fHx8fDE3NDQ4ODQ0NjJ8"},"likes":510,"liked_by_user":false,"current_user_collections":[],"sponsorship":null,"topic_submissions":{"business-work":{"status":"approved","approved_on":"2021-06-23T10:31:41Z"},"originalbydesign":{"status":"approved","approved_on":"2021-06-23T10:31:37Z"},"technology":{"status":"approved","approved_on":"2021-06-23T10:31:36Z"}},"asset_type":"photo","user":{"id":"RPnSvfJNvXg","updated_at":"2024-10-11T05:03:43Z","username":"mattykwong1","name":"Matthew Kwong","first_name":"Matthew","last_name":"Kwong","twitter_username":null,"portfolio_url":null,"bio":"multidisciplinary designer \/ tech-head \/ social impact maker","location":"Melbourne, Australia","links":{"self":"https:\/\/api.unsplash.com\/users\/mattykwong1","html":"https:\/\/unsplash.com\/@mattykwong1","photos":"https:\/\/api.unsplash.com\/users\/mattykwong1\/photos","likes":"https:\/\/api.unsplash.com\/users\/mattykwong1\/likes","portfolio":"https:\/\/api.unsplash.com\/users\/mattykwong1\/portfolio","following":"https:\/\/api.unsplash.com\/users\/mattykwong1\/following","followers":"https:\/\/api.unsplash.com\/users\/mattykwong1\/followers"},"profile_image":{"small":"https:\/\/images.unsplash.com\/profile-1539611524997-0e181cfc3cfa?ixlib=rb-4.0.3&crop=faces&fit=crop&w=32&h=32","medium":"https:\/\/images.unsplash.com\/profile-1539611524997-0e181cfc3cfa?ixlib=rb-4.0.3&crop=faces&fit=crop&w=64&h=64","large":"https:\/\/images.unsplash.com\/profile-1539611524997-0e181cfc3cfa?ixlib=rb-4.0.3&crop=faces&fit=crop&w=128&h=128"},"instagram_username":"matty.kwong","total_collections":0,"total_likes":43,"total_photos":37,"total_promoted_photos":5,"total_illustrations":0,"total_promoted_illustrations":0,"accepted_tos":true,"for_hire":true,"social":{"instagram_username":"matty.kwong","portfolio_url":null,"twitter_username":null,"paypal_email":null}},"exif":{"make":"Canon","model":"Canon EOS 1100D","name":"Canon, EOS 1100D","exposure_time":"1\/40","aperture":"4.0","focal_length":"50.0","iso":800},"location":{"name":"Melbourne, Australia","city":"Melbourne","country":"Australia","position":{"latitude":-37.813611,"longitude":144.963056}},"meta":{"index":true},"public_domain":false,"tags":[{"type":"search","title":"business"},{"type":"search","title":"computer"},{"type":"search","title":"work"},{"type":"search","title":"motivation"},{"type":"search","title":"video"},{"type":"search","title":"study"},{"type":"search","title":"working"},{"type":"search","title":"macbook"},{"type":"search","title":"keyboard"},{"type":"search","title":"mac"},{"type":"search","title":"edit"},{"type":"search","title":"timeline"},{"type":"search","title":"editing"},{"type":"search","title":"sound wave"},{"type":"search","title":"videographer"},{"type":"search","title":"hard"},{"type":"search","title":"clips"},{"type":"search","title":"premier"},{"type":"search","title":"building"},{"type":"search","title":"city"}],"views":12062246,"downloads":146092,"topics":[{"id":"aeu6rL-j6ew","title":"Business & Work","slug":"business-work","visibility":"visible"},{"id":"941OMZGZvvA","title":"Original by design","slug":"originalbydesign","visibility":"hidden"},{"id":"J9yrPaHXRQY","title":"Technology","slug":"technology","visibility":"hidden"}]}
DEBUG - 2025-04-17 10:07:44 --> No valid image found for category "AI & Video"
DEBUG - 2025-04-17 10:07:44 --> Fetched Image URL for category AI & Video: default-image.jpg
DEBUG - 2025-04-17 10:07:44 --> No valid image found for category AI & Video
DEBUG - 2025-04-17 10:07:51 --> Unsplash API Response for category "Cybersecurity": {"id":"KAN4bY3oqSw","slug":"black-and-silver-laptop-computer-KAN4bY3oqSw","alternative_slugs":{"en":"black-and-silver-laptop-computer-KAN4bY3oqSw","es":"ordenador-portatil-negro-y-plateado-KAN4bY3oqSw","ja":"\u9ed2\u3068\u9280\u306e\u30e9\u30c3\u30d7\u30c8\u30c3\u30d7\u30b3\u30f3\u30d4\u30e5\u30fc\u30bf-KAN4bY3oqSw","fr":"ordinateur-portable-noir-et-argent-KAN4bY3oqSw","it":"computer-portatile-nero-e-argento-KAN4bY3oqSw","ko":"\uac80\uc740-\uc0c9\uacfc-\uc740\uc0c9-\ub178\ud2b8\ubd81-\ucef4\ud4e8\ud130-KAN4bY3oqSw","de":"schwarzer-und-silberner-laptop-computer-KAN4bY3oqSw","pt":"computador-portatil-preto-e-prateado-KAN4bY3oqSw"},"created_at":"2021-03-27T02:40:10Z","updated_at":"2025-04-17T06:54:45Z","promoted_at":null,"width":3456,"height":5184,"color":"#262626","blur_hash":"LhGSALtNWlRiIn%MoJWC~VRkR%WA","description":null,"alt_description":"black and silver laptop computer","breadcrumbs":[],"urls":{"raw":"https:\/\/images.unsplash.com\/photo-1616812757122-a6b613cf617c?ixid=M3w3Mzg4NTh8MHwxfHJhbmRvbXx8fHx8fHx8fDE3NDQ4ODQ0NjZ8&ixlib=rb-4.0.3","full":"https:\/\/images.unsplash.com\/photo-1616812757122-a6b613cf617c?crop=entropy&cs=srgb&fm=jpg&ixid=M3w3Mzg4NTh8MHwxfHJhbmRvbXx8fHx8fHx8fDE3NDQ4ODQ0NjZ8&ixlib=rb-4.0.3&q=85","regular":"https:\/\/images.unsplash.com\/photo-1616812757122-a6b613cf617c?crop=entropy&cs=tinysrgb&fit=max&fm=jpg&ixid=M3w3Mzg4NTh8MHwxfHJhbmRvbXx8fHx8fHx8fDE3NDQ4ODQ0NjZ8&ixlib=rb-4.0.3&q=80&w=1080","small":"https:\/\/images.unsplash.com\/photo-1616812757122-a6b613cf617c?crop=entropy&cs=tinysrgb&fit=max&fm=jpg&ixid=M3w3Mzg4NTh8MHwxfHJhbmRvbXx8fHx8fHx8fDE3NDQ4ODQ0NjZ8&ixlib=rb-4.0.3&q=80&w=400","thumb":"https:\/\/images.unsplash.com\/photo-1616812757122-a6b613cf617c?crop=entropy&cs=tinysrgb&fit=max&fm=jpg&ixid=M3w3Mzg4NTh8MHwxfHJhbmRvbXx8fHx8fHx8fDE3NDQ4ODQ0NjZ8&ixlib=rb-4.0.3&q=80&w=200","small_s3":"https:\/\/s3.us-west-2.amazonaws.com\/images.unsplash.com\/small\/photo-1616812757122-a6b613cf617c"},"links":{"self":"https:\/\/api.unsplash.com\/photos\/black-and-silver-laptop-computer-KAN4bY3oqSw","html":"https:\/\/unsplash.com\/photos\/black-and-silver-laptop-computer-KAN4bY3oqSw","download":"https:\/\/unsplash.com\/photos\/KAN4bY3oqSw\/download?ixid=M3w3Mzg4NTh8MHwxfHJhbmRvbXx8fHx8fHx8fDE3NDQ4ODQ0NjZ8","download_location":"https:\/\/api.unsplash.com\/photos\/KAN4bY3oqSw\/download?ixid=M3w3Mzg4NTh8MHwxfHJhbmRvbXx8fHx8fHx8fDE3NDQ4ODQ0NjZ8"},"likes":79,"liked_by_user":false,"current_user_collections":[],"sponsorship":null,"topic_submissions":{"business-work":{"status":"rejected"}},"asset_type":"photo","user":{"id":"c2sAAE9BXrY","updated_at":"2025-04-17T03:26:31Z","username":"sigmund","name":"Sigmund","first_name":"Sigmund","last_name":null,"twitter_username":null,"portfolio_url":"https:\/\/sigmund.ca","bio":"Sigmund r\u00e9alise des solutions num\u00e9riques qui font la diff\u00e9rence. onvousecoute@sigmund.ca","location":"Quebec, Canada","links":{"self":"https:\/\/api.unsplash.com\/users\/sigmund","html":"https:\/\/unsplash.com\/@sigmund","photos":"https:\/\/api.unsplash.com\/users\/sigmund\/photos","likes":"https:\/\/api.unsplash.com\/users\/sigmund\/likes","portfolio":"https:\/\/api.unsplash.com\/users\/sigmund\/portfolio"},"profile_image":{"small":"https:\/\/images.unsplash.com\/profile-1726603509690-4aa8044aa417image?ixlib=rb-4.0.3&crop=faces&fit=crop&w=32&h=32","medium":"https:\/\/images.unsplash.com\/profile-1726603509690-4aa8044aa417image?ixlib=rb-4.0.3&crop=faces&fit=crop&w=64&h=64","large":"https:\/\/images.unsplash.com\/profile-1726603509690-4aa8044aa417image?ixlib=rb-4.0.3&crop=faces&fit=crop&w=128&h=128"},"instagram_username":"sig__mund","total_collections":31,"total_likes":810,"total_photos":2478,"total_promoted_photos":41,"total_illustrations":143,"total_promoted_illustrations":4,"accepted_tos":true,"for_hire":false,"social":{"instagram_username":"sig__mund","portfolio_url":"https:\/\/sigmund.ca","twitter_username":null,"paypal_email":null}},"exif":{"make":"Canon","model":"Canon EOS REBEL SL1","name":"Canon, EOS REBEL SL1","exposure_time":"1\/160","aperture":"5.0","focal_length":"130.0","iso":2500},"location":{"name":null,"city":null,"country":null,"position":{"latitude":null,"longitude":null}},"meta":{"index":true},"public_domain":false,"tags":[{"type":"search","title":"computer"},{"type":"search","title":"laptop"},{"type":"search","title":"plant"},{"type":"search","title":"grey"},{"type":"search","title":"keyboard"},{"type":"search","title":"electronics"},{"type":"search","title":"pottery"},{"type":"search","title":"computer keyboard"},{"type":"search","title":"screen"},{"type":"search","title":"monitor"},{"type":"search","title":"vase"},{"type":"search","title":"hardware"},{"type":"search","title":"display"},{"type":"search","title":"potted plant"},{"type":"search","title":"jar"},{"type":"search","title":"computer hardware"},{"type":"search","title":"planter"}],"views":3638982,"downloads":8323,"topics":[]}
DEBUG - 2025-04-17 10:07:51 --> No valid image found for category "Cybersecurity"
DEBUG - 2025-04-17 10:07:51 --> Fetched Image URL for category Cybersecurity: default-image.jpg
DEBUG - 2025-04-17 10:07:51 --> No valid image found for category Cybersecurity
DEBUG - 2025-04-17 10:07:51 --> Session: Class initialized using 'CodeIgniter\Session\Handlers\FileHandler' driver.
WARNING - 2025-04-17 10:07:51 --> [DEPRECATED] Passing lowercase HTTP method "get" is deprecated. Use uppercase HTTP method like "GET". in SYSTEMPATH\Router\RouteCollection.php on line 1026.
 1 SYSTEMPATH\Router\RouteCollection.php(1026): trigger_error('Passing lowercase HTTP method "get" is deprecated. Use uppercase HTTP method like "GET".', 16384)
 2 APPPATH\Config\Routes.php(85): CodeIgniter\Router\RouteCollection->match([...], 'user/edit', 'User\\UserController::editProfile')
 3 SYSTEMPATH\Router\RouteCollection.php(339): require('C:\\wamp64\\www\\ci-learn_affix\\app\\Config\\Routes.php')
 4 SYSTEMPATH\CodeIgniter.php(821): CodeIgniter\Router\RouteCollection->loadRoutes()
 5 SYSTEMPATH\CodeIgniter.php(455): CodeIgniter\CodeIgniter->tryToRouteIt(null)
 6 SYSTEMPATH\CodeIgniter.php(354): CodeIgniter\CodeIgniter->handleRequest(null, Object(Config\Cache), false)
 7 SYSTEMPATH\Boot.php(334): CodeIgniter\CodeIgniter->run()
 8 SYSTEMPATH\Boot.php(67): CodeIgniter\Boot::runCodeIgniter(Object(CodeIgniter\CodeIgniter))
 9 FCPATH\index.php(56): CodeIgniter\Boot::bootWeb(Object(Config\Paths))
WARNING - 2025-04-17 10:07:51 --> [DEPRECATED] Passing lowercase HTTP method "post" is deprecated. Use uppercase HTTP method like "POST". in SYSTEMPATH\Router\RouteCollection.php on line 1026.
 1 SYSTEMPATH\Router\RouteCollection.php(1026): trigger_error('Passing lowercase HTTP method "post" is deprecated. Use uppercase HTTP method like "POST".', 16384)
 2 APPPATH\Config\Routes.php(85): CodeIgniter\Router\RouteCollection->match([...], 'user/edit', 'User\\UserController::editProfile')
 3 SYSTEMPATH\Router\RouteCollection.php(339): require('C:\\wamp64\\www\\ci-learn_affix\\app\\Config\\Routes.php')
 4 SYSTEMPATH\CodeIgniter.php(821): CodeIgniter\Router\RouteCollection->loadRoutes()
 5 SYSTEMPATH\CodeIgniter.php(455): CodeIgniter\CodeIgniter->tryToRouteIt(null)
 6 SYSTEMPATH\CodeIgniter.php(354): CodeIgniter\CodeIgniter->handleRequest(null, Object(Config\Cache), false)
 7 SYSTEMPATH\Boot.php(334): CodeIgniter\CodeIgniter->run()
 8 SYSTEMPATH\Boot.php(67): CodeIgniter\Boot::runCodeIgniter(Object(CodeIgniter\CodeIgniter))
 9 FCPATH\index.php(56): CodeIgniter\Boot::bootWeb(Object(Config\Paths))
DEBUG - 2025-04-17 10:07:51 --> Session: Class initialized using 'CodeIgniter\Session\Handlers\FileHandler' driver.
WARNING - 2025-04-17 10:07:51 --> [DEPRECATED] Passing lowercase HTTP method "get" is deprecated. Use uppercase HTTP method like "GET". in SYSTEMPATH\Router\RouteCollection.php on line 1026.
 1 SYSTEMPATH\Router\RouteCollection.php(1026): trigger_error('Passing lowercase HTTP method "get" is deprecated. Use uppercase HTTP method like "GET".', 16384)
 2 APPPATH\Config\Routes.php(85): CodeIgniter\Router\RouteCollection->match([...], 'user/edit', 'User\\UserController::editProfile')
 3 SYSTEMPATH\Router\RouteCollection.php(339): require('C:\\wamp64\\www\\ci-learn_affix\\app\\Config\\Routes.php')
 4 SYSTEMPATH\CodeIgniter.php(821): CodeIgniter\Router\RouteCollection->loadRoutes()
 5 SYSTEMPATH\CodeIgniter.php(455): CodeIgniter\CodeIgniter->tryToRouteIt(null)
 6 SYSTEMPATH\CodeIgniter.php(354): CodeIgniter\CodeIgniter->handleRequest(null, Object(Config\Cache), false)
 7 SYSTEMPATH\Boot.php(334): CodeIgniter\CodeIgniter->run()
 8 SYSTEMPATH\Boot.php(67): CodeIgniter\Boot::runCodeIgniter(Object(CodeIgniter\CodeIgniter))
 9 FCPATH\index.php(56): CodeIgniter\Boot::bootWeb(Object(Config\Paths))
WARNING - 2025-04-17 10:07:51 --> [DEPRECATED] Passing lowercase HTTP method "post" is deprecated. Use uppercase HTTP method like "POST". in SYSTEMPATH\Router\RouteCollection.php on line 1026.
 1 SYSTEMPATH\Router\RouteCollection.php(1026): trigger_error('Passing lowercase HTTP method "post" is deprecated. Use uppercase HTTP method like "POST".', 16384)
 2 APPPATH\Config\Routes.php(85): CodeIgniter\Router\RouteCollection->match([...], 'user/edit', 'User\\UserController::editProfile')
 3 SYSTEMPATH\Router\RouteCollection.php(339): require('C:\\wamp64\\www\\ci-learn_affix\\app\\Config\\Routes.php')
 4 SYSTEMPATH\CodeIgniter.php(821): CodeIgniter\Router\RouteCollection->loadRoutes()
 5 SYSTEMPATH\CodeIgniter.php(455): CodeIgniter\CodeIgniter->tryToRouteIt(null)
 6 SYSTEMPATH\CodeIgniter.php(354): CodeIgniter\CodeIgniter->handleRequest(null, Object(Config\Cache), false)
 7 SYSTEMPATH\Boot.php(334): CodeIgniter\CodeIgniter->run()
 8 SYSTEMPATH\Boot.php(67): CodeIgniter\Boot::runCodeIgniter(Object(CodeIgniter\CodeIgniter))
 9 FCPATH\index.php(56): CodeIgniter\Boot::bootWeb(Object(Config\Paths))
DEBUG - 2025-04-17 10:07:51 --> Session: Class initialized using 'CodeIgniter\Session\Handlers\FileHandler' driver.
WARNING - 2025-04-17 10:07:51 --> [DEPRECATED] Passing lowercase HTTP method "get" is deprecated. Use uppercase HTTP method like "GET". in SYSTEMPATH\Router\RouteCollection.php on line 1026.
 1 SYSTEMPATH\Router\RouteCollection.php(1026): trigger_error('Passing lowercase HTTP method "get" is deprecated. Use uppercase HTTP method like "GET".', 16384)
 2 APPPATH\Config\Routes.php(85): CodeIgniter\Router\RouteCollection->match([...], 'user/edit', 'User\\UserController::editProfile')
 3 SYSTEMPATH\Router\RouteCollection.php(339): require('C:\\wamp64\\www\\ci-learn_affix\\app\\Config\\Routes.php')
 4 SYSTEMPATH\CodeIgniter.php(821): CodeIgniter\Router\RouteCollection->loadRoutes()
 5 SYSTEMPATH\CodeIgniter.php(455): CodeIgniter\CodeIgniter->tryToRouteIt(null)
 6 SYSTEMPATH\CodeIgniter.php(354): CodeIgniter\CodeIgniter->handleRequest(null, Object(Config\Cache), false)
 7 SYSTEMPATH\Boot.php(334): CodeIgniter\CodeIgniter->run()
 8 SYSTEMPATH\Boot.php(67): CodeIgniter\Boot::runCodeIgniter(Object(CodeIgniter\CodeIgniter))
 9 FCPATH\index.php(56): CodeIgniter\Boot::bootWeb(Object(Config\Paths))
WARNING - 2025-04-17 10:07:51 --> [DEPRECATED] Passing lowercase HTTP method "post" is deprecated. Use uppercase HTTP method like "POST". in SYSTEMPATH\Router\RouteCollection.php on line 1026.
 1 SYSTEMPATH\Router\RouteCollection.php(1026): trigger_error('Passing lowercase HTTP method "post" is deprecated. Use uppercase HTTP method like "POST".', 16384)
 2 APPPATH\Config\Routes.php(85): CodeIgniter\Router\RouteCollection->match([...], 'user/edit', 'User\\UserController::editProfile')
 3 SYSTEMPATH\Router\RouteCollection.php(339): require('C:\\wamp64\\www\\ci-learn_affix\\app\\Config\\Routes.php')
 4 SYSTEMPATH\CodeIgniter.php(821): CodeIgniter\Router\RouteCollection->loadRoutes()
 5 SYSTEMPATH\CodeIgniter.php(455): CodeIgniter\CodeIgniter->tryToRouteIt(null)
 6 SYSTEMPATH\CodeIgniter.php(354): CodeIgniter\CodeIgniter->handleRequest(null, Object(Config\Cache), false)
 7 SYSTEMPATH\Boot.php(334): CodeIgniter\CodeIgniter->run()
 8 SYSTEMPATH\Boot.php(67): CodeIgniter\Boot::runCodeIgniter(Object(CodeIgniter\CodeIgniter))
 9 FCPATH\index.php(56): CodeIgniter\Boot::bootWeb(Object(Config\Paths))
DEBUG - 2025-04-17 10:07:51 --> Session: Class initialized using 'CodeIgniter\Session\Handlers\FileHandler' driver.
WARNING - 2025-04-17 10:07:52 --> [DEPRECATED] Passing lowercase HTTP method "get" is deprecated. Use uppercase HTTP method like "GET". in SYSTEMPATH\Router\RouteCollection.php on line 1026.
 1 SYSTEMPATH\Router\RouteCollection.php(1026): trigger_error('Passing lowercase HTTP method "get" is deprecated. Use uppercase HTTP method like "GET".', 16384)
 2 APPPATH\Config\Routes.php(85): CodeIgniter\Router\RouteCollection->match([...], 'user/edit', 'User\\UserController::editProfile')
 3 SYSTEMPATH\Router\RouteCollection.php(339): require('C:\\wamp64\\www\\ci-learn_affix\\app\\Config\\Routes.php')
 4 SYSTEMPATH\CodeIgniter.php(821): CodeIgniter\Router\RouteCollection->loadRoutes()
 5 SYSTEMPATH\CodeIgniter.php(455): CodeIgniter\CodeIgniter->tryToRouteIt(null)
 6 SYSTEMPATH\CodeIgniter.php(354): CodeIgniter\CodeIgniter->handleRequest(null, Object(Config\Cache), false)
 7 SYSTEMPATH\Boot.php(334): CodeIgniter\CodeIgniter->run()
 8 SYSTEMPATH\Boot.php(67): CodeIgniter\Boot::runCodeIgniter(Object(CodeIgniter\CodeIgniter))
 9 FCPATH\index.php(56): CodeIgniter\Boot::bootWeb(Object(Config\Paths))
WARNING - 2025-04-17 10:07:52 --> [DEPRECATED] Passing lowercase HTTP method "post" is deprecated. Use uppercase HTTP method like "POST". in SYSTEMPATH\Router\RouteCollection.php on line 1026.
 1 SYSTEMPATH\Router\RouteCollection.php(1026): trigger_error('Passing lowercase HTTP method "post" is deprecated. Use uppercase HTTP method like "POST".', 16384)
 2 APPPATH\Config\Routes.php(85): CodeIgniter\Router\RouteCollection->match([...], 'user/edit', 'User\\UserController::editProfile')
 3 SYSTEMPATH\Router\RouteCollection.php(339): require('C:\\wamp64\\www\\ci-learn_affix\\app\\Config\\Routes.php')
 4 SYSTEMPATH\CodeIgniter.php(821): CodeIgniter\Router\RouteCollection->loadRoutes()
 5 SYSTEMPATH\CodeIgniter.php(455): CodeIgniter\CodeIgniter->tryToRouteIt(null)
 6 SYSTEMPATH\CodeIgniter.php(354): CodeIgniter\CodeIgniter->handleRequest(null, Object(Config\Cache), false)
 7 SYSTEMPATH\Boot.php(334): CodeIgniter\CodeIgniter->run()
 8 SYSTEMPATH\Boot.php(67): CodeIgniter\Boot::runCodeIgniter(Object(CodeIgniter\CodeIgniter))
 9 FCPATH\index.php(56): CodeIgniter\Boot::bootWeb(Object(Config\Paths))
DEBUG - 2025-04-17 10:07:52 --> Session: Class initialized using 'CodeIgniter\Session\Handlers\FileHandler' driver.
DEBUG - 2025-04-17 10:07:52 --> Session: Class initialized using 'CodeIgniter\Session\Handlers\FileHandler' driver.
WARNING - 2025-04-17 10:07:52 --> [DEPRECATED] Passing lowercase HTTP method "get" is deprecated. Use uppercase HTTP method like "GET". in SYSTEMPATH\Router\RouteCollection.php on line 1026.
 1 SYSTEMPATH\Router\RouteCollection.php(1026): trigger_error('Passing lowercase HTTP method "get" is deprecated. Use uppercase HTTP method like "GET".', 16384)
 2 APPPATH\Config\Routes.php(85): CodeIgniter\Router\RouteCollection->match([...], 'user/edit', 'User\\UserController::editProfile')
 3 SYSTEMPATH\Router\RouteCollection.php(339): require('C:\\wamp64\\www\\ci-learn_affix\\app\\Config\\Routes.php')
 4 SYSTEMPATH\CodeIgniter.php(821): CodeIgniter\Router\RouteCollection->loadRoutes()
 5 SYSTEMPATH\CodeIgniter.php(455): CodeIgniter\CodeIgniter->tryToRouteIt(null)
 6 SYSTEMPATH\CodeIgniter.php(354): CodeIgniter\CodeIgniter->handleRequest(null, Object(Config\Cache), false)
 7 SYSTEMPATH\Boot.php(334): CodeIgniter\CodeIgniter->run()
 8 SYSTEMPATH\Boot.php(67): CodeIgniter\Boot::runCodeIgniter(Object(CodeIgniter\CodeIgniter))
 9 FCPATH\index.php(56): CodeIgniter\Boot::bootWeb(Object(Config\Paths))
WARNING - 2025-04-17 10:07:52 --> [DEPRECATED] Passing lowercase HTTP method "post" is deprecated. Use uppercase HTTP method like "POST". in SYSTEMPATH\Router\RouteCollection.php on line 1026.
 1 SYSTEMPATH\Router\RouteCollection.php(1026): trigger_error('Passing lowercase HTTP method "post" is deprecated. Use uppercase HTTP method like "POST".', 16384)
 2 APPPATH\Config\Routes.php(85): CodeIgniter\Router\RouteCollection->match([...], 'user/edit', 'User\\UserController::editProfile')
 3 SYSTEMPATH\Router\RouteCollection.php(339): require('C:\\wamp64\\www\\ci-learn_affix\\app\\Config\\Routes.php')
 4 SYSTEMPATH\CodeIgniter.php(821): CodeIgniter\Router\RouteCollection->loadRoutes()
 5 SYSTEMPATH\CodeIgniter.php(455): CodeIgniter\CodeIgniter->tryToRouteIt(null)
 6 SYSTEMPATH\CodeIgniter.php(354): CodeIgniter\CodeIgniter->handleRequest(null, Object(Config\Cache), false)
 7 SYSTEMPATH\Boot.php(334): CodeIgniter\CodeIgniter->run()
 8 SYSTEMPATH\Boot.php(67): CodeIgniter\Boot::runCodeIgniter(Object(CodeIgniter\CodeIgniter))
 9 FCPATH\index.php(56): CodeIgniter\Boot::bootWeb(Object(Config\Paths))
DEBUG - 2025-04-17 10:08:04 --> Session: Class initialized using 'CodeIgniter\Session\Handlers\FileHandler' driver.
INFO - 2025-04-17 10:08:04 --> CSRF token verified.
WARNING - 2025-04-17 10:08:04 --> [DEPRECATED] Passing lowercase HTTP method "get" is deprecated. Use uppercase HTTP method like "GET". in SYSTEMPATH\Router\RouteCollection.php on line 1026.
 1 SYSTEMPATH\Router\RouteCollection.php(1026): trigger_error('Passing lowercase HTTP method "get" is deprecated. Use uppercase HTTP method like "GET".', 16384)
 2 APPPATH\Config\Routes.php(85): CodeIgniter\Router\RouteCollection->match([...], 'user/edit', 'User\\UserController::editProfile')
 3 SYSTEMPATH\Router\RouteCollection.php(339): require('C:\\wamp64\\www\\ci-learn_affix\\app\\Config\\Routes.php')
 4 SYSTEMPATH\CodeIgniter.php(821): CodeIgniter\Router\RouteCollection->loadRoutes()
 5 SYSTEMPATH\CodeIgniter.php(455): CodeIgniter\CodeIgniter->tryToRouteIt(null)
 6 SYSTEMPATH\CodeIgniter.php(354): CodeIgniter\CodeIgniter->handleRequest(null, Object(Config\Cache), false)
 7 SYSTEMPATH\Boot.php(334): CodeIgniter\CodeIgniter->run()
 8 SYSTEMPATH\Boot.php(67): CodeIgniter\Boot::runCodeIgniter(Object(CodeIgniter\CodeIgniter))
 9 FCPATH\index.php(56): CodeIgniter\Boot::bootWeb(Object(Config\Paths))
WARNING - 2025-04-17 10:08:04 --> [DEPRECATED] Passing lowercase HTTP method "post" is deprecated. Use uppercase HTTP method like "POST". in SYSTEMPATH\Router\RouteCollection.php on line 1026.
 1 SYSTEMPATH\Router\RouteCollection.php(1026): trigger_error('Passing lowercase HTTP method "post" is deprecated. Use uppercase HTTP method like "POST".', 16384)
 2 APPPATH\Config\Routes.php(85): CodeIgniter\Router\RouteCollection->match([...], 'user/edit', 'User\\UserController::editProfile')
 3 SYSTEMPATH\Router\RouteCollection.php(339): require('C:\\wamp64\\www\\ci-learn_affix\\app\\Config\\Routes.php')
 4 SYSTEMPATH\CodeIgniter.php(821): CodeIgniter\Router\RouteCollection->loadRoutes()
 5 SYSTEMPATH\CodeIgniter.php(455): CodeIgniter\CodeIgniter->tryToRouteIt(null)
 6 SYSTEMPATH\CodeIgniter.php(354): CodeIgniter\CodeIgniter->handleRequest(null, Object(Config\Cache), false)
 7 SYSTEMPATH\Boot.php(334): CodeIgniter\CodeIgniter->run()
 8 SYSTEMPATH\Boot.php(67): CodeIgniter\Boot::runCodeIgniter(Object(CodeIgniter\CodeIgniter))
 9 FCPATH\index.php(56): CodeIgniter\Boot::bootWeb(Object(Config\Paths))
DEBUG - 2025-04-17 10:08:15 --> Session: Class initialized using 'CodeIgniter\Session\Handlers\FileHandler' driver.
WARNING - 2025-04-17 10:08:15 --> [DEPRECATED] Passing lowercase HTTP method "get" is deprecated. Use uppercase HTTP method like "GET". in SYSTEMPATH\Router\RouteCollection.php on line 1026.
 1 SYSTEMPATH\Router\RouteCollection.php(1026): trigger_error('Passing lowercase HTTP method "get" is deprecated. Use uppercase HTTP method like "GET".', 16384)
 2 APPPATH\Config\Routes.php(85): CodeIgniter\Router\RouteCollection->match([...], 'user/edit', 'User\\UserController::editProfile')
 3 SYSTEMPATH\Router\RouteCollection.php(339): require('C:\\wamp64\\www\\ci-learn_affix\\app\\Config\\Routes.php')
 4 SYSTEMPATH\CodeIgniter.php(821): CodeIgniter\Router\RouteCollection->loadRoutes()
 5 SYSTEMPATH\CodeIgniter.php(455): CodeIgniter\CodeIgniter->tryToRouteIt(null)
 6 SYSTEMPATH\CodeIgniter.php(354): CodeIgniter\CodeIgniter->handleRequest(null, Object(Config\Cache), false)
 7 SYSTEMPATH\Boot.php(334): CodeIgniter\CodeIgniter->run()
 8 SYSTEMPATH\Boot.php(67): CodeIgniter\Boot::runCodeIgniter(Object(CodeIgniter\CodeIgniter))
 9 FCPATH\index.php(56): CodeIgniter\Boot::bootWeb(Object(Config\Paths))
WARNING - 2025-04-17 10:08:15 --> [DEPRECATED] Passing lowercase HTTP method "post" is deprecated. Use uppercase HTTP method like "POST". in SYSTEMPATH\Router\RouteCollection.php on line 1026.
 1 SYSTEMPATH\Router\RouteCollection.php(1026): trigger_error('Passing lowercase HTTP method "post" is deprecated. Use uppercase HTTP method like "POST".', 16384)
 2 APPPATH\Config\Routes.php(85): CodeIgniter\Router\RouteCollection->match([...], 'user/edit', 'User\\UserController::editProfile')
 3 SYSTEMPATH\Router\RouteCollection.php(339): require('C:\\wamp64\\www\\ci-learn_affix\\app\\Config\\Routes.php')
 4 SYSTEMPATH\CodeIgniter.php(821): CodeIgniter\Router\RouteCollection->loadRoutes()
 5 SYSTEMPATH\CodeIgniter.php(455): CodeIgniter\CodeIgniter->tryToRouteIt(null)
 6 SYSTEMPATH\CodeIgniter.php(354): CodeIgniter\CodeIgniter->handleRequest(null, Object(Config\Cache), false)
 7 SYSTEMPATH\Boot.php(334): CodeIgniter\CodeIgniter->run()
 8 SYSTEMPATH\Boot.php(67): CodeIgniter\Boot::runCodeIgniter(Object(CodeIgniter\CodeIgniter))
 9 FCPATH\index.php(56): CodeIgniter\Boot::bootWeb(Object(Config\Paths))
DEBUG - 2025-04-17 10:08:19 --> Unsplash API Response for category "Programming": {"id":"sL2BRR1cuvM","slug":"black-and-white-computer-keyboard-sL2BRR1cuvM","alternative_slugs":{"en":"black-and-white-computer-keyboard-sL2BRR1cuvM","es":"teclado-de-computadora-en-blanco-y-negro-sL2BRR1cuvM","ja":"\u9ed2\u3068\u767d\u306e\u30b3\u30f3\u30d4\u30e5\u30fc\u30bf\u30fc\u30ad\u30fc\u30dc\u30fc\u30c9-sL2BRR1cuvM","fr":"clavier-dordinateur-noir-et-blanc-sL2BRR1cuvM","it":"tastiera-del-computer-in-bianco-e-nero-sL2BRR1cuvM","ko":"\ud751\ubc31-\ucef4\ud4e8\ud130-\ud0a4\ubcf4\ub4dc-sL2BRR1cuvM","de":"schwarz-weisse-computertastatur-sL2BRR1cuvM","pt":"teclado-de-computador-preto-e-branco-sL2BRR1cuvM"},"created_at":"2020-03-24T19:52:45Z","updated_at":"2025-04-17T09:06:12Z","promoted_at":null,"width":4032,"height":3024,"color":"#0c2626","blur_hash":"L22?BStTMbRNtRayV@V?Maj;tToz","description":null,"alt_description":"black and white computer keyboard","breadcrumbs":[],"urls":{"raw":"https:\/\/images.unsplash.com\/photo-1585079542156-2755d9c8a094?ixid=M3w3Mzg4NTh8MHwxfHJhbmRvbXx8fHx8fHx8fDE3NDQ4ODQ0OTh8&ixlib=rb-4.0.3","full":"https:\/\/images.unsplash.com\/photo-1585079542156-2755d9c8a094?crop=entropy&cs=srgb&fm=jpg&ixid=M3w3Mzg4NTh8MHwxfHJhbmRvbXx8fHx8fHx8fDE3NDQ4ODQ0OTh8&ixlib=rb-4.0.3&q=85","regular":"https:\/\/images.unsplash.com\/photo-1585079542156-2755d9c8a094?crop=entropy&cs=tinysrgb&fit=max&fm=jpg&ixid=M3w3Mzg4NTh8MHwxfHJhbmRvbXx8fHx8fHx8fDE3NDQ4ODQ0OTh8&ixlib=rb-4.0.3&q=80&w=1080","small":"https:\/\/images.unsplash.com\/photo-1585079542156-2755d9c8a094?crop=entropy&cs=tinysrgb&fit=max&fm=jpg&ixid=M3w3Mzg4NTh8MHwxfHJhbmRvbXx8fHx8fHx8fDE3NDQ4ODQ0OTh8&ixlib=rb-4.0.3&q=80&w=400","thumb":"https:\/\/images.unsplash.com\/photo-1585079542156-2755d9c8a094?crop=entropy&cs=tinysrgb&fit=max&fm=jpg&ixid=M3w3Mzg4NTh8MHwxfHJhbmRvbXx8fHx8fHx8fDE3NDQ4ODQ0OTh8&ixlib=rb-4.0.3&q=80&w=200","small_s3":"https:\/\/s3.us-west-2.amazonaws.com\/images.unsplash.com\/small\/photo-1585079542156-2755d9c8a094"},"links":{"self":"https:\/\/api.unsplash.com\/photos\/black-and-white-computer-keyboard-sL2BRR1cuvM","html":"https:\/\/unsplash.com\/photos\/black-and-white-computer-keyboard-sL2BRR1cuvM","download":"https:\/\/unsplash.com\/photos\/sL2BRR1cuvM\/download?ixid=M3w3Mzg4NTh8MHwxfHJhbmRvbXx8fHx8fHx8fDE3NDQ4ODQ0OTh8","download_location":"https:\/\/api.unsplash.com\/photos\/sL2BRR1cuvM\/download?ixid=M3w3Mzg4NTh8MHwxfHJhbmRvbXx8fHx8fHx8fDE3NDQ4ODQ0OTh8"},"likes":237,"liked_by_user":false,"current_user_collections":[],"sponsorship":null,"topic_submissions":{"business-work":{"status":"rejected"},"technology":{"status":"rejected"},"wallpapers":{"status":"rejected"}},"asset_type":"photo","user":{"id":"VaJMtBXPlnc","updated_at":"2025-04-09T01:19:23Z","username":"isword","name":"Muha Ajjan","first_name":"Muha","last_name":"Ajjan","twitter_username":null,"portfolio_url":"https:\/\/isword.nl\/","bio":"Also on Pexels at https:\/\/www.pexels.com\/@muha-ajjan-492304900\/","location":"Amsterdam, NL","links":{"self":"https:\/\/api.unsplash.com\/users\/isword","html":"https:\/\/unsplash.com\/@isword","photos":"https:\/\/api.unsplash.com\/users\/isword\/photos","likes":"https:\/\/api.unsplash.com\/users\/isword\/likes","portfolio":"https:\/\/api.unsplash.com\/users\/isword\/portfolio"},"profile_image":{"small":"https:\/\/images.unsplash.com\/profile-1729965781667-10141b4221c0image?ixlib=rb-4.0.3&crop=faces&fit=crop&w=32&h=32","medium":"https:\/\/images.unsplash.com\/profile-1729965781667-10141b4221c0image?ixlib=rb-4.0.3&crop=faces&fit=crop&w=64&h=64","large":"https:\/\/images.unsplash.com\/profile-1729965781667-10141b4221c0image?ixlib=rb-4.0.3&crop=faces&fit=crop&w=128&h=128"},"instagram_username":null,"total_collections":1,"total_likes":108,"total_photos":82,"total_promoted_photos":0,"total_illustrations":0,"total_promoted_illustrations":0,"accepted_tos":true,"for_hire":false,"social":{"instagram_username":null,"portfolio_url":"https:\/\/isword.nl\/","twitter_username":null,"paypal_email":null}},"exif":{"make":"Apple","model":"iPhone XS","name":"Apple, iPhone XS","exposure_time":"1\/16","aperture":"1.8","focal_length":"4.2","iso":1250},"location":{"name":null,"city":null,"country":null,"position":{"latitude":0,"longitude":0}},"meta":{"index":true},"public_domain":false,"tags":[{"type":"search","title":"technology"},{"type":"search","title":"computer"},{"type":"search","title":"laptop"},{"type":"search","title":"tech"},{"type":"search","title":"programming"},{"type":"search","title":"gaming"},{"type":"search","title":"code"},{"type":"search","title":"software"},{"type":"search","title":"keyboard"},{"type":"search","title":"development"},{"type":"search","title":"software development"},{"type":"search","title":"computer keyboard"},{"type":"search","title":"hacking"},{"type":"search","title":"close up"},{"type":"search","title":"gamers"},{"type":"search","title":"mechanical keyboard"},{"type":"search","title":"gaming keyboard"},{"type":"search","title":"blue"},{"type":"search","title":"electronics"},{"type":"search","title":"hardware"}],"views":8050795,"downloads":69105,"topics":[]}
DEBUG - 2025-04-17 10:08:19 --> No valid image found for category "Programming"
DEBUG - 2025-04-17 10:08:19 --> Fetched Image URL for category Programming: default-image.jpg
DEBUG - 2025-04-17 10:08:19 --> No valid image found for category Programming
DEBUG - 2025-04-17 10:08:22 --> Unsplash API Response for category "AI & Video": {"id":"4Vir26_g9ho","slug":"grayscale-photo-of-man-and-woman-sitting-on-grass-field-4Vir26_g9ho","alternative_slugs":{"en":"grayscale-photo-of-man-and-woman-sitting-on-grass-field-4Vir26_g9ho","es":"foto-en-escala-de-grises-de-hombre-y-mujer-sentados-en-el-campo-de-hierba-4Vir26_g9ho","ja":"\u8349\u539f\u306b\u5ea7\u3063\u3066\u3044\u308b\u7537\u6027\u3068\u5973\u6027\u306e\u30b0\u30ec\u30fc\u30b9\u30b1\u30fc\u30eb\u5199\u771f-4Vir26_g9ho","fr":"photo-en-niveaux-de-gris-dun-homme-et-dune-femme-assis-sur-un-champ-dherbe-4Vir26_g9ho","it":"foto-in-scala-di-grigi-di-uomo-e-donna-seduti-sul-campo-derba-4Vir26_g9ho","ko":"\uc794\ub514\ubc2d\uc5d0-\uc549\uc544-\uc788\ub294-\ub0a8\uc790\uc640-\uc5ec\uc790\uc758-\ud68c\uc0c9\uc870-\uc0ac\uc9c4-4Vir26_g9ho","de":"graustufenfoto-von-mann-und-frau-auf-rasen-4Vir26_g9ho","pt":"foto-em-tons-de-cinza-do-homem-e-da-mulher-sentados-no-campo-da-grama-4Vir26_g9ho"},"created_at":"2021-05-21T08:42:01Z","updated_at":"2025-04-17T09:32:06Z","promoted_at":null,"width":3637,"height":2433,"color":"#f3f3f3","blur_hash":"LqJkl#M{ofof~qWBofof_3ofWBfQ","description":null,"alt_description":"grayscale photo of man and woman sitting on grass field","breadcrumbs":[],"urls":{"raw":"https:\/\/images.unsplash.com\/photo-1621586198780-c8d5e45e2a5d?ixid=M3w3Mzg4NTh8MHwxfHJhbmRvbXx8fHx8fHx8fDE3NDQ4ODQ1MDB8&ixlib=rb-4.0.3","full":"https:\/\/images.unsplash.com\/photo-1621586198780-c8d5e45e2a5d?crop=entropy&cs=srgb&fm=jpg&ixid=M3w3Mzg4NTh8MHwxfHJhbmRvbXx8fHx8fHx8fDE3NDQ4ODQ1MDB8&ixlib=rb-4.0.3&q=85","regular":"https:\/\/images.unsplash.com\/photo-1621586198780-c8d5e45e2a5d?crop=entropy&cs=tinysrgb&fit=max&fm=jpg&ixid=M3w3Mzg4NTh8MHwxfHJhbmRvbXx8fHx8fHx8fDE3NDQ4ODQ1MDB8&ixlib=rb-4.0.3&q=80&w=1080","small":"https:\/\/images.unsplash.com\/photo-1621586198780-c8d5e45e2a5d?crop=entropy&cs=tinysrgb&fit=max&fm=jpg&ixid=M3w3Mzg4NTh8MHwxfHJhbmRvbXx8fHx8fHx8fDE3NDQ4ODQ1MDB8&ixlib=rb-4.0.3&q=80&w=400","thumb":"https:\/\/images.unsplash.com\/photo-1621586198780-c8d5e45e2a5d?crop=entropy&cs=tinysrgb&fit=max&fm=jpg&ixid=M3w3Mzg4NTh8MHwxfHJhbmRvbXx8fHx8fHx8fDE3NDQ4ODQ1MDB8&ixlib=rb-4.0.3&q=80&w=200","small_s3":"https:\/\/s3.us-west-2.amazonaws.com\/images.unsplash.com\/small\/photo-1621586198780-c8d5e45e2a5d"},"links":{"self":"https:\/\/api.unsplash.com\/photos\/grayscale-photo-of-man-and-woman-sitting-on-grass-field-4Vir26_g9ho","html":"https:\/\/unsplash.com\/photos\/grayscale-photo-of-man-and-woman-sitting-on-grass-field-4Vir26_g9ho","download":"https:\/\/unsplash.com\/photos\/4Vir26_g9ho\/download?ixid=M3w3Mzg4NTh8MHwxfHJhbmRvbXx8fHx8fHx8fDE3NDQ4ODQ1MDB8","download_location":"https:\/\/api.unsplash.com\/photos\/4Vir26_g9ho\/download?ixid=M3w3Mzg4NTh8MHwxfHJhbmRvbXx8fHx8fHx8fDE3NDQ4ODQ1MDB8"},"likes":19,"liked_by_user":false,"current_user_collections":[],"sponsorship":null,"topic_submissions":{"film":{"status":"approved","approved_on":"2021-05-24T13:42:33Z"}},"asset_type":"photo","user":{"id":"a-RUA3JLXcQ","updated_at":"2024-10-10T23:52:47Z","username":"dansenior","name":"Dan Senior","first_name":"Dan","last_name":"Senior","twitter_username":"pxyrt","portfolio_url":"https:\/\/dansenior.xyz","bio":"Videographer, Sound Engineer, Kayaker, and photographer.","location":"United Kingdom","links":{"self":"https:\/\/api.unsplash.com\/users\/dansenior","html":"https:\/\/unsplash.com\/@dansenior","photos":"https:\/\/api.unsplash.com\/users\/dansenior\/photos","likes":"https:\/\/api.unsplash.com\/users\/dansenior\/likes","portfolio":"https:\/\/api.unsplash.com\/users\/dansenior\/portfolio","following":"https:\/\/api.unsplash.com\/users\/dansenior\/following","followers":"https:\/\/api.unsplash.com\/users\/dansenior\/followers"},"profile_image":{"small":"https:\/\/images.unsplash.com\/profile-1611861422723-2d25984d4b20image?ixlib=rb-4.0.3&crop=faces&fit=crop&w=32&h=32","medium":"https:\/\/images.unsplash.com\/profile-1611861422723-2d25984d4b20image?ixlib=rb-4.0.3&crop=faces&fit=crop&w=64&h=64","large":"https:\/\/images.unsplash.com\/profile-1611861422723-2d25984d4b20image?ixlib=rb-4.0.3&crop=faces&fit=crop&w=128&h=128"},"instagram_username":"pxyrt","total_collections":17,"total_likes":61,"total_photos":362,"total_promoted_photos":14,"total_illustrations":0,"total_promoted_illustrations":0,"accepted_tos":true,"for_hire":true,"social":{"instagram_username":"pxyrt","portfolio_url":"https:\/\/dansenior.xyz","twitter_username":"pxyrt","paypal_email":null}},"exif":{"make":"Lecia","model":"C3","name":"Lecia, C3","exposure_time":null,"aperture":null,"focal_length":null,"iso":null},"location":{"name":null,"city":null,"country":null,"position":{"latitude":null,"longitude":null}},"meta":{"index":true},"public_domain":false,"tags":[{"type":"search","title":"car"},{"type":"search","title":"work"},{"type":"search","title":"music"},{"type":"search","title":"video"},{"type":"search","title":"camera"},{"type":"search","title":"film photography"},{"type":"search","title":"contrast"},{"type":"search","title":"filming"},{"type":"search","title":"gear"},{"type":"search","title":"beetle"},{"type":"search","title":"behind the scenes"},{"type":"search","title":"musicians"},{"type":"search","title":"camera man"},{"type":"search","title":"music video"},{"type":"search","title":"leica"},{"type":"search","title":"ronin"},{"type":"search","title":"blackmagic"},{"type":"search","title":"forest"},{"type":"search","title":"flower"},{"type":"search","title":"land"}],"views":267157,"downloads":641,"topics":[{"id":"hmenvQhUmxM","title":"Film","slug":"film","visibility":"featured"}]}
DEBUG - 2025-04-17 10:08:22 --> No valid image found for category "AI & Video"
DEBUG - 2025-04-17 10:08:22 --> Fetched Image URL for category AI & Video: default-image.jpg
DEBUG - 2025-04-17 10:08:22 --> No valid image found for category AI & Video
DEBUG - 2025-04-17 10:08:25 --> Unsplash API Response for category "Cybersecurity": {"id":"pVq6YhmDPtk","slug":"red-and-blue-doodle-artwork-with-black-background-pVq6YhmDPtk","alternative_slugs":{"en":"red-and-blue-doodle-artwork-with-black-background-pVq6YhmDPtk","es":"ilustraciones-de-garabatos-rojos-y-azules-con-fondo-negro-pVq6YhmDPtk","ja":"\u9ed2\u3044\u80cc\u666f\u306b\u8d64\u3068\u9752\u306e\u843d\u66f8\u304d\u30a2\u30fc\u30c8\u30ef\u30fc\u30af-pVq6YhmDPtk","fr":"oeuvre-de-griffonnage-rouge-et-bleu-sur-fond-noir-pVq6YhmDPtk","it":"opere-darte-doodle-rosse-e-blu-con-sfondo-nero-pVq6YhmDPtk","ko":"\uac80\uc740\uc0c9-\ubc30\uacbd\uc758-\ube68\uac04\uc0c9\uacfc-\ud30c\ub780\uc0c9-\ub099\uc11c-\uc791\ud488-pVq6YhmDPtk","de":"rotes-und-blaues-doodle-kunstwerk-mit-schwarzem-hintergrund-pVq6YhmDPtk","pt":"arte-doodle-vermelho-e-azul-com-fundo-preto-pVq6YhmDPtk"},"created_at":"2017-03-03T15:23:55Z","updated_at":"2025-04-17T06:01:57Z","promoted_at":"2017-03-03T15:23:55Z","width":5471,"height":3647,"color":"#260c0c","blur_hash":"L76ZnYEx1G]:nhS2s;wdJ6oMw|NZ","description":"Exposure on the roof for 20 seconds","alt_description":"red and blue doodle artwork with black background","breadcrumbs":[],"urls":{"raw":"https:\/\/images.unsplash.com\/photo-1488554378835-f7acf46e6c98?ixid=M3w3Mzg4NTh8MHwxfHJhbmRvbXx8fHx8fHx8fDE3NDQ4ODQ1MDV8&ixlib=rb-4.0.3","full":"https:\/\/images.unsplash.com\/photo-1488554378835-f7acf46e6c98?crop=entropy&cs=srgb&fm=jpg&ixid=M3w3Mzg4NTh8MHwxfHJhbmRvbXx8fHx8fHx8fDE3NDQ4ODQ1MDV8&ixlib=rb-4.0.3&q=85","regular":"https:\/\/images.unsplash.com\/photo-1488554378835-f7acf46e6c98?crop=entropy&cs=tinysrgb&fit=max&fm=jpg&ixid=M3w3Mzg4NTh8MHwxfHJhbmRvbXx8fHx8fHx8fDE3NDQ4ODQ1MDV8&ixlib=rb-4.0.3&q=80&w=1080","small":"https:\/\/images.unsplash.com\/photo-1488554378835-f7acf46e6c98?crop=entropy&cs=tinysrgb&fit=max&fm=jpg&ixid=M3w3Mzg4NTh8MHwxfHJhbmRvbXx8fHx8fHx8fDE3NDQ4ODQ1MDV8&ixlib=rb-4.0.3&q=80&w=400","thumb":"https:\/\/images.unsplash.com\/photo-1488554378835-f7acf46e6c98?crop=entropy&cs=tinysrgb&fit=max&fm=jpg&ixid=M3w3Mzg4NTh8MHwxfHJhbmRvbXx8fHx8fHx8fDE3NDQ4ODQ1MDV8&ixlib=rb-4.0.3&q=80&w=200","small_s3":"https:\/\/s3.us-west-2.amazonaws.com\/images.unsplash.com\/small\/photo-1488554378835-f7acf46e6c98"},"links":{"self":"https:\/\/api.unsplash.com\/photos\/red-and-blue-doodle-artwork-with-black-background-pVq6YhmDPtk","html":"https:\/\/unsplash.com\/photos\/red-and-blue-doodle-artwork-with-black-background-pVq6YhmDPtk","download":"https:\/\/unsplash.com\/photos\/pVq6YhmDPtk\/download?ixid=M3w3Mzg4NTh8MHwxfHJhbmRvbXx8fHx8fHx8fDE3NDQ4ODQ1MDV8","download_location":"https:\/\/api.unsplash.com\/photos\/pVq6YhmDPtk\/download?ixid=M3w3Mzg4NTh8MHwxfHJhbmRvbXx8fHx8fHx8fDE3NDQ4ODQ1MDV8"},"likes":3520,"liked_by_user":false,"current_user_collections":[],"sponsorship":null,"topic_submissions":{"experimental":{"status":"approved","approved_on":"2024-09-17T13:13:49Z"}},"asset_type":"photo","user":{"id":"M6ZO8rSFKwg","updated_at":"2024-10-11T13:55:14Z","username":"danranwanghao","name":"hao wang","first_name":"hao","last_name":"wang","twitter_username":null,"portfolio_url":null,"bio":null,"location":null,"links":{"self":"https:\/\/api.unsplash.com\/users\/danranwanghao","html":"https:\/\/unsplash.com\/@danranwanghao","photos":"https:\/\/api.unsplash.com\/users\/danranwanghao\/photos","likes":"https:\/\/api.unsplash.com\/users\/danranwanghao\/likes","portfolio":"https:\/\/api.unsplash.com\/users\/danranwanghao\/portfolio","following":"https:\/\/api.unsplash.com\/users\/danranwanghao\/following","followers":"https:\/\/api.unsplash.com\/users\/danranwanghao\/followers"},"profile_image":{"small":"https:\/\/images.unsplash.com\/profile-1488106192535-a0a48a117487?ixlib=rb-4.0.3&crop=faces&fit=crop&w=32&h=32","medium":"https:\/\/images.unsplash.com\/profile-1488106192535-a0a48a117487?ixlib=rb-4.0.3&crop=faces&fit=crop&w=64&h=64","large":"https:\/\/images.unsplash.com\/profile-1488106192535-a0a48a117487?ixlib=rb-4.0.3&crop=faces&fit=crop&w=128&h=128"},"instagram_username":null,"total_collections":1,"total_likes":151,"total_photos":13,"total_promoted_photos":1,"total_illustrations":0,"total_promoted_illustrations":0,"accepted_tos":true,"for_hire":false,"social":{"instagram_username":null,"portfolio_url":null,"twitter_username":null,"paypal_email":null}},"exif":{"make":"Canon","model":"Canon EOS 70D","name":"Canon, EOS 70D","exposure_time":"20","aperture":"3.5","focal_length":"19.0","iso":100},"location":{"name":null,"city":null,"country":null,"position":{"latitude":null,"longitude":null}},"meta":{"index":true},"public_domain":false,"tags":[{"type":"search","title":"abstract"},{"type":"search","title":"black"},{"type":"search","title":"blue"},{"type":"search","title":"pattern"},{"type":"search","title":"light"},{"type":"search","title":"red"},{"type":"search","title":"neon"},{"type":"search","title":"artwork"},{"type":"search","title":"futuristic"},{"type":"search","title":"lines"},{"type":"search","title":"experimental"},{"type":"search","title":"doodle"},{"type":"search","title":"artistic"},{"type":"search","title":"light trail"},{"type":"search","title":"light art"},{"type":"search","title":"wallpaper"},{"type":"search","title":"background"},{"type":"search","title":"texture"},{"type":"search","title":"art"},{"type":"search","title":"dark"}],"views":55393595,"downloads":623336,"topics":[{"id":"qPYsDzvJOYc","title":"Experimental","slug":"experimental","visibility":"featured"}]}
DEBUG - 2025-04-17 10:08:25 --> No valid image found for category "Cybersecurity"
DEBUG - 2025-04-17 10:08:25 --> Fetched Image URL for category Cybersecurity: default-image.jpg
DEBUG - 2025-04-17 10:08:25 --> No valid image found for category Cybersecurity
DEBUG - 2025-04-17 10:08:26 --> Session: Class initialized using 'CodeIgniter\Session\Handlers\FileHandler' driver.
WARNING - 2025-04-17 10:08:26 --> [DEPRECATED] Passing lowercase HTTP method "get" is deprecated. Use uppercase HTTP method like "GET". in SYSTEMPATH\Router\RouteCollection.php on line 1026.
 1 SYSTEMPATH\Router\RouteCollection.php(1026): trigger_error('Passing lowercase HTTP method "get" is deprecated. Use uppercase HTTP method like "GET".', 16384)
 2 APPPATH\Config\Routes.php(85): CodeIgniter\Router\RouteCollection->match([...], 'user/edit', 'User\\UserController::editProfile')
 3 SYSTEMPATH\Router\RouteCollection.php(339): require('C:\\wamp64\\www\\ci-learn_affix\\app\\Config\\Routes.php')
 4 SYSTEMPATH\CodeIgniter.php(821): CodeIgniter\Router\RouteCollection->loadRoutes()
 5 SYSTEMPATH\CodeIgniter.php(455): CodeIgniter\CodeIgniter->tryToRouteIt(null)
 6 SYSTEMPATH\CodeIgniter.php(354): CodeIgniter\CodeIgniter->handleRequest(null, Object(Config\Cache), false)
 7 SYSTEMPATH\Boot.php(334): CodeIgniter\CodeIgniter->run()
 8 SYSTEMPATH\Boot.php(67): CodeIgniter\Boot::runCodeIgniter(Object(CodeIgniter\CodeIgniter))
 9 FCPATH\index.php(56): CodeIgniter\Boot::bootWeb(Object(Config\Paths))
WARNING - 2025-04-17 10:08:26 --> [DEPRECATED] Passing lowercase HTTP method "post" is deprecated. Use uppercase HTTP method like "POST". in SYSTEMPATH\Router\RouteCollection.php on line 1026.
 1 SYSTEMPATH\Router\RouteCollection.php(1026): trigger_error('Passing lowercase HTTP method "post" is deprecated. Use uppercase HTTP method like "POST".', 16384)
 2 APPPATH\Config\Routes.php(85): CodeIgniter\Router\RouteCollection->match([...], 'user/edit', 'User\\UserController::editProfile')
 3 SYSTEMPATH\Router\RouteCollection.php(339): require('C:\\wamp64\\www\\ci-learn_affix\\app\\Config\\Routes.php')
 4 SYSTEMPATH\CodeIgniter.php(821): CodeIgniter\Router\RouteCollection->loadRoutes()
 5 SYSTEMPATH\CodeIgniter.php(455): CodeIgniter\CodeIgniter->tryToRouteIt(null)
 6 SYSTEMPATH\CodeIgniter.php(354): CodeIgniter\CodeIgniter->handleRequest(null, Object(Config\Cache), false)
 7 SYSTEMPATH\Boot.php(334): CodeIgniter\CodeIgniter->run()
 8 SYSTEMPATH\Boot.php(67): CodeIgniter\Boot::runCodeIgniter(Object(CodeIgniter\CodeIgniter))
 9 FCPATH\index.php(56): CodeIgniter\Boot::bootWeb(Object(Config\Paths))
DEBUG - 2025-04-17 10:08:26 --> Session: Class initialized using 'CodeIgniter\Session\Handlers\FileHandler' driver.
WARNING - 2025-04-17 10:08:26 --> [DEPRECATED] Passing lowercase HTTP method "get" is deprecated. Use uppercase HTTP method like "GET". in SYSTEMPATH\Router\RouteCollection.php on line 1026.
 1 SYSTEMPATH\Router\RouteCollection.php(1026): trigger_error('Passing lowercase HTTP method "get" is deprecated. Use uppercase HTTP method like "GET".', 16384)
 2 APPPATH\Config\Routes.php(85): CodeIgniter\Router\RouteCollection->match([...], 'user/edit', 'User\\UserController::editProfile')
 3 SYSTEMPATH\Router\RouteCollection.php(339): require('C:\\wamp64\\www\\ci-learn_affix\\app\\Config\\Routes.php')
 4 SYSTEMPATH\CodeIgniter.php(821): CodeIgniter\Router\RouteCollection->loadRoutes()
 5 SYSTEMPATH\CodeIgniter.php(455): CodeIgniter\CodeIgniter->tryToRouteIt(null)
 6 SYSTEMPATH\CodeIgniter.php(354): CodeIgniter\CodeIgniter->handleRequest(null, Object(Config\Cache), false)
 7 SYSTEMPATH\Boot.php(334): CodeIgniter\CodeIgniter->run()
 8 SYSTEMPATH\Boot.php(67): CodeIgniter\Boot::runCodeIgniter(Object(CodeIgniter\CodeIgniter))
 9 FCPATH\index.php(56): CodeIgniter\Boot::bootWeb(Object(Config\Paths))
WARNING - 2025-04-17 10:08:26 --> [DEPRECATED] Passing lowercase HTTP method "post" is deprecated. Use uppercase HTTP method like "POST". in SYSTEMPATH\Router\RouteCollection.php on line 1026.
 1 SYSTEMPATH\Router\RouteCollection.php(1026): trigger_error('Passing lowercase HTTP method "post" is deprecated. Use uppercase HTTP method like "POST".', 16384)
 2 APPPATH\Config\Routes.php(85): CodeIgniter\Router\RouteCollection->match([...], 'user/edit', 'User\\UserController::editProfile')
 3 SYSTEMPATH\Router\RouteCollection.php(339): require('C:\\wamp64\\www\\ci-learn_affix\\app\\Config\\Routes.php')
 4 SYSTEMPATH\CodeIgniter.php(821): CodeIgniter\Router\RouteCollection->loadRoutes()
 5 SYSTEMPATH\CodeIgniter.php(455): CodeIgniter\CodeIgniter->tryToRouteIt(null)
 6 SYSTEMPATH\CodeIgniter.php(354): CodeIgniter\CodeIgniter->handleRequest(null, Object(Config\Cache), false)
 7 SYSTEMPATH\Boot.php(334): CodeIgniter\CodeIgniter->run()
 8 SYSTEMPATH\Boot.php(67): CodeIgniter\Boot::runCodeIgniter(Object(CodeIgniter\CodeIgniter))
 9 FCPATH\index.php(56): CodeIgniter\Boot::bootWeb(Object(Config\Paths))
DEBUG - 2025-04-17 10:08:26 --> Session: Class initialized using 'CodeIgniter\Session\Handlers\FileHandler' driver.
WARNING - 2025-04-17 10:08:26 --> [DEPRECATED] Passing lowercase HTTP method "get" is deprecated. Use uppercase HTTP method like "GET". in SYSTEMPATH\Router\RouteCollection.php on line 1026.
 1 SYSTEMPATH\Router\RouteCollection.php(1026): trigger_error('Passing lowercase HTTP method "get" is deprecated. Use uppercase HTTP method like "GET".', 16384)
 2 APPPATH\Config\Routes.php(85): CodeIgniter\Router\RouteCollection->match([...], 'user/edit', 'User\\UserController::editProfile')
 3 SYSTEMPATH\Router\RouteCollection.php(339): require('C:\\wamp64\\www\\ci-learn_affix\\app\\Config\\Routes.php')
 4 SYSTEMPATH\CodeIgniter.php(821): CodeIgniter\Router\RouteCollection->loadRoutes()
 5 SYSTEMPATH\CodeIgniter.php(455): CodeIgniter\CodeIgniter->tryToRouteIt(null)
 6 SYSTEMPATH\CodeIgniter.php(354): CodeIgniter\CodeIgniter->handleRequest(null, Object(Config\Cache), false)
 7 SYSTEMPATH\Boot.php(334): CodeIgniter\CodeIgniter->run()
 8 SYSTEMPATH\Boot.php(67): CodeIgniter\Boot::runCodeIgniter(Object(CodeIgniter\CodeIgniter))
 9 FCPATH\index.php(56): CodeIgniter\Boot::bootWeb(Object(Config\Paths))
WARNING - 2025-04-17 10:08:26 --> [DEPRECATED] Passing lowercase HTTP method "post" is deprecated. Use uppercase HTTP method like "POST". in SYSTEMPATH\Router\RouteCollection.php on line 1026.
 1 SYSTEMPATH\Router\RouteCollection.php(1026): trigger_error('Passing lowercase HTTP method "post" is deprecated. Use uppercase HTTP method like "POST".', 16384)
 2 APPPATH\Config\Routes.php(85): CodeIgniter\Router\RouteCollection->match([...], 'user/edit', 'User\\UserController::editProfile')
 3 SYSTEMPATH\Router\RouteCollection.php(339): require('C:\\wamp64\\www\\ci-learn_affix\\app\\Config\\Routes.php')
 4 SYSTEMPATH\CodeIgniter.php(821): CodeIgniter\Router\RouteCollection->loadRoutes()
 5 SYSTEMPATH\CodeIgniter.php(455): CodeIgniter\CodeIgniter->tryToRouteIt(null)
 6 SYSTEMPATH\CodeIgniter.php(354): CodeIgniter\CodeIgniter->handleRequest(null, Object(Config\Cache), false)
 7 SYSTEMPATH\Boot.php(334): CodeIgniter\CodeIgniter->run()
 8 SYSTEMPATH\Boot.php(67): CodeIgniter\Boot::runCodeIgniter(Object(CodeIgniter\CodeIgniter))
 9 FCPATH\index.php(56): CodeIgniter\Boot::bootWeb(Object(Config\Paths))
DEBUG - 2025-04-17 10:08:26 --> Session: Class initialized using 'CodeIgniter\Session\Handlers\FileHandler' driver.
WARNING - 2025-04-17 10:08:26 --> [DEPRECATED] Passing lowercase HTTP method "get" is deprecated. Use uppercase HTTP method like "GET". in SYSTEMPATH\Router\RouteCollection.php on line 1026.
 1 SYSTEMPATH\Router\RouteCollection.php(1026): trigger_error('Passing lowercase HTTP method "get" is deprecated. Use uppercase HTTP method like "GET".', 16384)
 2 APPPATH\Config\Routes.php(85): CodeIgniter\Router\RouteCollection->match([...], 'user/edit', 'User\\UserController::editProfile')
 3 SYSTEMPATH\Router\RouteCollection.php(339): require('C:\\wamp64\\www\\ci-learn_affix\\app\\Config\\Routes.php')
 4 SYSTEMPATH\CodeIgniter.php(821): CodeIgniter\Router\RouteCollection->loadRoutes()
 5 SYSTEMPATH\CodeIgniter.php(455): CodeIgniter\CodeIgniter->tryToRouteIt(null)
 6 SYSTEMPATH\CodeIgniter.php(354): CodeIgniter\CodeIgniter->handleRequest(null, Object(Config\Cache), false)
 7 SYSTEMPATH\Boot.php(334): CodeIgniter\CodeIgniter->run()
 8 SYSTEMPATH\Boot.php(67): CodeIgniter\Boot::runCodeIgniter(Object(CodeIgniter\CodeIgniter))
 9 FCPATH\index.php(56): CodeIgniter\Boot::bootWeb(Object(Config\Paths))
WARNING - 2025-04-17 10:08:26 --> [DEPRECATED] Passing lowercase HTTP method "post" is deprecated. Use uppercase HTTP method like "POST". in SYSTEMPATH\Router\RouteCollection.php on line 1026.
 1 SYSTEMPATH\Router\RouteCollection.php(1026): trigger_error('Passing lowercase HTTP method "post" is deprecated. Use uppercase HTTP method like "POST".', 16384)
 2 APPPATH\Config\Routes.php(85): CodeIgniter\Router\RouteCollection->match([...], 'user/edit', 'User\\UserController::editProfile')
 3 SYSTEMPATH\Router\RouteCollection.php(339): require('C:\\wamp64\\www\\ci-learn_affix\\app\\Config\\Routes.php')
 4 SYSTEMPATH\CodeIgniter.php(821): CodeIgniter\Router\RouteCollection->loadRoutes()
 5 SYSTEMPATH\CodeIgniter.php(455): CodeIgniter\CodeIgniter->tryToRouteIt(null)
 6 SYSTEMPATH\CodeIgniter.php(354): CodeIgniter\CodeIgniter->handleRequest(null, Object(Config\Cache), false)
 7 SYSTEMPATH\Boot.php(334): CodeIgniter\CodeIgniter->run()
 8 SYSTEMPATH\Boot.php(67): CodeIgniter\Boot::runCodeIgniter(Object(CodeIgniter\CodeIgniter))
 9 FCPATH\index.php(56): CodeIgniter\Boot::bootWeb(Object(Config\Paths))
DEBUG - 2025-04-17 10:08:26 --> Session: Class initialized using 'CodeIgniter\Session\Handlers\FileHandler' driver.
DEBUG - 2025-04-17 10:08:26 --> Session: Class initialized using 'CodeIgniter\Session\Handlers\FileHandler' driver.
WARNING - 2025-04-17 10:08:26 --> [DEPRECATED] Passing lowercase HTTP method "get" is deprecated. Use uppercase HTTP method like "GET". in SYSTEMPATH\Router\RouteCollection.php on line 1026.
 1 SYSTEMPATH\Router\RouteCollection.php(1026): trigger_error('Passing lowercase HTTP method "get" is deprecated. Use uppercase HTTP method like "GET".', 16384)
 2 APPPATH\Config\Routes.php(85): CodeIgniter\Router\RouteCollection->match([...], 'user/edit', 'User\\UserController::editProfile')
 3 SYSTEMPATH\Router\RouteCollection.php(339): require('C:\\wamp64\\www\\ci-learn_affix\\app\\Config\\Routes.php')
 4 SYSTEMPATH\CodeIgniter.php(821): CodeIgniter\Router\RouteCollection->loadRoutes()
 5 SYSTEMPATH\CodeIgniter.php(455): CodeIgniter\CodeIgniter->tryToRouteIt(null)
 6 SYSTEMPATH\CodeIgniter.php(354): CodeIgniter\CodeIgniter->handleRequest(null, Object(Config\Cache), false)
 7 SYSTEMPATH\Boot.php(334): CodeIgniter\CodeIgniter->run()
 8 SYSTEMPATH\Boot.php(67): CodeIgniter\Boot::runCodeIgniter(Object(CodeIgniter\CodeIgniter))
 9 FCPATH\index.php(56): CodeIgniter\Boot::bootWeb(Object(Config\Paths))
WARNING - 2025-04-17 10:08:26 --> [DEPRECATED] Passing lowercase HTTP method "post" is deprecated. Use uppercase HTTP method like "POST". in SYSTEMPATH\Router\RouteCollection.php on line 1026.
 1 SYSTEMPATH\Router\RouteCollection.php(1026): trigger_error('Passing lowercase HTTP method "post" is deprecated. Use uppercase HTTP method like "POST".', 16384)
 2 APPPATH\Config\Routes.php(85): CodeIgniter\Router\RouteCollection->match([...], 'user/edit', 'User\\UserController::editProfile')
 3 SYSTEMPATH\Router\RouteCollection.php(339): require('C:\\wamp64\\www\\ci-learn_affix\\app\\Config\\Routes.php')
 4 SYSTEMPATH\CodeIgniter.php(821): CodeIgniter\Router\RouteCollection->loadRoutes()
 5 SYSTEMPATH\CodeIgniter.php(455): CodeIgniter\CodeIgniter->tryToRouteIt(null)
 6 SYSTEMPATH\CodeIgniter.php(354): CodeIgniter\CodeIgniter->handleRequest(null, Object(Config\Cache), false)
 7 SYSTEMPATH\Boot.php(334): CodeIgniter\CodeIgniter->run()
 8 SYSTEMPATH\Boot.php(67): CodeIgniter\Boot::runCodeIgniter(Object(CodeIgniter\CodeIgniter))
 9 FCPATH\index.php(56): CodeIgniter\Boot::bootWeb(Object(Config\Paths))
DEBUG - 2025-04-17 10:14:32 --> Session: Class initialized using 'CodeIgniter\Session\Handlers\FileHandler' driver.
WARNING - 2025-04-17 10:14:32 --> [DEPRECATED] Passing lowercase HTTP method "get" is deprecated. Use uppercase HTTP method like "GET". in SYSTEMPATH\Router\RouteCollection.php on line 1026.
 1 SYSTEMPATH\Router\RouteCollection.php(1026): trigger_error('Passing lowercase HTTP method "get" is deprecated. Use uppercase HTTP method like "GET".', 16384)
 2 APPPATH\Config\Routes.php(85): CodeIgniter\Router\RouteCollection->match([...], 'user/edit', 'User\\UserController::editProfile')
 3 SYSTEMPATH\Router\RouteCollection.php(339): require('C:\\wamp64\\www\\ci-learn_affix\\app\\Config\\Routes.php')
 4 SYSTEMPATH\CodeIgniter.php(821): CodeIgniter\Router\RouteCollection->loadRoutes()
 5 SYSTEMPATH\CodeIgniter.php(455): CodeIgniter\CodeIgniter->tryToRouteIt(null)
 6 SYSTEMPATH\CodeIgniter.php(354): CodeIgniter\CodeIgniter->handleRequest(null, Object(Config\Cache), false)
 7 SYSTEMPATH\Boot.php(334): CodeIgniter\CodeIgniter->run()
 8 SYSTEMPATH\Boot.php(67): CodeIgniter\Boot::runCodeIgniter(Object(CodeIgniter\CodeIgniter))
 9 FCPATH\index.php(56): CodeIgniter\Boot::bootWeb(Object(Config\Paths))
WARNING - 2025-04-17 10:14:32 --> [DEPRECATED] Passing lowercase HTTP method "post" is deprecated. Use uppercase HTTP method like "POST". in SYSTEMPATH\Router\RouteCollection.php on line 1026.
 1 SYSTEMPATH\Router\RouteCollection.php(1026): trigger_error('Passing lowercase HTTP method "post" is deprecated. Use uppercase HTTP method like "POST".', 16384)
 2 APPPATH\Config\Routes.php(85): CodeIgniter\Router\RouteCollection->match([...], 'user/edit', 'User\\UserController::editProfile')
 3 SYSTEMPATH\Router\RouteCollection.php(339): require('C:\\wamp64\\www\\ci-learn_affix\\app\\Config\\Routes.php')
 4 SYSTEMPATH\CodeIgniter.php(821): CodeIgniter\Router\RouteCollection->loadRoutes()
 5 SYSTEMPATH\CodeIgniter.php(455): CodeIgniter\CodeIgniter->tryToRouteIt(null)
 6 SYSTEMPATH\CodeIgniter.php(354): CodeIgniter\CodeIgniter->handleRequest(null, Object(Config\Cache), false)
 7 SYSTEMPATH\Boot.php(334): CodeIgniter\CodeIgniter->run()
 8 SYSTEMPATH\Boot.php(67): CodeIgniter\Boot::runCodeIgniter(Object(CodeIgniter\CodeIgniter))
 9 FCPATH\index.php(56): CodeIgniter\Boot::bootWeb(Object(Config\Paths))
DEBUG - 2025-04-17 10:14:35 --> Unsplash API Response for category "Programming": {"id":"0JvWk8ox_rQ","slug":"black-laptop-computer-turned-on-showing-microsoft-word-0JvWk8ox_rQ","alternative_slugs":{"en":"black-laptop-computer-turned-on-showing-microsoft-word-0JvWk8ox_rQ","es":"computadora-portatil-negra-encendida-que-muestra-microsoft-word-0JvWk8ox_rQ","ja":"\u9ed2\u306e\u30e9\u30c3\u30d7\u30c8\u30c3\u30d7-\u30b3\u30f3\u30d4\u30e5\u30fc\u30bf\u306e\u96fb\u6e90\u304c\u5165\u308amicrosoft-word-\u304c\u8868\u793a\u3055\u308c\u308b-0JvWk8ox_rQ","fr":"ordinateur-portable-noir-allume-affichant-microsoft-word-0JvWk8ox_rQ","it":"computer-portatile-nero-acceso-che-mostra-microsoft-word-0JvWk8ox_rQ","ko":"\uac80\uc740-\ub178\ud2b8\ubd81-\ucef4\ud4e8\ud130\uac00-\ucf1c\uc838-\ub9c8\uc774\ud06c\ub85c-\uc18c\ud504\ud2b8-\uc6cc\ub4dc\ub97c-\ubcf4\uc5ec\uc90d\ub2c8\ub2e4-0JvWk8ox_rQ","de":"schwarzer-laptop-mit-microsoft-word-eingeschaltet-0JvWk8ox_rQ","pt":"computador-portatil-preto-ativado-mostrando-o-microsoft-word-0JvWk8ox_rQ"},"created_at":"2021-06-12T17:52:31Z","updated_at":"2025-04-17T09:33:14Z","promoted_at":"2021-06-16T13:06:01Z","width":6336,"height":9504,"color":"#262626","blur_hash":"L02FfRJ0Imne?]tnV?w~OXX3s?$_","description":"\u201cMake it work, make it right, make it fast.\u201d \u2013 Kent Beck\n\nhttps:\/\/afgprogrammer.com","alt_description":"black laptop computer turned on showing microsoft word","breadcrumbs":[],"urls":{"raw":"https:\/\/images.unsplash.com\/photo-1623520333087-62b8793e3d23?ixid=M3w3Mzg4NTh8MHwxfHJhbmRvbXx8fHx8fHx8fDE3NDQ4ODQ4NzR8&ixlib=rb-4.0.3","full":"https:\/\/images.unsplash.com\/photo-1623520333087-62b8793e3d23?crop=entropy&cs=srgb&fm=jpg&ixid=M3w3Mzg4NTh8MHwxfHJhbmRvbXx8fHx8fHx8fDE3NDQ4ODQ4NzR8&ixlib=rb-4.0.3&q=85","regular":"https:\/\/images.unsplash.com\/photo-1623520333087-62b8793e3d23?crop=entropy&cs=tinysrgb&fit=max&fm=jpg&ixid=M3w3Mzg4NTh8MHwxfHJhbmRvbXx8fHx8fHx8fDE3NDQ4ODQ4NzR8&ixlib=rb-4.0.3&q=80&w=1080","small":"https:\/\/images.unsplash.com\/photo-1623520333087-62b8793e3d23?crop=entropy&cs=tinysrgb&fit=max&fm=jpg&ixid=M3w3Mzg4NTh8MHwxfHJhbmRvbXx8fHx8fHx8fDE3NDQ4ODQ4NzR8&ixlib=rb-4.0.3&q=80&w=400","thumb":"https:\/\/images.unsplash.com\/photo-1623520333087-62b8793e3d23?crop=entropy&cs=tinysrgb&fit=max&fm=jpg&ixid=M3w3Mzg4NTh8MHwxfHJhbmRvbXx8fHx8fHx8fDE3NDQ4ODQ4NzR8&ixlib=rb-4.0.3&q=80&w=200","small_s3":"https:\/\/s3.us-west-2.amazonaws.com\/images.unsplash.com\/small\/photo-1623520333087-62b8793e3d23"},"links":{"self":"https:\/\/api.unsplash.com\/photos\/black-laptop-computer-turned-on-showing-microsoft-word-0JvWk8ox_rQ","html":"https:\/\/unsplash.com\/photos\/black-laptop-computer-turned-on-showing-microsoft-word-0JvWk8ox_rQ","download":"https:\/\/unsplash.com\/photos\/0JvWk8ox_rQ\/download?ixid=M3w3Mzg4NTh8MHwxfHJhbmRvbXx8fHx8fHx8fDE3NDQ4ODQ4NzR8","download_location":"https:\/\/api.unsplash.com\/photos\/0JvWk8ox_rQ\/download?ixid=M3w3Mzg4NTh8MHwxfHJhbmRvbXx8fHx8fHx8fDE3NDQ4ODQ4NzR8"},"likes":104,"liked_by_user":false,"current_user_collections":[],"sponsorship":null,"topic_submissions":{"business-work":{"status":"rejected"}},"asset_type":"photo","user":{"id":"Ys7752KAoTc","updated_at":"2025-04-16T15:52:37Z","username":"afgprogrammer","name":"Mohammad Rahmani","first_name":"Mohammad","last_name":"Rahmani","twitter_username":"afgprogrammer","portfolio_url":"https:\/\/afgprogrammer.com","bio":"Full-Stack Software Developer.","location":"Kabul, Afghanistan","links":{"self":"https:\/\/api.unsplash.com\/users\/afgprogrammer","html":"https:\/\/unsplash.com\/@afgprogrammer","photos":"https:\/\/api.unsplash.com\/users\/afgprogrammer\/photos","likes":"https:\/\/api.unsplash.com\/users\/afgprogrammer\/likes","portfolio":"https:\/\/api.unsplash.com\/users\/afgprogrammer\/portfolio"},"profile_image":{"small":"https:\/\/images.unsplash.com\/profile-1650295951572-06009e823cd7image?ixlib=rb-4.0.3&crop=faces&fit=crop&w=32&h=32","medium":"https:\/\/images.unsplash.com\/profile-1650295951572-06009e823cd7image?ixlib=rb-4.0.3&crop=faces&fit=crop&w=64&h=64","large":"https:\/\/images.unsplash.com\/profile-1650295951572-06009e823cd7image?ixlib=rb-4.0.3&crop=faces&fit=crop&w=128&h=128"},"instagram_username":"afgprogrammer","total_collections":1,"total_likes":80,"total_photos":52,"total_promoted_photos":11,"total_illustrations":0,"total_promoted_illustrations":0,"accepted_tos":true,"for_hire":false,"social":{"instagram_username":"afgprogrammer","portfolio_url":"https:\/\/afgprogrammer.com","twitter_username":"afgprogrammer","paypal_email":null}},"exif":{"make":"SONY","model":"ILCE-7RM4","name":"SONY, ILCE-7RM4","exposure_time":"1\/60","aperture":"1.8","focal_length":"85.0","iso":640},"location":{"name":"Kabul, Kabul, Afghanistan","city":"Kabul","country":"Afghanistan","position":{"latitude":34.52813,"longitude":69.17233}},"meta":{"index":true},"public_domain":false,"tags":[{"type":"search","title":"coding"},{"type":"search","title":"programming"},{"type":"search","title":"code"},{"type":"search","title":"working"},{"type":"search","title":"developer"},{"type":"search","title":"software"},{"type":"search","title":"keyboard"},{"type":"search","title":"programmer"},{"type":"search","title":"screen"},{"type":"search","title":"macbook pro"},{"type":"search","title":"visual studio code"},{"type":"search","title":"vscode"},{"type":"search","title":"developer life"},{"type":"search","title":"computer"},{"type":"search","title":"laptop"},{"type":"search","title":"electronics"},{"type":"search","title":"computer keyboard"},{"type":"search","title":"hardware"},{"type":"search","title":"afghanistan"},{"type":"search","title":"computer hardware"}],"views":1205672,"downloads":9318,"topics":[]}
DEBUG - 2025-04-17 10:14:35 --> No valid image found for category "Programming"
DEBUG - 2025-04-17 10:14:35 --> Fetched Image URL for category Programming: default-image.jpg
DEBUG - 2025-04-17 10:14:35 --> No valid image found for category Programming
DEBUG - 2025-04-17 10:14:37 --> Unsplash API Response for category "AI & Video": {"id":"Uz1da04pxcU","slug":"a-man-wearing-headphones-and-holding-a-camera-Uz1da04pxcU","alternative_slugs":{"en":"a-man-wearing-headphones-and-holding-a-camera-Uz1da04pxcU","es":"un-hombre-con-auriculares-y-sosteniendo-una-camara-Uz1da04pxcU","ja":"\u30d8\u30c3\u30c9\u30d5\u30a9\u30f3\u3092\u88c5\u7740\u3057\u30ab\u30e1\u30e9\u3092\u69cb\u3048\u308b\u7537\u6027-Uz1da04pxcU","fr":"un-homme-portant-des-ecouteurs-et-tenant-un-appareil-photo-Uz1da04pxcU","it":"un-uomo-che-indossa-le-cuffie-e-tiene-in-mano-una-macchina-fotografica-Uz1da04pxcU","ko":"\ud5e4\ub4dc\ud3f0\uc744-\ub07c\uace0-\uce74\uba54\ub77c\ub97c-\ub4e4\uace0-\uc788\ub294-\ub0a8\uc790-Uz1da04pxcU","de":"ein-mann-mit-kopfhorern-und-einer-kamera-in-der-hand-Uz1da04pxcU","pt":"um-homem-usando-fones-de-ouvido-e-segurando-uma-camera-Uz1da04pxcU"},"created_at":"2023-12-03T07:32:43Z","updated_at":"2025-04-17T07:56:52Z","promoted_at":null,"width":3620,"height":5171,"color":"#404040","blur_hash":"LSD]VitRozMx~qt7ofae?vxtf5Rk","description":null,"alt_description":"a man wearing headphones and holding a camera","breadcrumbs":[],"urls":{"raw":"https:\/\/images.unsplash.com\/photo-1701588732567-223deaa9a3b7?ixid=M3w3Mzg4NTh8MHwxfHJhbmRvbXx8fHx8fHx8fDE3NDQ4ODQ4NzZ8&ixlib=rb-4.0.3","full":"https:\/\/images.unsplash.com\/photo-1701588732567-223deaa9a3b7?crop=entropy&cs=srgb&fm=jpg&ixid=M3w3Mzg4NTh8MHwxfHJhbmRvbXx8fHx8fHx8fDE3NDQ4ODQ4NzZ8&ixlib=rb-4.0.3&q=85","regular":"https:\/\/images.unsplash.com\/photo-1701588732567-223deaa9a3b7?crop=entropy&cs=tinysrgb&fit=max&fm=jpg&ixid=M3w3Mzg4NTh8MHwxfHJhbmRvbXx8fHx8fHx8fDE3NDQ4ODQ4NzZ8&ixlib=rb-4.0.3&q=80&w=1080","small":"https:\/\/images.unsplash.com\/photo-1701588732567-223deaa9a3b7?crop=entropy&cs=tinysrgb&fit=max&fm=jpg&ixid=M3w3Mzg4NTh8MHwxfHJhbmRvbXx8fHx8fHx8fDE3NDQ4ODQ4NzZ8&ixlib=rb-4.0.3&q=80&w=400","thumb":"https:\/\/images.unsplash.com\/photo-1701588732567-223deaa9a3b7?crop=entropy&cs=tinysrgb&fit=max&fm=jpg&ixid=M3w3Mzg4NTh8MHwxfHJhbmRvbXx8fHx8fHx8fDE3NDQ4ODQ4NzZ8&ixlib=rb-4.0.3&q=80&w=200","small_s3":"https:\/\/s3.us-west-2.amazonaws.com\/images.unsplash.com\/small\/photo-1701588732567-223deaa9a3b7"},"links":{"self":"https:\/\/api.unsplash.com\/photos\/a-man-wearing-headphones-and-holding-a-camera-Uz1da04pxcU","html":"https:\/\/unsplash.com\/photos\/a-man-wearing-headphones-and-holding-a-camera-Uz1da04pxcU","download":"https:\/\/unsplash.com\/photos\/Uz1da04pxcU\/download?ixid=M3w3Mzg4NTh8MHwxfHJhbmRvbXx8fHx8fHx8fDE3NDQ4ODQ4NzZ8","download_location":"https:\/\/api.unsplash.com\/photos\/Uz1da04pxcU\/download?ixid=M3w3Mzg4NTh8MHwxfHJhbmRvbXx8fHx8fHx8fDE3NDQ4ODQ4NzZ8"},"likes":0,"liked_by_user":false,"current_user_collections":[],"sponsorship":null,"topic_submissions":[],"asset_type":"photo","user":{"id":"JZDjJVsn7oI","updated_at":"2024-10-11T00:28:38Z","username":"josephhershmedia1","name":"JosephHershMedia","first_name":"JosephHershMedia","last_name":null,"twitter_username":null,"portfolio_url":null,"bio":"Photography, Videography, Promotional & Social Media Video","location":"Waco Tx","links":{"self":"https:\/\/api.unsplash.com\/users\/josephhershmedia1","html":"https:\/\/unsplash.com\/@josephhershmedia1","photos":"https:\/\/api.unsplash.com\/users\/josephhershmedia1\/photos","likes":"https:\/\/api.unsplash.com\/users\/josephhershmedia1\/likes","portfolio":"https:\/\/api.unsplash.com\/users\/josephhershmedia1\/portfolio","following":"https:\/\/api.unsplash.com\/users\/josephhershmedia1\/following","followers":"https:\/\/api.unsplash.com\/users\/josephhershmedia1\/followers"},"profile_image":{"small":"https:\/\/images.unsplash.com\/profile-1700078993010-7acb1d81d4cfimage?ixlib=rb-4.0.3&crop=faces&fit=crop&w=32&h=32","medium":"https:\/\/images.unsplash.com\/profile-1700078993010-7acb1d81d4cfimage?ixlib=rb-4.0.3&crop=faces&fit=crop&w=64&h=64","large":"https:\/\/images.unsplash.com\/profile-1700078993010-7acb1d81d4cfimage?ixlib=rb-4.0.3&crop=faces&fit=crop&w=128&h=128"},"instagram_username":null,"total_collections":4,"total_likes":84,"total_photos":46,"total_promoted_photos":0,"total_illustrations":0,"total_promoted_illustrations":0,"accepted_tos":true,"for_hire":true,"social":{"instagram_username":null,"portfolio_url":null,"twitter_username":null,"paypal_email":null}},"exif":{"make":"NIKON CORPORATION","model":"NIKON Z 6_2","name":"NIKON CORPORATION, NIKON Z 6_2","exposure_time":"1\/160","aperture":"2.8","focal_length":"90.0","iso":400},"location":{"name":null,"city":null,"country":null,"position":{"latitude":0,"longitude":0}},"meta":{"index":true},"public_domain":false,"tags":[{"type":"search","title":"portrait"},{"type":"search","title":"people"},{"type":"search","title":"sunset"},{"type":"search","title":"sun"},{"type":"search","title":"video"},{"type":"search","title":"camera"},{"type":"search","title":"shadow"},{"type":"search","title":"cowboy"},{"type":"search","title":"hat"},{"type":"search","title":"jacket"},{"type":"search","title":"video camera"},{"type":"search","title":"coat"},{"type":"search","title":"camcorder"},{"type":"search","title":"photo"},{"type":"search","title":"man"},{"type":"search","title":"human"},{"type":"search","title":"face"},{"type":"search","title":"grey"},{"type":"search","title":"adult"},{"type":"search","title":"photography"}],"views":65540,"downloads":318,"topics":[]}
DEBUG - 2025-04-17 10:14:37 --> No valid image found for category "AI & Video"
DEBUG - 2025-04-17 10:14:37 --> Fetched Image URL for category AI & Video: default-image.jpg
DEBUG - 2025-04-17 10:14:37 --> No valid image found for category AI & Video
DEBUG - 2025-04-17 10:14:39 --> Unsplash API Response for category "Cybersecurity": {"id":"E-V6EMtGSUU","slug":"black-and-silver-laptop-computer-E-V6EMtGSUU","alternative_slugs":{"en":"black-and-silver-laptop-computer-E-V6EMtGSUU","es":"ordenador-portatil-negro-y-plateado-E-V6EMtGSUU","ja":"\u9ed2\u3068\u9280\u306e\u30e9\u30c3\u30d7\u30c8\u30c3\u30d7\u30b3\u30f3\u30d4\u30e5\u30fc\u30bf-E-V6EMtGSUU","fr":"ordinateur-portable-noir-et-argent-E-V6EMtGSUU","it":"computer-portatile-nero-e-argento-E-V6EMtGSUU","ko":"\uac80\uc740-\uc0c9\uacfc-\uc740\uc0c9-\ub178\ud2b8\ubd81-\ucef4\ud4e8\ud130-E-V6EMtGSUU","de":"schwarzer-und-silberner-laptop-computer-E-V6EMtGSUU","pt":"computador-portatil-preto-e-prateado-E-V6EMtGSUU"},"created_at":"2020-12-20T08:31:11Z","updated_at":"2025-04-17T09:22:12Z","promoted_at":null,"width":5472,"height":3648,"color":"#595959","blur_hash":"LNC6#@0Ls.tRIVf6xtRj-:MyWVt7","description":null,"alt_description":"black and silver laptop computer","breadcrumbs":[],"urls":{"raw":"https:\/\/images.unsplash.com\/photo-1608452964553-9b4d97b2752f?ixid=M3w3Mzg4NTh8MHwxfHJhbmRvbXx8fHx8fHx8fDE3NDQ4ODQ4Nzl8&ixlib=rb-4.0.3","full":"https:\/\/images.unsplash.com\/photo-1608452964553-9b4d97b2752f?crop=entropy&cs=srgb&fm=jpg&ixid=M3w3Mzg4NTh8MHwxfHJhbmRvbXx8fHx8fHx8fDE3NDQ4ODQ4Nzl8&ixlib=rb-4.0.3&q=85","regular":"https:\/\/images.unsplash.com\/photo-1608452964553-9b4d97b2752f?crop=entropy&cs=tinysrgb&fit=max&fm=jpg&ixid=M3w3Mzg4NTh8MHwxfHJhbmRvbXx8fHx8fHx8fDE3NDQ4ODQ4Nzl8&ixlib=rb-4.0.3&q=80&w=1080","small":"https:\/\/images.unsplash.com\/photo-1608452964553-9b4d97b2752f?crop=entropy&cs=tinysrgb&fit=max&fm=jpg&ixid=M3w3Mzg4NTh8MHwxfHJhbmRvbXx8fHx8fHx8fDE3NDQ4ODQ4Nzl8&ixlib=rb-4.0.3&q=80&w=400","thumb":"https:\/\/images.unsplash.com\/photo-1608452964553-9b4d97b2752f?crop=entropy&cs=tinysrgb&fit=max&fm=jpg&ixid=M3w3Mzg4NTh8MHwxfHJhbmRvbXx8fHx8fHx8fDE3NDQ4ODQ4Nzl8&ixlib=rb-4.0.3&q=80&w=200","small_s3":"https:\/\/s3.us-west-2.amazonaws.com\/images.unsplash.com\/small\/photo-1608452964553-9b4d97b2752f"},"links":{"self":"https:\/\/api.unsplash.com\/photos\/black-and-silver-laptop-computer-E-V6EMtGSUU","html":"https:\/\/unsplash.com\/photos\/black-and-silver-laptop-computer-E-V6EMtGSUU","download":"https:\/\/unsplash.com\/photos\/E-V6EMtGSUU\/download?ixid=M3w3Mzg4NTh8MHwxfHJhbmRvbXx8fHx8fHx8fDE3NDQ4ODQ4Nzl8","download_location":"https:\/\/api.unsplash.com\/photos\/E-V6EMtGSUU\/download?ixid=M3w3Mzg4NTh8MHwxfHJhbmRvbXx8fHx8fHx8fDE3NDQ4ODQ4Nzl8"},"likes":27,"liked_by_user":false,"current_user_collections":[],"sponsorship":null,"topic_submissions":[],"asset_type":"photo","user":{"id":"6HV2O2TMCRM","updated_at":"2024-12-04T01:16:26Z","username":"synkevych","name":"Roman Synkevych","first_name":"Roman","last_name":"Synkevych","twitter_username":"synkevych_roman","portfolio_url":"https:\/\/github.com\/synkevych","bio":"Life is a moment, save it","location":"Kyiv, Ukraine","links":{"self":"https:\/\/api.unsplash.com\/users\/synkevych","html":"https:\/\/unsplash.com\/@synkevych","photos":"https:\/\/api.unsplash.com\/users\/synkevych\/photos","likes":"https:\/\/api.unsplash.com\/users\/synkevych\/likes","portfolio":"https:\/\/api.unsplash.com\/users\/synkevych\/portfolio","following":"https:\/\/api.unsplash.com\/users\/synkevych\/following","followers":"https:\/\/api.unsplash.com\/users\/synkevych\/followers"},"profile_image":{"small":"https:\/\/images.unsplash.com\/profile-1727420732208-85242bba1730image?ixlib=rb-4.0.3&crop=faces&fit=crop&w=32&h=32","medium":"https:\/\/images.unsplash.com\/profile-1727420732208-85242bba1730image?ixlib=rb-4.0.3&crop=faces&fit=crop&w=64&h=64","large":"https:\/\/images.unsplash.com\/profile-1727420732208-85242bba1730image?ixlib=rb-4.0.3&crop=faces&fit=crop&w=128&h=128"},"instagram_username":"synkevych_roman","total_collections":1,"total_likes":15,"total_photos":151,"total_promoted_photos":0,"total_illustrations":0,"total_promoted_illustrations":0,"accepted_tos":true,"for_hire":false,"social":{"instagram_username":"synkevych_roman","portfolio_url":"https:\/\/github.com\/synkevych","twitter_username":"synkevych_roman","paypal_email":null}},"exif":{"make":"Canon","model":"Canon EOS 6D","name":"Canon, EOS 6D","exposure_time":"1\/30","aperture":"8","focal_length":"35.0","iso":5000},"location":{"name":null,"city":null,"country":null,"position":{"latitude":null,"longitude":null}},"meta":{"index":true},"public_domain":false,"tags":[{"type":"search","title":"technology"},{"type":"search","title":"work"},{"type":"search","title":"hacker"},{"type":"search","title":"programming"},{"type":"search","title":"time"},{"type":"search","title":"web"},{"type":"search","title":"cybersecurity"},{"type":"search","title":"notebook"},{"type":"search","title":"development"},{"type":"search","title":"work from home"},{"type":"search","title":"linux"},{"type":"search","title":"backend"},{"type":"search","title":"webdevelopment"},{"type":"search","title":"datascience"},{"type":"search","title":"computer"},{"type":"search","title":"laptop"},{"type":"search","title":"grey"},{"type":"search","title":"code"},{"type":"search","title":"keyboard"},{"type":"search","title":"electronics"}],"views":1361099,"downloads":14988,"topics":[]}
DEBUG - 2025-04-17 10:14:39 --> No valid image found for category "Cybersecurity"
DEBUG - 2025-04-17 10:14:39 --> Fetched Image URL for category Cybersecurity: default-image.jpg
DEBUG - 2025-04-17 10:14:39 --> No valid image found for category Cybersecurity
DEBUG - 2025-04-17 10:14:40 --> Session: Class initialized using 'CodeIgniter\Session\Handlers\FileHandler' driver.
WARNING - 2025-04-17 10:14:40 --> [DEPRECATED] Passing lowercase HTTP method "get" is deprecated. Use uppercase HTTP method like "GET". in SYSTEMPATH\Router\RouteCollection.php on line 1026.
 1 SYSTEMPATH\Router\RouteCollection.php(1026): trigger_error('Passing lowercase HTTP method "get" is deprecated. Use uppercase HTTP method like "GET".', 16384)
 2 APPPATH\Config\Routes.php(85): CodeIgniter\Router\RouteCollection->match([...], 'user/edit', 'User\\UserController::editProfile')
 3 SYSTEMPATH\Router\RouteCollection.php(339): require('C:\\wamp64\\www\\ci-learn_affix\\app\\Config\\Routes.php')
 4 SYSTEMPATH\CodeIgniter.php(821): CodeIgniter\Router\RouteCollection->loadRoutes()
 5 SYSTEMPATH\CodeIgniter.php(455): CodeIgniter\CodeIgniter->tryToRouteIt(null)
 6 SYSTEMPATH\CodeIgniter.php(354): CodeIgniter\CodeIgniter->handleRequest(null, Object(Config\Cache), false)
 7 SYSTEMPATH\Boot.php(334): CodeIgniter\CodeIgniter->run()
 8 SYSTEMPATH\Boot.php(67): CodeIgniter\Boot::runCodeIgniter(Object(CodeIgniter\CodeIgniter))
 9 FCPATH\index.php(56): CodeIgniter\Boot::bootWeb(Object(Config\Paths))
WARNING - 2025-04-17 10:14:40 --> [DEPRECATED] Passing lowercase HTTP method "post" is deprecated. Use uppercase HTTP method like "POST". in SYSTEMPATH\Router\RouteCollection.php on line 1026.
 1 SYSTEMPATH\Router\RouteCollection.php(1026): trigger_error('Passing lowercase HTTP method "post" is deprecated. Use uppercase HTTP method like "POST".', 16384)
 2 APPPATH\Config\Routes.php(85): CodeIgniter\Router\RouteCollection->match([...], 'user/edit', 'User\\UserController::editProfile')
 3 SYSTEMPATH\Router\RouteCollection.php(339): require('C:\\wamp64\\www\\ci-learn_affix\\app\\Config\\Routes.php')
 4 SYSTEMPATH\CodeIgniter.php(821): CodeIgniter\Router\RouteCollection->loadRoutes()
 5 SYSTEMPATH\CodeIgniter.php(455): CodeIgniter\CodeIgniter->tryToRouteIt(null)
 6 SYSTEMPATH\CodeIgniter.php(354): CodeIgniter\CodeIgniter->handleRequest(null, Object(Config\Cache), false)
 7 SYSTEMPATH\Boot.php(334): CodeIgniter\CodeIgniter->run()
 8 SYSTEMPATH\Boot.php(67): CodeIgniter\Boot::runCodeIgniter(Object(CodeIgniter\CodeIgniter))
 9 FCPATH\index.php(56): CodeIgniter\Boot::bootWeb(Object(Config\Paths))
DEBUG - 2025-04-17 10:14:40 --> Session: Class initialized using 'CodeIgniter\Session\Handlers\FileHandler' driver.
WARNING - 2025-04-17 10:14:40 --> [DEPRECATED] Passing lowercase HTTP method "get" is deprecated. Use uppercase HTTP method like "GET". in SYSTEMPATH\Router\RouteCollection.php on line 1026.
 1 SYSTEMPATH\Router\RouteCollection.php(1026): trigger_error('Passing lowercase HTTP method "get" is deprecated. Use uppercase HTTP method like "GET".', 16384)
 2 APPPATH\Config\Routes.php(85): CodeIgniter\Router\RouteCollection->match([...], 'user/edit', 'User\\UserController::editProfile')
 3 SYSTEMPATH\Router\RouteCollection.php(339): require('C:\\wamp64\\www\\ci-learn_affix\\app\\Config\\Routes.php')
 4 SYSTEMPATH\CodeIgniter.php(821): CodeIgniter\Router\RouteCollection->loadRoutes()
 5 SYSTEMPATH\CodeIgniter.php(455): CodeIgniter\CodeIgniter->tryToRouteIt(null)
 6 SYSTEMPATH\CodeIgniter.php(354): CodeIgniter\CodeIgniter->handleRequest(null, Object(Config\Cache), false)
 7 SYSTEMPATH\Boot.php(334): CodeIgniter\CodeIgniter->run()
 8 SYSTEMPATH\Boot.php(67): CodeIgniter\Boot::runCodeIgniter(Object(CodeIgniter\CodeIgniter))
 9 FCPATH\index.php(56): CodeIgniter\Boot::bootWeb(Object(Config\Paths))
WARNING - 2025-04-17 10:14:40 --> [DEPRECATED] Passing lowercase HTTP method "post" is deprecated. Use uppercase HTTP method like "POST". in SYSTEMPATH\Router\RouteCollection.php on line 1026.
 1 SYSTEMPATH\Router\RouteCollection.php(1026): trigger_error('Passing lowercase HTTP method "post" is deprecated. Use uppercase HTTP method like "POST".', 16384)
 2 APPPATH\Config\Routes.php(85): CodeIgniter\Router\RouteCollection->match([...], 'user/edit', 'User\\UserController::editProfile')
 3 SYSTEMPATH\Router\RouteCollection.php(339): require('C:\\wamp64\\www\\ci-learn_affix\\app\\Config\\Routes.php')
 4 SYSTEMPATH\CodeIgniter.php(821): CodeIgniter\Router\RouteCollection->loadRoutes()
 5 SYSTEMPATH\CodeIgniter.php(455): CodeIgniter\CodeIgniter->tryToRouteIt(null)
 6 SYSTEMPATH\CodeIgniter.php(354): CodeIgniter\CodeIgniter->handleRequest(null, Object(Config\Cache), false)
 7 SYSTEMPATH\Boot.php(334): CodeIgniter\CodeIgniter->run()
 8 SYSTEMPATH\Boot.php(67): CodeIgniter\Boot::runCodeIgniter(Object(CodeIgniter\CodeIgniter))
 9 FCPATH\index.php(56): CodeIgniter\Boot::bootWeb(Object(Config\Paths))
DEBUG - 2025-04-17 10:14:40 --> Session: Class initialized using 'CodeIgniter\Session\Handlers\FileHandler' driver.
WARNING - 2025-04-17 10:14:40 --> [DEPRECATED] Passing lowercase HTTP method "get" is deprecated. Use uppercase HTTP method like "GET". in SYSTEMPATH\Router\RouteCollection.php on line 1026.
 1 SYSTEMPATH\Router\RouteCollection.php(1026): trigger_error('Passing lowercase HTTP method "get" is deprecated. Use uppercase HTTP method like "GET".', 16384)
 2 APPPATH\Config\Routes.php(85): CodeIgniter\Router\RouteCollection->match([...], 'user/edit', 'User\\UserController::editProfile')
 3 SYSTEMPATH\Router\RouteCollection.php(339): require('C:\\wamp64\\www\\ci-learn_affix\\app\\Config\\Routes.php')
 4 SYSTEMPATH\CodeIgniter.php(821): CodeIgniter\Router\RouteCollection->loadRoutes()
 5 SYSTEMPATH\CodeIgniter.php(455): CodeIgniter\CodeIgniter->tryToRouteIt(null)
 6 SYSTEMPATH\CodeIgniter.php(354): CodeIgniter\CodeIgniter->handleRequest(null, Object(Config\Cache), false)
 7 SYSTEMPATH\Boot.php(334): CodeIgniter\CodeIgniter->run()
 8 SYSTEMPATH\Boot.php(67): CodeIgniter\Boot::runCodeIgniter(Object(CodeIgniter\CodeIgniter))
 9 FCPATH\index.php(56): CodeIgniter\Boot::bootWeb(Object(Config\Paths))
WARNING - 2025-04-17 10:14:40 --> [DEPRECATED] Passing lowercase HTTP method "post" is deprecated. Use uppercase HTTP method like "POST". in SYSTEMPATH\Router\RouteCollection.php on line 1026.
 1 SYSTEMPATH\Router\RouteCollection.php(1026): trigger_error('Passing lowercase HTTP method "post" is deprecated. Use uppercase HTTP method like "POST".', 16384)
 2 APPPATH\Config\Routes.php(85): CodeIgniter\Router\RouteCollection->match([...], 'user/edit', 'User\\UserController::editProfile')
 3 SYSTEMPATH\Router\RouteCollection.php(339): require('C:\\wamp64\\www\\ci-learn_affix\\app\\Config\\Routes.php')
 4 SYSTEMPATH\CodeIgniter.php(821): CodeIgniter\Router\RouteCollection->loadRoutes()
 5 SYSTEMPATH\CodeIgniter.php(455): CodeIgniter\CodeIgniter->tryToRouteIt(null)
 6 SYSTEMPATH\CodeIgniter.php(354): CodeIgniter\CodeIgniter->handleRequest(null, Object(Config\Cache), false)
 7 SYSTEMPATH\Boot.php(334): CodeIgniter\CodeIgniter->run()
 8 SYSTEMPATH\Boot.php(67): CodeIgniter\Boot::runCodeIgniter(Object(CodeIgniter\CodeIgniter))
 9 FCPATH\index.php(56): CodeIgniter\Boot::bootWeb(Object(Config\Paths))
DEBUG - 2025-04-17 10:14:40 --> Session: Class initialized using 'CodeIgniter\Session\Handlers\FileHandler' driver.
WARNING - 2025-04-17 10:14:40 --> [DEPRECATED] Passing lowercase HTTP method "get" is deprecated. Use uppercase HTTP method like "GET". in SYSTEMPATH\Router\RouteCollection.php on line 1026.
 1 SYSTEMPATH\Router\RouteCollection.php(1026): trigger_error('Passing lowercase HTTP method "get" is deprecated. Use uppercase HTTP method like "GET".', 16384)
 2 APPPATH\Config\Routes.php(85): CodeIgniter\Router\RouteCollection->match([...], 'user/edit', 'User\\UserController::editProfile')
 3 SYSTEMPATH\Router\RouteCollection.php(339): require('C:\\wamp64\\www\\ci-learn_affix\\app\\Config\\Routes.php')
 4 SYSTEMPATH\CodeIgniter.php(821): CodeIgniter\Router\RouteCollection->loadRoutes()
 5 SYSTEMPATH\CodeIgniter.php(455): CodeIgniter\CodeIgniter->tryToRouteIt(null)
 6 SYSTEMPATH\CodeIgniter.php(354): CodeIgniter\CodeIgniter->handleRequest(null, Object(Config\Cache), false)
 7 SYSTEMPATH\Boot.php(334): CodeIgniter\CodeIgniter->run()
 8 SYSTEMPATH\Boot.php(67): CodeIgniter\Boot::runCodeIgniter(Object(CodeIgniter\CodeIgniter))
 9 FCPATH\index.php(56): CodeIgniter\Boot::bootWeb(Object(Config\Paths))
WARNING - 2025-04-17 10:14:40 --> [DEPRECATED] Passing lowercase HTTP method "post" is deprecated. Use uppercase HTTP method like "POST". in SYSTEMPATH\Router\RouteCollection.php on line 1026.
 1 SYSTEMPATH\Router\RouteCollection.php(1026): trigger_error('Passing lowercase HTTP method "post" is deprecated. Use uppercase HTTP method like "POST".', 16384)
 2 APPPATH\Config\Routes.php(85): CodeIgniter\Router\RouteCollection->match([...], 'user/edit', 'User\\UserController::editProfile')
 3 SYSTEMPATH\Router\RouteCollection.php(339): require('C:\\wamp64\\www\\ci-learn_affix\\app\\Config\\Routes.php')
 4 SYSTEMPATH\CodeIgniter.php(821): CodeIgniter\Router\RouteCollection->loadRoutes()
 5 SYSTEMPATH\CodeIgniter.php(455): CodeIgniter\CodeIgniter->tryToRouteIt(null)
 6 SYSTEMPATH\CodeIgniter.php(354): CodeIgniter\CodeIgniter->handleRequest(null, Object(Config\Cache), false)
 7 SYSTEMPATH\Boot.php(334): CodeIgniter\CodeIgniter->run()
 8 SYSTEMPATH\Boot.php(67): CodeIgniter\Boot::runCodeIgniter(Object(CodeIgniter\CodeIgniter))
 9 FCPATH\index.php(56): CodeIgniter\Boot::bootWeb(Object(Config\Paths))
DEBUG - 2025-04-17 10:14:40 --> Session: Class initialized using 'CodeIgniter\Session\Handlers\FileHandler' driver.
DEBUG - 2025-04-17 10:14:40 --> Session: Class initialized using 'CodeIgniter\Session\Handlers\FileHandler' driver.
WARNING - 2025-04-17 10:14:40 --> [DEPRECATED] Passing lowercase HTTP method "get" is deprecated. Use uppercase HTTP method like "GET". in SYSTEMPATH\Router\RouteCollection.php on line 1026.
 1 SYSTEMPATH\Router\RouteCollection.php(1026): trigger_error('Passing lowercase HTTP method "get" is deprecated. Use uppercase HTTP method like "GET".', 16384)
 2 APPPATH\Config\Routes.php(85): CodeIgniter\Router\RouteCollection->match([...], 'user/edit', 'User\\UserController::editProfile')
 3 SYSTEMPATH\Router\RouteCollection.php(339): require('C:\\wamp64\\www\\ci-learn_affix\\app\\Config\\Routes.php')
 4 SYSTEMPATH\CodeIgniter.php(821): CodeIgniter\Router\RouteCollection->loadRoutes()
 5 SYSTEMPATH\CodeIgniter.php(455): CodeIgniter\CodeIgniter->tryToRouteIt(null)
 6 SYSTEMPATH\CodeIgniter.php(354): CodeIgniter\CodeIgniter->handleRequest(null, Object(Config\Cache), false)
 7 SYSTEMPATH\Boot.php(334): CodeIgniter\CodeIgniter->run()
 8 SYSTEMPATH\Boot.php(67): CodeIgniter\Boot::runCodeIgniter(Object(CodeIgniter\CodeIgniter))
 9 FCPATH\index.php(56): CodeIgniter\Boot::bootWeb(Object(Config\Paths))
WARNING - 2025-04-17 10:14:40 --> [DEPRECATED] Passing lowercase HTTP method "post" is deprecated. Use uppercase HTTP method like "POST". in SYSTEMPATH\Router\RouteCollection.php on line 1026.
 1 SYSTEMPATH\Router\RouteCollection.php(1026): trigger_error('Passing lowercase HTTP method "post" is deprecated. Use uppercase HTTP method like "POST".', 16384)
 2 APPPATH\Config\Routes.php(85): CodeIgniter\Router\RouteCollection->match([...], 'user/edit', 'User\\UserController::editProfile')
 3 SYSTEMPATH\Router\RouteCollection.php(339): require('C:\\wamp64\\www\\ci-learn_affix\\app\\Config\\Routes.php')
 4 SYSTEMPATH\CodeIgniter.php(821): CodeIgniter\Router\RouteCollection->loadRoutes()
 5 SYSTEMPATH\CodeIgniter.php(455): CodeIgniter\CodeIgniter->tryToRouteIt(null)
 6 SYSTEMPATH\CodeIgniter.php(354): CodeIgniter\CodeIgniter->handleRequest(null, Object(Config\Cache), false)
 7 SYSTEMPATH\Boot.php(334): CodeIgniter\CodeIgniter->run()
 8 SYSTEMPATH\Boot.php(67): CodeIgniter\Boot::runCodeIgniter(Object(CodeIgniter\CodeIgniter))
 9 FCPATH\index.php(56): CodeIgniter\Boot::bootWeb(Object(Config\Paths))
DEBUG - 2025-04-17 10:14:49 --> Session: Class initialized using 'CodeIgniter\Session\Handlers\FileHandler' driver.
INFO - 2025-04-17 10:14:49 --> CSRF token verified.
WARNING - 2025-04-17 10:14:49 --> [DEPRECATED] Passing lowercase HTTP method "get" is deprecated. Use uppercase HTTP method like "GET". in SYSTEMPATH\Router\RouteCollection.php on line 1026.
 1 SYSTEMPATH\Router\RouteCollection.php(1026): trigger_error('Passing lowercase HTTP method "get" is deprecated. Use uppercase HTTP method like "GET".', 16384)
 2 APPPATH\Config\Routes.php(85): CodeIgniter\Router\RouteCollection->match([...], 'user/edit', 'User\\UserController::editProfile')
 3 SYSTEMPATH\Router\RouteCollection.php(339): require('C:\\wamp64\\www\\ci-learn_affix\\app\\Config\\Routes.php')
 4 SYSTEMPATH\CodeIgniter.php(821): CodeIgniter\Router\RouteCollection->loadRoutes()
 5 SYSTEMPATH\CodeIgniter.php(455): CodeIgniter\CodeIgniter->tryToRouteIt(null)
 6 SYSTEMPATH\CodeIgniter.php(354): CodeIgniter\CodeIgniter->handleRequest(null, Object(Config\Cache), false)
 7 SYSTEMPATH\Boot.php(334): CodeIgniter\CodeIgniter->run()
 8 SYSTEMPATH\Boot.php(67): CodeIgniter\Boot::runCodeIgniter(Object(CodeIgniter\CodeIgniter))
 9 FCPATH\index.php(56): CodeIgniter\Boot::bootWeb(Object(Config\Paths))
WARNING - 2025-04-17 10:14:49 --> [DEPRECATED] Passing lowercase HTTP method "post" is deprecated. Use uppercase HTTP method like "POST". in SYSTEMPATH\Router\RouteCollection.php on line 1026.
 1 SYSTEMPATH\Router\RouteCollection.php(1026): trigger_error('Passing lowercase HTTP method "post" is deprecated. Use uppercase HTTP method like "POST".', 16384)
 2 APPPATH\Config\Routes.php(85): CodeIgniter\Router\RouteCollection->match([...], 'user/edit', 'User\\UserController::editProfile')
 3 SYSTEMPATH\Router\RouteCollection.php(339): require('C:\\wamp64\\www\\ci-learn_affix\\app\\Config\\Routes.php')
 4 SYSTEMPATH\CodeIgniter.php(821): CodeIgniter\Router\RouteCollection->loadRoutes()
 5 SYSTEMPATH\CodeIgniter.php(455): CodeIgniter\CodeIgniter->tryToRouteIt(null)
 6 SYSTEMPATH\CodeIgniter.php(354): CodeIgniter\CodeIgniter->handleRequest(null, Object(Config\Cache), false)
 7 SYSTEMPATH\Boot.php(334): CodeIgniter\CodeIgniter->run()
 8 SYSTEMPATH\Boot.php(67): CodeIgniter\Boot::runCodeIgniter(Object(CodeIgniter\CodeIgniter))
 9 FCPATH\index.php(56): CodeIgniter\Boot::bootWeb(Object(Config\Paths))
DEBUG - 2025-04-17 10:14:53 --> Session: Class initialized using 'CodeIgniter\Session\Handlers\FileHandler' driver.
WARNING - 2025-04-17 10:14:53 --> [DEPRECATED] Passing lowercase HTTP method "get" is deprecated. Use uppercase HTTP method like "GET". in SYSTEMPATH\Router\RouteCollection.php on line 1026.
 1 SYSTEMPATH\Router\RouteCollection.php(1026): trigger_error('Passing lowercase HTTP method "get" is deprecated. Use uppercase HTTP method like "GET".', 16384)
 2 APPPATH\Config\Routes.php(85): CodeIgniter\Router\RouteCollection->match([...], 'user/edit', 'User\\UserController::editProfile')
 3 SYSTEMPATH\Router\RouteCollection.php(339): require('C:\\wamp64\\www\\ci-learn_affix\\app\\Config\\Routes.php')
 4 SYSTEMPATH\CodeIgniter.php(821): CodeIgniter\Router\RouteCollection->loadRoutes()
 5 SYSTEMPATH\CodeIgniter.php(455): CodeIgniter\CodeIgniter->tryToRouteIt(null)
 6 SYSTEMPATH\CodeIgniter.php(354): CodeIgniter\CodeIgniter->handleRequest(null, Object(Config\Cache), false)
 7 SYSTEMPATH\Boot.php(334): CodeIgniter\CodeIgniter->run()
 8 SYSTEMPATH\Boot.php(67): CodeIgniter\Boot::runCodeIgniter(Object(CodeIgniter\CodeIgniter))
 9 FCPATH\index.php(56): CodeIgniter\Boot::bootWeb(Object(Config\Paths))
WARNING - 2025-04-17 10:14:53 --> [DEPRECATED] Passing lowercase HTTP method "post" is deprecated. Use uppercase HTTP method like "POST". in SYSTEMPATH\Router\RouteCollection.php on line 1026.
 1 SYSTEMPATH\Router\RouteCollection.php(1026): trigger_error('Passing lowercase HTTP method "post" is deprecated. Use uppercase HTTP method like "POST".', 16384)
 2 APPPATH\Config\Routes.php(85): CodeIgniter\Router\RouteCollection->match([...], 'user/edit', 'User\\UserController::editProfile')
 3 SYSTEMPATH\Router\RouteCollection.php(339): require('C:\\wamp64\\www\\ci-learn_affix\\app\\Config\\Routes.php')
 4 SYSTEMPATH\CodeIgniter.php(821): CodeIgniter\Router\RouteCollection->loadRoutes()
 5 SYSTEMPATH\CodeIgniter.php(455): CodeIgniter\CodeIgniter->tryToRouteIt(null)
 6 SYSTEMPATH\CodeIgniter.php(354): CodeIgniter\CodeIgniter->handleRequest(null, Object(Config\Cache), false)
 7 SYSTEMPATH\Boot.php(334): CodeIgniter\CodeIgniter->run()
 8 SYSTEMPATH\Boot.php(67): CodeIgniter\Boot::runCodeIgniter(Object(CodeIgniter\CodeIgniter))
 9 FCPATH\index.php(56): CodeIgniter\Boot::bootWeb(Object(Config\Paths))
DEBUG - 2025-04-17 10:14:54 --> Unsplash API Response for category "Programming": {"id":"vSfk-xRtdcM","slug":"a-laptop-computer-in-a-dark-room-vSfk-xRtdcM","alternative_slugs":{"en":"a-laptop-computer-in-a-dark-room-vSfk-xRtdcM","es":"una-computadora-portatil-en-una-habitacion-oscura-vSfk-xRtdcM","ja":"\u6697\u3044\u90e8\u5c4b\u306e\u30e9\u30c3\u30d7\u30c8\u30c3\u30d7\u30b3\u30f3\u30d4\u30e5\u30fc\u30bf-vSfk-xRtdcM","fr":"un-ordinateur-portable-dans-une-piece-sombre-vSfk-xRtdcM","it":"un-computer-portatile-in-una-stanza-buia-vSfk-xRtdcM","ko":"\uc5b4\ub450\uc6b4-\ubc29\uc5d0\uc788\ub294-\ub178\ud2b8\ubd81-\ucef4\ud4e8\ud130-vSfk-xRtdcM","de":"ein-laptop-in-einem-dunklen-raum-vSfk-xRtdcM","pt":"um-computador-portatil-em-um-quarto-escuro-vSfk-xRtdcM"},"created_at":"2021-06-18T12:47:34Z","updated_at":"2025-04-17T09:33:31Z","promoted_at":null,"width":3888,"height":2592,"color":"#262626","blur_hash":"L23k$fxt0yNuxut7fkof0ybb~B%1","description":null,"alt_description":"a laptop computer in a dark room","breadcrumbs":[],"urls":{"raw":"https:\/\/images.unsplash.com\/photo-1624020399372-ab7d8686b29f?ixid=M3w3Mzg4NTh8MHwxfHJhbmRvbXx8fHx8fHx8fDE3NDQ4ODQ4OTR8&ixlib=rb-4.0.3","full":"https:\/\/images.unsplash.com\/photo-1624020399372-ab7d8686b29f?crop=entropy&cs=srgb&fm=jpg&ixid=M3w3Mzg4NTh8MHwxfHJhbmRvbXx8fHx8fHx8fDE3NDQ4ODQ4OTR8&ixlib=rb-4.0.3&q=85","regular":"https:\/\/images.unsplash.com\/photo-1624020399372-ab7d8686b29f?crop=entropy&cs=tinysrgb&fit=max&fm=jpg&ixid=M3w3Mzg4NTh8MHwxfHJhbmRvbXx8fHx8fHx8fDE3NDQ4ODQ4OTR8&ixlib=rb-4.0.3&q=80&w=1080","small":"https:\/\/images.unsplash.com\/photo-1624020399372-ab7d8686b29f?crop=entropy&cs=tinysrgb&fit=max&fm=jpg&ixid=M3w3Mzg4NTh8MHwxfHJhbmRvbXx8fHx8fHx8fDE3NDQ4ODQ4OTR8&ixlib=rb-4.0.3&q=80&w=400","thumb":"https:\/\/images.unsplash.com\/photo-1624020399372-ab7d8686b29f?crop=entropy&cs=tinysrgb&fit=max&fm=jpg&ixid=M3w3Mzg4NTh8MHwxfHJhbmRvbXx8fHx8fHx8fDE3NDQ4ODQ4OTR8&ixlib=rb-4.0.3&q=80&w=200","small_s3":"https:\/\/s3.us-west-2.amazonaws.com\/images.unsplash.com\/small\/photo-1624020399372-ab7d8686b29f"},"links":{"self":"https:\/\/api.unsplash.com\/photos\/a-laptop-computer-in-a-dark-room-vSfk-xRtdcM","html":"https:\/\/unsplash.com\/photos\/a-laptop-computer-in-a-dark-room-vSfk-xRtdcM","download":"https:\/\/unsplash.com\/photos\/vSfk-xRtdcM\/download?ixid=M3w3Mzg4NTh8MHwxfHJhbmRvbXx8fHx8fHx8fDE3NDQ4ODQ4OTR8","download_location":"https:\/\/api.unsplash.com\/photos\/vSfk-xRtdcM\/download?ixid=M3w3Mzg4NTh8MHwxfHJhbmRvbXx8fHx8fHx8fDE3NDQ4ODQ4OTR8"},"likes":5,"liked_by_user":false,"current_user_collections":[],"sponsorship":null,"topic_submissions":[],"asset_type":"photo","user":{"id":"DkY9oIUw9RA","updated_at":"2024-11-02T10:03:09Z","username":"davidschultz","name":"David Schultz","first_name":"David","last_name":"Schultz","twitter_username":"filmgrvin","portfolio_url":null,"bio":"canon 50mm + 24mm\r\ncontax g1 45mm olympus xa2","location":"Seattle, WA","links":{"self":"https:\/\/api.unsplash.com\/users\/davidschultz","html":"https:\/\/unsplash.com\/@davidschultz","photos":"https:\/\/api.unsplash.com\/users\/davidschultz\/photos","likes":"https:\/\/api.unsplash.com\/users\/davidschultz\/likes","portfolio":"https:\/\/api.unsplash.com\/users\/davidschultz\/portfolio","following":"https:\/\/api.unsplash.com\/users\/davidschultz\/following","followers":"https:\/\/api.unsplash.com\/users\/davidschultz\/followers"},"profile_image":{"small":"https:\/\/images.unsplash.com\/profile-1666549208489-c9d71576d58bimage?ixlib=rb-4.0.3&crop=faces&fit=crop&w=32&h=32","medium":"https:\/\/images.unsplash.com\/profile-1666549208489-c9d71576d58bimage?ixlib=rb-4.0.3&crop=faces&fit=crop&w=64&h=64","large":"https:\/\/images.unsplash.com\/profile-1666549208489-c9d71576d58bimage?ixlib=rb-4.0.3&crop=faces&fit=crop&w=128&h=128"},"instagram_username":"filmgrvin","total_collections":26,"total_likes":1204,"total_photos":381,"total_promoted_photos":25,"total_illustrations":0,"total_promoted_illustrations":0,"accepted_tos":true,"for_hire":false,"social":{"instagram_username":"filmgrvin","portfolio_url":null,"twitter_username":"filmgrvin","paypal_email":null}},"exif":{"make":"Canon","model":"Canon EOS 40D","name":"Canon, EOS 40D","exposure_time":"1\/125","aperture":"1.8","focal_length":"50.0","iso":800},"location":{"name":null,"city":null,"country":null,"position":{"latitude":null,"longitude":null}},"meta":{"index":true},"public_domain":false,"tags":[{"type":"search","title":"programming"},{"type":"search","title":"screens"},{"type":"search","title":"computer"},{"type":"search","title":"furniture"},{"type":"search","title":"table"},{"type":"search","title":"electronics"},{"type":"search","title":"screen"},{"type":"search","title":"monitor"},{"type":"search","title":"display"},{"type":"search","title":"lcd screen"}],"views":91914,"downloads":480,"topics":[]}
DEBUG - 2025-04-17 10:14:54 --> No valid image found for category "Programming"
DEBUG - 2025-04-17 10:14:54 --> Fetched Image URL for category Programming: default-image.jpg
DEBUG - 2025-04-17 10:14:54 --> No valid image found for category Programming
DEBUG - 2025-04-17 10:14:58 --> Unsplash API Response for category "AI & Video": {"id":"cdUV7JITExU","slug":"grey-camera-cdUV7JITExU","alternative_slugs":{"en":"grey-camera-cdUV7JITExU","es":"camara-gris-cdUV7JITExU","ja":"\u7070\u8272\u306e\u30ab\u30e1\u30e9-cdUV7JITExU","fr":"camera-grise-cdUV7JITExU","it":"fotocamera-grigia-cdUV7JITExU","ko":"\ud68c\uc0c9-\uce74\uba54\ub77c-cdUV7JITExU","de":"graue-kamera-cdUV7JITExU","pt":"camera-cinza-cdUV7JITExU"},"created_at":"2019-07-08T15:22:07Z","updated_at":"2025-04-17T06:19:17Z","promoted_at":null,"width":4784,"height":3169,"color":"#262626","blur_hash":"LJBfeH0e%2?H=|NGxbt2acogogWA","description":null,"alt_description":"grey camera","breadcrumbs":[],"urls":{"raw":"https:\/\/images.unsplash.com\/photo-1562599309-d10910c0c8e1?ixid=M3w3Mzg4NTh8MHwxfHJhbmRvbXx8fHx8fHx8fDE3NDQ4ODQ4OTZ8&ixlib=rb-4.0.3","full":"https:\/\/images.unsplash.com\/photo-1562599309-d10910c0c8e1?crop=entropy&cs=srgb&fm=jpg&ixid=M3w3Mzg4NTh8MHwxfHJhbmRvbXx8fHx8fHx8fDE3NDQ4ODQ4OTZ8&ixlib=rb-4.0.3&q=85","regular":"https:\/\/images.unsplash.com\/photo-1562599309-d10910c0c8e1?crop=entropy&cs=tinysrgb&fit=max&fm=jpg&ixid=M3w3Mzg4NTh8MHwxfHJhbmRvbXx8fHx8fHx8fDE3NDQ4ODQ4OTZ8&ixlib=rb-4.0.3&q=80&w=1080","small":"https:\/\/images.unsplash.com\/photo-1562599309-d10910c0c8e1?crop=entropy&cs=tinysrgb&fit=max&fm=jpg&ixid=M3w3Mzg4NTh8MHwxfHJhbmRvbXx8fHx8fHx8fDE3NDQ4ODQ4OTZ8&ixlib=rb-4.0.3&q=80&w=400","thumb":"https:\/\/images.unsplash.com\/photo-1562599309-d10910c0c8e1?crop=entropy&cs=tinysrgb&fit=max&fm=jpg&ixid=M3w3Mzg4NTh8MHwxfHJhbmRvbXx8fHx8fHx8fDE3NDQ4ODQ4OTZ8&ixlib=rb-4.0.3&q=80&w=200","small_s3":"https:\/\/s3.us-west-2.amazonaws.com\/images.unsplash.com\/small\/photo-1562599309-d10910c0c8e1"},"links":{"self":"https:\/\/api.unsplash.com\/photos\/grey-camera-cdUV7JITExU","html":"https:\/\/unsplash.com\/photos\/grey-camera-cdUV7JITExU","download":"https:\/\/unsplash.com\/photos\/cdUV7JITExU\/download?ixid=M3w3Mzg4NTh8MHwxfHJhbmRvbXx8fHx8fHx8fDE3NDQ4ODQ4OTZ8","download_location":"https:\/\/api.unsplash.com\/photos\/cdUV7JITExU\/download?ixid=M3w3Mzg4NTh8MHwxfHJhbmRvbXx8fHx8fHx8fDE3NDQ4ODQ4OTZ8"},"likes":14,"liked_by_user":false,"current_user_collections":[],"sponsorship":null,"topic_submissions":{"technology":{"status":"rejected"}},"asset_type":"photo","user":{"id":"JRCouNg3kBI","updated_at":"2025-04-09T01:21:27Z","username":"sourosouvik","name":"Souro Souvik","first_name":"Souro","last_name":"Souvik","twitter_username":null,"portfolio_url":null,"bio":"Cinema, Art and Architecture","location":null,"links":{"self":"https:\/\/api.unsplash.com\/users\/sourosouvik","html":"https:\/\/unsplash.com\/@sourosouvik","photos":"https:\/\/api.unsplash.com\/users\/sourosouvik\/photos","likes":"https:\/\/api.unsplash.com\/users\/sourosouvik\/likes","portfolio":"https:\/\/api.unsplash.com\/users\/sourosouvik\/portfolio"},"profile_image":{"small":"https:\/\/images.unsplash.com\/profile-1707913327144-f2c993607513image?ixlib=rb-4.0.3&crop=faces&fit=crop&w=32&h=32","medium":"https:\/\/images.unsplash.com\/profile-1707913327144-f2c993607513image?ixlib=rb-4.0.3&crop=faces&fit=crop&w=64&h=64","large":"https:\/\/images.unsplash.com\/profile-1707913327144-f2c993607513image?ixlib=rb-4.0.3&crop=faces&fit=crop&w=128&h=128"},"instagram_username":"souro.souvik","total_collections":7,"total_likes":0,"total_photos":70,"total_promoted_photos":1,"total_illustrations":0,"total_promoted_illustrations":0,"accepted_tos":true,"for_hire":true,"social":{"instagram_username":"souro.souvik","portfolio_url":null,"twitter_username":null,"paypal_email":null}},"exif":{"make":"NIKON CORPORATION","model":"NIKON D7000","name":"NIKON CORPORATION, NIKON D7000","exposure_time":"1\/250","aperture":"3.2","focal_length":"50.0","iso":400},"location":{"name":null,"city":null,"country":null,"position":{"latitude":null,"longitude":null}},"meta":{"index":true},"public_domain":false,"tags":[{"type":"search","title":"video"},{"type":"search","title":"camera"},{"type":"search","title":"video camera"},{"type":"search","title":"electronics"},{"type":"search","title":"digital camera"}],"views":110217,"downloads":273,"topics":[]}
DEBUG - 2025-04-17 10:14:58 --> No valid image found for category "AI & Video"
DEBUG - 2025-04-17 10:14:58 --> Fetched Image URL for category AI & Video: default-image.jpg
DEBUG - 2025-04-17 10:14:58 --> No valid image found for category AI & Video
DEBUG - 2025-04-17 10:15:02 --> Unsplash API Response for category "Cybersecurity": {"id":"2qd9noyeuRE","slug":"a-close-up-of-a-persons-face-in-front-of-a-computer-screen-2qd9noyeuRE","alternative_slugs":{"en":"a-close-up-of-a-persons-face-in-front-of-a-computer-screen-2qd9noyeuRE","es":"un-primer-plano-de-la-cara-de-una-persona-frente-a-la-pantalla-de-una-computadora-2qd9noyeuRE","ja":"\u30b3\u30f3\u30d4\u30e5\u30fc\u30bf\u30fc\u753b\u9762\u306e\u524d\u306e\u4eba\u306e\u9854\u306e\u30af\u30ed\u30fc\u30ba\u30a2\u30c3\u30d7-2qd9noyeuRE","fr":"gros-plan-du-visage-dune-personne-devant-un-ecran-dordinateur-2qd9noyeuRE","it":"un-primo-piano-del-volto-di-una-persona-davanti-allo-schermo-di-un-computer-2qd9noyeuRE","ko":"\ucef4\ud4e8\ud130-\ud654\uba74-\uc55e\uc5d0\uc11c-\uc0ac\ub78c\uc758-\uc5bc\uad74\uc744-\ud074\ub85c\uc988\uc5c5\ud558\ub294-\uac83-2qd9noyeuRE","de":"eine-nahaufnahme-des-gesichts-einer-person-vor-einem-computerbildschirm-2qd9noyeuRE","pt":"um-close-up-do-rosto-de-uma-pessoa-em-frente-a-uma-tela-de-computador-2qd9noyeuRE"},"created_at":"2019-11-05T20:17:53Z","updated_at":"2025-04-17T06:24:23Z","promoted_at":null,"width":3104,"height":4722,"color":"#262626","blur_hash":"L87nap~q?b?H?b?b?a-:xbxv%Mxu","description":null,"alt_description":"a close up of a person's face in front of a computer screen","breadcrumbs":[],"urls":{"raw":"https:\/\/images.unsplash.com\/photo-1572985025310-cc8cafbbf394?ixid=M3w3Mzg4NTh8MHwxfHJhbmRvbXx8fHx8fHx8fDE3NDQ4ODQ5MDF8&ixlib=rb-4.0.3","full":"https:\/\/images.unsplash.com\/photo-1572985025310-cc8cafbbf394?crop=entropy&cs=srgb&fm=jpg&ixid=M3w3Mzg4NTh8MHwxfHJhbmRvbXx8fHx8fHx8fDE3NDQ4ODQ5MDF8&ixlib=rb-4.0.3&q=85","regular":"https:\/\/images.unsplash.com\/photo-1572985025310-cc8cafbbf394?crop=entropy&cs=tinysrgb&fit=max&fm=jpg&ixid=M3w3Mzg4NTh8MHwxfHJhbmRvbXx8fHx8fHx8fDE3NDQ4ODQ5MDF8&ixlib=rb-4.0.3&q=80&w=1080","small":"https:\/\/images.unsplash.com\/photo-1572985025310-cc8cafbbf394?crop=entropy&cs=tinysrgb&fit=max&fm=jpg&ixid=M3w3Mzg4NTh8MHwxfHJhbmRvbXx8fHx8fHx8fDE3NDQ4ODQ5MDF8&ixlib=rb-4.0.3&q=80&w=400","thumb":"https:\/\/images.unsplash.com\/photo-1572985025310-cc8cafbbf394?crop=entropy&cs=tinysrgb&fit=max&fm=jpg&ixid=M3w3Mzg4NTh8MHwxfHJhbmRvbXx8fHx8fHx8fDE3NDQ4ODQ5MDF8&ixlib=rb-4.0.3&q=80&w=200","small_s3":"https:\/\/s3.us-west-2.amazonaws.com\/images.unsplash.com\/small\/photo-1572985025310-cc8cafbbf394"},"links":{"self":"https:\/\/api.unsplash.com\/photos\/a-close-up-of-a-persons-face-in-front-of-a-computer-screen-2qd9noyeuRE","html":"https:\/\/unsplash.com\/photos\/a-close-up-of-a-persons-face-in-front-of-a-computer-screen-2qd9noyeuRE","download":"https:\/\/unsplash.com\/photos\/2qd9noyeuRE\/download?ixid=M3w3Mzg4NTh8MHwxfHJhbmRvbXx8fHx8fHx8fDE3NDQ4ODQ5MDF8","download_location":"https:\/\/api.unsplash.com\/photos\/2qd9noyeuRE\/download?ixid=M3w3Mzg4NTh8MHwxfHJhbmRvbXx8fHx8fHx8fDE3NDQ4ODQ5MDF8"},"likes":75,"liked_by_user":false,"current_user_collections":[],"sponsorship":null,"topic_submissions":[],"asset_type":"photo","user":{"id":"c2sAAE9BXrY","updated_at":"2025-04-17T03:26:31Z","username":"sigmund","name":"Sigmund","first_name":"Sigmund","last_name":null,"twitter_username":null,"portfolio_url":"https:\/\/sigmund.ca","bio":"Sigmund r\u00e9alise des solutions num\u00e9riques qui font la diff\u00e9rence. onvousecoute@sigmund.ca","location":"Quebec, Canada","links":{"self":"https:\/\/api.unsplash.com\/users\/sigmund","html":"https:\/\/unsplash.com\/@sigmund","photos":"https:\/\/api.unsplash.com\/users\/sigmund\/photos","likes":"https:\/\/api.unsplash.com\/users\/sigmund\/likes","portfolio":"https:\/\/api.unsplash.com\/users\/sigmund\/portfolio"},"profile_image":{"small":"https:\/\/images.unsplash.com\/profile-1726603509690-4aa8044aa417image?ixlib=rb-4.0.3&crop=faces&fit=crop&w=32&h=32","medium":"https:\/\/images.unsplash.com\/profile-1726603509690-4aa8044aa417image?ixlib=rb-4.0.3&crop=faces&fit=crop&w=64&h=64","large":"https:\/\/images.unsplash.com\/profile-1726603509690-4aa8044aa417image?ixlib=rb-4.0.3&crop=faces&fit=crop&w=128&h=128"},"instagram_username":"sig__mund","total_collections":31,"total_likes":810,"total_photos":2478,"total_promoted_photos":41,"total_illustrations":143,"total_promoted_illustrations":4,"accepted_tos":true,"for_hire":false,"social":{"instagram_username":"sig__mund","portfolio_url":"https:\/\/sigmund.ca","twitter_username":null,"paypal_email":null}},"exif":{"make":"Canon","model":"Canon EOS REBEL SL1","name":"Canon, EOS REBEL SL1","exposure_time":"1\/250","aperture":"5.6","focal_length":"300.0","iso":6400},"location":{"name":"Sigmund, Boulevard Charest Est, Qu\u00e9bec, QC, Canada","city":"Qu\u00e9bec","country":"Canada","position":{"latitude":46.8117312,"longitude":-71.2289048}},"meta":{"index":true},"public_domain":false,"tags":[{"type":"search","title":"grey"},{"type":"search","title":"canada"},{"type":"search","title":"text"},{"type":"search","title":"menu"},{"type":"search","title":"sigmund"}],"views":2076671,"downloads":21528,"topics":[]}
DEBUG - 2025-04-17 10:15:02 --> No valid image found for category "Cybersecurity"
DEBUG - 2025-04-17 10:15:02 --> Fetched Image URL for category Cybersecurity: default-image.jpg
DEBUG - 2025-04-17 10:15:02 --> No valid image found for category Cybersecurity
DEBUG - 2025-04-17 10:15:02 --> Session: Class initialized using 'CodeIgniter\Session\Handlers\FileHandler' driver.
WARNING - 2025-04-17 10:15:02 --> [DEPRECATED] Passing lowercase HTTP method "get" is deprecated. Use uppercase HTTP method like "GET". in SYSTEMPATH\Router\RouteCollection.php on line 1026.
 1 SYSTEMPATH\Router\RouteCollection.php(1026): trigger_error('Passing lowercase HTTP method "get" is deprecated. Use uppercase HTTP method like "GET".', 16384)
 2 APPPATH\Config\Routes.php(85): CodeIgniter\Router\RouteCollection->match([...], 'user/edit', 'User\\UserController::editProfile')
 3 SYSTEMPATH\Router\RouteCollection.php(339): require('C:\\wamp64\\www\\ci-learn_affix\\app\\Config\\Routes.php')
 4 SYSTEMPATH\CodeIgniter.php(821): CodeIgniter\Router\RouteCollection->loadRoutes()
 5 SYSTEMPATH\CodeIgniter.php(455): CodeIgniter\CodeIgniter->tryToRouteIt(null)
 6 SYSTEMPATH\CodeIgniter.php(354): CodeIgniter\CodeIgniter->handleRequest(null, Object(Config\Cache), false)
 7 SYSTEMPATH\Boot.php(334): CodeIgniter\CodeIgniter->run()
 8 SYSTEMPATH\Boot.php(67): CodeIgniter\Boot::runCodeIgniter(Object(CodeIgniter\CodeIgniter))
 9 FCPATH\index.php(56): CodeIgniter\Boot::bootWeb(Object(Config\Paths))
WARNING - 2025-04-17 10:15:02 --> [DEPRECATED] Passing lowercase HTTP method "post" is deprecated. Use uppercase HTTP method like "POST". in SYSTEMPATH\Router\RouteCollection.php on line 1026.
 1 SYSTEMPATH\Router\RouteCollection.php(1026): trigger_error('Passing lowercase HTTP method "post" is deprecated. Use uppercase HTTP method like "POST".', 16384)
 2 APPPATH\Config\Routes.php(85): CodeIgniter\Router\RouteCollection->match([...], 'user/edit', 'User\\UserController::editProfile')
 3 SYSTEMPATH\Router\RouteCollection.php(339): require('C:\\wamp64\\www\\ci-learn_affix\\app\\Config\\Routes.php')
 4 SYSTEMPATH\CodeIgniter.php(821): CodeIgniter\Router\RouteCollection->loadRoutes()
 5 SYSTEMPATH\CodeIgniter.php(455): CodeIgniter\CodeIgniter->tryToRouteIt(null)
 6 SYSTEMPATH\CodeIgniter.php(354): CodeIgniter\CodeIgniter->handleRequest(null, Object(Config\Cache), false)
 7 SYSTEMPATH\Boot.php(334): CodeIgniter\CodeIgniter->run()
 8 SYSTEMPATH\Boot.php(67): CodeIgniter\Boot::runCodeIgniter(Object(CodeIgniter\CodeIgniter))
 9 FCPATH\index.php(56): CodeIgniter\Boot::bootWeb(Object(Config\Paths))
DEBUG - 2025-04-17 10:15:02 --> Session: Class initialized using 'CodeIgniter\Session\Handlers\FileHandler' driver.
WARNING - 2025-04-17 10:15:02 --> [DEPRECATED] Passing lowercase HTTP method "get" is deprecated. Use uppercase HTTP method like "GET". in SYSTEMPATH\Router\RouteCollection.php on line 1026.
 1 SYSTEMPATH\Router\RouteCollection.php(1026): trigger_error('Passing lowercase HTTP method "get" is deprecated. Use uppercase HTTP method like "GET".', 16384)
 2 APPPATH\Config\Routes.php(85): CodeIgniter\Router\RouteCollection->match([...], 'user/edit', 'User\\UserController::editProfile')
 3 SYSTEMPATH\Router\RouteCollection.php(339): require('C:\\wamp64\\www\\ci-learn_affix\\app\\Config\\Routes.php')
 4 SYSTEMPATH\CodeIgniter.php(821): CodeIgniter\Router\RouteCollection->loadRoutes()
 5 SYSTEMPATH\CodeIgniter.php(455): CodeIgniter\CodeIgniter->tryToRouteIt(null)
 6 SYSTEMPATH\CodeIgniter.php(354): CodeIgniter\CodeIgniter->handleRequest(null, Object(Config\Cache), false)
 7 SYSTEMPATH\Boot.php(334): CodeIgniter\CodeIgniter->run()
 8 SYSTEMPATH\Boot.php(67): CodeIgniter\Boot::runCodeIgniter(Object(CodeIgniter\CodeIgniter))
 9 FCPATH\index.php(56): CodeIgniter\Boot::bootWeb(Object(Config\Paths))
WARNING - 2025-04-17 10:15:02 --> [DEPRECATED] Passing lowercase HTTP method "post" is deprecated. Use uppercase HTTP method like "POST". in SYSTEMPATH\Router\RouteCollection.php on line 1026.
 1 SYSTEMPATH\Router\RouteCollection.php(1026): trigger_error('Passing lowercase HTTP method "post" is deprecated. Use uppercase HTTP method like "POST".', 16384)
 2 APPPATH\Config\Routes.php(85): CodeIgniter\Router\RouteCollection->match([...], 'user/edit', 'User\\UserController::editProfile')
 3 SYSTEMPATH\Router\RouteCollection.php(339): require('C:\\wamp64\\www\\ci-learn_affix\\app\\Config\\Routes.php')
 4 SYSTEMPATH\CodeIgniter.php(821): CodeIgniter\Router\RouteCollection->loadRoutes()
 5 SYSTEMPATH\CodeIgniter.php(455): CodeIgniter\CodeIgniter->tryToRouteIt(null)
 6 SYSTEMPATH\CodeIgniter.php(354): CodeIgniter\CodeIgniter->handleRequest(null, Object(Config\Cache), false)
 7 SYSTEMPATH\Boot.php(334): CodeIgniter\CodeIgniter->run()
 8 SYSTEMPATH\Boot.php(67): CodeIgniter\Boot::runCodeIgniter(Object(CodeIgniter\CodeIgniter))
 9 FCPATH\index.php(56): CodeIgniter\Boot::bootWeb(Object(Config\Paths))
DEBUG - 2025-04-17 10:15:02 --> Session: Class initialized using 'CodeIgniter\Session\Handlers\FileHandler' driver.
WARNING - 2025-04-17 10:15:02 --> [DEPRECATED] Passing lowercase HTTP method "get" is deprecated. Use uppercase HTTP method like "GET". in SYSTEMPATH\Router\RouteCollection.php on line 1026.
 1 SYSTEMPATH\Router\RouteCollection.php(1026): trigger_error('Passing lowercase HTTP method "get" is deprecated. Use uppercase HTTP method like "GET".', 16384)
 2 APPPATH\Config\Routes.php(85): CodeIgniter\Router\RouteCollection->match([...], 'user/edit', 'User\\UserController::editProfile')
 3 SYSTEMPATH\Router\RouteCollection.php(339): require('C:\\wamp64\\www\\ci-learn_affix\\app\\Config\\Routes.php')
 4 SYSTEMPATH\CodeIgniter.php(821): CodeIgniter\Router\RouteCollection->loadRoutes()
 5 SYSTEMPATH\CodeIgniter.php(455): CodeIgniter\CodeIgniter->tryToRouteIt(null)
 6 SYSTEMPATH\CodeIgniter.php(354): CodeIgniter\CodeIgniter->handleRequest(null, Object(Config\Cache), false)
 7 SYSTEMPATH\Boot.php(334): CodeIgniter\CodeIgniter->run()
 8 SYSTEMPATH\Boot.php(67): CodeIgniter\Boot::runCodeIgniter(Object(CodeIgniter\CodeIgniter))
 9 FCPATH\index.php(56): CodeIgniter\Boot::bootWeb(Object(Config\Paths))
WARNING - 2025-04-17 10:15:02 --> [DEPRECATED] Passing lowercase HTTP method "post" is deprecated. Use uppercase HTTP method like "POST". in SYSTEMPATH\Router\RouteCollection.php on line 1026.
 1 SYSTEMPATH\Router\RouteCollection.php(1026): trigger_error('Passing lowercase HTTP method "post" is deprecated. Use uppercase HTTP method like "POST".', 16384)
 2 APPPATH\Config\Routes.php(85): CodeIgniter\Router\RouteCollection->match([...], 'user/edit', 'User\\UserController::editProfile')
 3 SYSTEMPATH\Router\RouteCollection.php(339): require('C:\\wamp64\\www\\ci-learn_affix\\app\\Config\\Routes.php')
 4 SYSTEMPATH\CodeIgniter.php(821): CodeIgniter\Router\RouteCollection->loadRoutes()
 5 SYSTEMPATH\CodeIgniter.php(455): CodeIgniter\CodeIgniter->tryToRouteIt(null)
 6 SYSTEMPATH\CodeIgniter.php(354): CodeIgniter\CodeIgniter->handleRequest(null, Object(Config\Cache), false)
 7 SYSTEMPATH\Boot.php(334): CodeIgniter\CodeIgniter->run()
 8 SYSTEMPATH\Boot.php(67): CodeIgniter\Boot::runCodeIgniter(Object(CodeIgniter\CodeIgniter))
 9 FCPATH\index.php(56): CodeIgniter\Boot::bootWeb(Object(Config\Paths))
DEBUG - 2025-04-17 10:15:02 --> Session: Class initialized using 'CodeIgniter\Session\Handlers\FileHandler' driver.
WARNING - 2025-04-17 10:15:03 --> [DEPRECATED] Passing lowercase HTTP method "get" is deprecated. Use uppercase HTTP method like "GET". in SYSTEMPATH\Router\RouteCollection.php on line 1026.
 1 SYSTEMPATH\Router\RouteCollection.php(1026): trigger_error('Passing lowercase HTTP method "get" is deprecated. Use uppercase HTTP method like "GET".', 16384)
 2 APPPATH\Config\Routes.php(85): CodeIgniter\Router\RouteCollection->match([...], 'user/edit', 'User\\UserController::editProfile')
 3 SYSTEMPATH\Router\RouteCollection.php(339): require('C:\\wamp64\\www\\ci-learn_affix\\app\\Config\\Routes.php')
 4 SYSTEMPATH\CodeIgniter.php(821): CodeIgniter\Router\RouteCollection->loadRoutes()
 5 SYSTEMPATH\CodeIgniter.php(455): CodeIgniter\CodeIgniter->tryToRouteIt(null)
 6 SYSTEMPATH\CodeIgniter.php(354): CodeIgniter\CodeIgniter->handleRequest(null, Object(Config\Cache), false)
 7 SYSTEMPATH\Boot.php(334): CodeIgniter\CodeIgniter->run()
 8 SYSTEMPATH\Boot.php(67): CodeIgniter\Boot::runCodeIgniter(Object(CodeIgniter\CodeIgniter))
 9 FCPATH\index.php(56): CodeIgniter\Boot::bootWeb(Object(Config\Paths))
WARNING - 2025-04-17 10:15:03 --> [DEPRECATED] Passing lowercase HTTP method "post" is deprecated. Use uppercase HTTP method like "POST". in SYSTEMPATH\Router\RouteCollection.php on line 1026.
 1 SYSTEMPATH\Router\RouteCollection.php(1026): trigger_error('Passing lowercase HTTP method "post" is deprecated. Use uppercase HTTP method like "POST".', 16384)
 2 APPPATH\Config\Routes.php(85): CodeIgniter\Router\RouteCollection->match([...], 'user/edit', 'User\\UserController::editProfile')
 3 SYSTEMPATH\Router\RouteCollection.php(339): require('C:\\wamp64\\www\\ci-learn_affix\\app\\Config\\Routes.php')
 4 SYSTEMPATH\CodeIgniter.php(821): CodeIgniter\Router\RouteCollection->loadRoutes()
 5 SYSTEMPATH\CodeIgniter.php(455): CodeIgniter\CodeIgniter->tryToRouteIt(null)
 6 SYSTEMPATH\CodeIgniter.php(354): CodeIgniter\CodeIgniter->handleRequest(null, Object(Config\Cache), false)
 7 SYSTEMPATH\Boot.php(334): CodeIgniter\CodeIgniter->run()
 8 SYSTEMPATH\Boot.php(67): CodeIgniter\Boot::runCodeIgniter(Object(CodeIgniter\CodeIgniter))
 9 FCPATH\index.php(56): CodeIgniter\Boot::bootWeb(Object(Config\Paths))
DEBUG - 2025-04-17 10:15:03 --> Session: Class initialized using 'CodeIgniter\Session\Handlers\FileHandler' driver.
DEBUG - 2025-04-17 10:15:03 --> Session: Class initialized using 'CodeIgniter\Session\Handlers\FileHandler' driver.
WARNING - 2025-04-17 10:15:03 --> [DEPRECATED] Passing lowercase HTTP method "get" is deprecated. Use uppercase HTTP method like "GET". in SYSTEMPATH\Router\RouteCollection.php on line 1026.
 1 SYSTEMPATH\Router\RouteCollection.php(1026): trigger_error('Passing lowercase HTTP method "get" is deprecated. Use uppercase HTTP method like "GET".', 16384)
 2 APPPATH\Config\Routes.php(85): CodeIgniter\Router\RouteCollection->match([...], 'user/edit', 'User\\UserController::editProfile')
 3 SYSTEMPATH\Router\RouteCollection.php(339): require('C:\\wamp64\\www\\ci-learn_affix\\app\\Config\\Routes.php')
 4 SYSTEMPATH\CodeIgniter.php(821): CodeIgniter\Router\RouteCollection->loadRoutes()
 5 SYSTEMPATH\CodeIgniter.php(455): CodeIgniter\CodeIgniter->tryToRouteIt(null)
 6 SYSTEMPATH\CodeIgniter.php(354): CodeIgniter\CodeIgniter->handleRequest(null, Object(Config\Cache), false)
 7 SYSTEMPATH\Boot.php(334): CodeIgniter\CodeIgniter->run()
 8 SYSTEMPATH\Boot.php(67): CodeIgniter\Boot::runCodeIgniter(Object(CodeIgniter\CodeIgniter))
 9 FCPATH\index.php(56): CodeIgniter\Boot::bootWeb(Object(Config\Paths))
WARNING - 2025-04-17 10:15:03 --> [DEPRECATED] Passing lowercase HTTP method "post" is deprecated. Use uppercase HTTP method like "POST". in SYSTEMPATH\Router\RouteCollection.php on line 1026.
 1 SYSTEMPATH\Router\RouteCollection.php(1026): trigger_error('Passing lowercase HTTP method "post" is deprecated. Use uppercase HTTP method like "POST".', 16384)
 2 APPPATH\Config\Routes.php(85): CodeIgniter\Router\RouteCollection->match([...], 'user/edit', 'User\\UserController::editProfile')
 3 SYSTEMPATH\Router\RouteCollection.php(339): require('C:\\wamp64\\www\\ci-learn_affix\\app\\Config\\Routes.php')
 4 SYSTEMPATH\CodeIgniter.php(821): CodeIgniter\Router\RouteCollection->loadRoutes()
 5 SYSTEMPATH\CodeIgniter.php(455): CodeIgniter\CodeIgniter->tryToRouteIt(null)
 6 SYSTEMPATH\CodeIgniter.php(354): CodeIgniter\CodeIgniter->handleRequest(null, Object(Config\Cache), false)
 7 SYSTEMPATH\Boot.php(334): CodeIgniter\CodeIgniter->run()
 8 SYSTEMPATH\Boot.php(67): CodeIgniter\Boot::runCodeIgniter(Object(CodeIgniter\CodeIgniter))
 9 FCPATH\index.php(56): CodeIgniter\Boot::bootWeb(Object(Config\Paths))
WARNING - 2025-04-17 10:15:51 --> [DEPRECATED] Passing lowercase HTTP method "get" is deprecated. Use uppercase HTTP method like "GET". in SYSTEMPATH\Router\RouteCollection.php on line 1026.
 1 SYSTEMPATH\Router\RouteCollection.php(1026): trigger_error('Passing lowercase HTTP method "get" is deprecated. Use uppercase HTTP method like "GET".', 16384)
 2 APPPATH\Config\Routes.php(85): CodeIgniter\Router\RouteCollection->match([...], 'user/edit', 'User\\UserController::editProfile')
 3 SYSTEMPATH\Router\RouteCollection.php(339): require('C:\\wamp64\\www\\ci-learn_affix\\app\\Config\\Routes.php')
 4 SYSTEMPATH\CLI\Console.php(41): CodeIgniter\Router\RouteCollection->loadRoutes()
 5 SYSTEMPATH\Boot.php(360): CodeIgniter\CLI\Console->run()
 6 SYSTEMPATH\Boot.php(104): CodeIgniter\Boot::runCommand(Object(CodeIgniter\CLI\Console))
 7 ROOTPATH\spark(84): CodeIgniter\Boot::bootSpark(Object(Config\Paths))
WARNING - 2025-04-17 10:15:51 --> [DEPRECATED] Passing lowercase HTTP method "post" is deprecated. Use uppercase HTTP method like "POST". in SYSTEMPATH\Router\RouteCollection.php on line 1026.
 1 SYSTEMPATH\Router\RouteCollection.php(1026): trigger_error('Passing lowercase HTTP method "post" is deprecated. Use uppercase HTTP method like "POST".', 16384)
 2 APPPATH\Config\Routes.php(85): CodeIgniter\Router\RouteCollection->match([...], 'user/edit', 'User\\UserController::editProfile')
 3 SYSTEMPATH\Router\RouteCollection.php(339): require('C:\\wamp64\\www\\ci-learn_affix\\app\\Config\\Routes.php')
 4 SYSTEMPATH\CLI\Console.php(41): CodeIgniter\Router\RouteCollection->loadRoutes()
 5 SYSTEMPATH\Boot.php(360): CodeIgniter\CLI\Console->run()
 6 SYSTEMPATH\Boot.php(104): CodeIgniter\Boot::runCommand(Object(CodeIgniter\CLI\Console))
 7 ROOTPATH\spark(84): CodeIgniter\Boot::bootSpark(Object(Config\Paths))
DEBUG - 2025-04-17 10:22:02 --> Session: Class initialized using 'CodeIgniter\Session\Handlers\FileHandler' driver.
WARNING - 2025-04-17 10:22:02 --> [DEPRECATED] Passing lowercase HTTP method "get" is deprecated. Use uppercase HTTP method like "GET". in SYSTEMPATH\Router\RouteCollection.php on line 1026.
 1 SYSTEMPATH\Router\RouteCollection.php(1026): trigger_error('Passing lowercase HTTP method "get" is deprecated. Use uppercase HTTP method like "GET".', 16384)
 2 APPPATH\Config\Routes.php(85): CodeIgniter\Router\RouteCollection->match([...], 'user/edit', 'User\\UserController::editProfile')
 3 SYSTEMPATH\Router\RouteCollection.php(339): require('C:\\wamp64\\www\\ci-learn_affix\\app\\Config\\Routes.php')
 4 SYSTEMPATH\CodeIgniter.php(821): CodeIgniter\Router\RouteCollection->loadRoutes()
 5 SYSTEMPATH\CodeIgniter.php(455): CodeIgniter\CodeIgniter->tryToRouteIt(null)
 6 SYSTEMPATH\CodeIgniter.php(354): CodeIgniter\CodeIgniter->handleRequest(null, Object(Config\Cache), false)
 7 SYSTEMPATH\Boot.php(334): CodeIgniter\CodeIgniter->run()
 8 SYSTEMPATH\Boot.php(67): CodeIgniter\Boot::runCodeIgniter(Object(CodeIgniter\CodeIgniter))
 9 FCPATH\index.php(56): CodeIgniter\Boot::bootWeb(Object(Config\Paths))
WARNING - 2025-04-17 10:22:02 --> [DEPRECATED] Passing lowercase HTTP method "post" is deprecated. Use uppercase HTTP method like "POST". in SYSTEMPATH\Router\RouteCollection.php on line 1026.
 1 SYSTEMPATH\Router\RouteCollection.php(1026): trigger_error('Passing lowercase HTTP method "post" is deprecated. Use uppercase HTTP method like "POST".', 16384)
 2 APPPATH\Config\Routes.php(85): CodeIgniter\Router\RouteCollection->match([...], 'user/edit', 'User\\UserController::editProfile')
 3 SYSTEMPATH\Router\RouteCollection.php(339): require('C:\\wamp64\\www\\ci-learn_affix\\app\\Config\\Routes.php')
 4 SYSTEMPATH\CodeIgniter.php(821): CodeIgniter\Router\RouteCollection->loadRoutes()
 5 SYSTEMPATH\CodeIgniter.php(455): CodeIgniter\CodeIgniter->tryToRouteIt(null)
 6 SYSTEMPATH\CodeIgniter.php(354): CodeIgniter\CodeIgniter->handleRequest(null, Object(Config\Cache), false)
 7 SYSTEMPATH\Boot.php(334): CodeIgniter\CodeIgniter->run()
 8 SYSTEMPATH\Boot.php(67): CodeIgniter\Boot::runCodeIgniter(Object(CodeIgniter\CodeIgniter))
 9 FCPATH\index.php(56): CodeIgniter\Boot::bootWeb(Object(Config\Paths))
DEBUG - 2025-04-17 10:22:04 --> Unsplash API Response for category "Programming": {"id":"6LIqs_kKu3c","slug":"black-flat-screen-computer-monitor-6LIqs_kKu3c","alternative_slugs":{"en":"black-flat-screen-computer-monitor-6LIqs_kKu3c","es":"monitor-de-computadora-de-pantalla-plana-negro-6LIqs_kKu3c","ja":"\u9ed2\u306e\u30d5\u30e9\u30c3\u30c8\u30b9\u30af\u30ea\u30fc\u30f3\u30b3\u30f3\u30d4\u30e5\u30fc\u30bf\u30fc\u30e2\u30cb\u30bf\u30fc-6LIqs_kKu3c","fr":"ecran-plat-noir-ecran-dordinateur-6LIqs_kKu3c","it":"monitor-per-computer-a-schermo-piatto-nero-6LIqs_kKu3c","ko":"\ube14\ub799-\ud3c9\uba74-\uc2a4\ud06c\ub9b0-\ucef4\ud4e8\ud130-\ubaa8\ub2c8\ud130-6LIqs_kKu3c","de":"schwarzer-flachbildschirm-6LIqs_kKu3c","pt":"monitor-de-computador-de-tela-plana-preta-6LIqs_kKu3c"},"created_at":"2020-12-12T03:25:18Z","updated_at":"2025-04-17T09:21:28Z","promoted_at":"2020-12-12T09:23:18Z","width":2592,"height":3888,"color":"#262626","blur_hash":"L35;j*xJjJEd^9xIbINY0{ofX7xa","description":null,"alt_description":"black flat screen computer monitor","breadcrumbs":[],"urls":{"raw":"https:\/\/images.unsplash.com\/photo-1607743386830-f198fbd7f9c4?ixid=M3w3Mzg4NTh8MHwxfHJhbmRvbXx8fHx8fHx8fDE3NDQ4ODUzMjR8&ixlib=rb-4.0.3","full":"https:\/\/images.unsplash.com\/photo-1607743386830-f198fbd7f9c4?crop=entropy&cs=srgb&fm=jpg&ixid=M3w3Mzg4NTh8MHwxfHJhbmRvbXx8fHx8fHx8fDE3NDQ4ODUzMjR8&ixlib=rb-4.0.3&q=85","regular":"https:\/\/images.unsplash.com\/photo-1607743386830-f198fbd7f9c4?crop=entropy&cs=tinysrgb&fit=max&fm=jpg&ixid=M3w3Mzg4NTh8MHwxfHJhbmRvbXx8fHx8fHx8fDE3NDQ4ODUzMjR8&ixlib=rb-4.0.3&q=80&w=1080","small":"https:\/\/images.unsplash.com\/photo-1607743386830-f198fbd7f9c4?crop=entropy&cs=tinysrgb&fit=max&fm=jpg&ixid=M3w3Mzg4NTh8MHwxfHJhbmRvbXx8fHx8fHx8fDE3NDQ4ODUzMjR8&ixlib=rb-4.0.3&q=80&w=400","thumb":"https:\/\/images.unsplash.com\/photo-1607743386830-f198fbd7f9c4?crop=entropy&cs=tinysrgb&fit=max&fm=jpg&ixid=M3w3Mzg4NTh8MHwxfHJhbmRvbXx8fHx8fHx8fDE3NDQ4ODUzMjR8&ixlib=rb-4.0.3&q=80&w=200","small_s3":"https:\/\/s3.us-west-2.amazonaws.com\/images.unsplash.com\/small\/photo-1607743386830-f198fbd7f9c4"},"links":{"self":"https:\/\/api.unsplash.com\/photos\/black-flat-screen-computer-monitor-6LIqs_kKu3c","html":"https:\/\/unsplash.com\/photos\/black-flat-screen-computer-monitor-6LIqs_kKu3c","download":"https:\/\/unsplash.com\/photos\/6LIqs_kKu3c\/download?ixid=M3w3Mzg4NTh8MHwxfHJhbmRvbXx8fHx8fHx8fDE3NDQ4ODUzMjR8","download_location":"https:\/\/api.unsplash.com\/photos\/6LIqs_kKu3c\/download?ixid=M3w3Mzg4NTh8MHwxfHJhbmRvbXx8fHx8fHx8fDE3NDQ4ODUzMjR8"},"likes":107,"liked_by_user":false,"current_user_collections":[],"sponsorship":null,"topic_submissions":[],"asset_type":"photo","user":{"id":"DkY9oIUw9RA","updated_at":"2024-11-02T10:03:09Z","username":"davidschultz","name":"David Schultz","first_name":"David","last_name":"Schultz","twitter_username":"filmgrvin","portfolio_url":null,"bio":"canon 50mm + 24mm\r\ncontax g1 45mm olympus xa2","location":"Seattle, WA","links":{"self":"https:\/\/api.unsplash.com\/users\/davidschultz","html":"https:\/\/unsplash.com\/@davidschultz","photos":"https:\/\/api.unsplash.com\/users\/davidschultz\/photos","likes":"https:\/\/api.unsplash.com\/users\/davidschultz\/likes","portfolio":"https:\/\/api.unsplash.com\/users\/davidschultz\/portfolio","following":"https:\/\/api.unsplash.com\/users\/davidschultz\/following","followers":"https:\/\/api.unsplash.com\/users\/davidschultz\/followers"},"profile_image":{"small":"https:\/\/images.unsplash.com\/profile-1666549208489-c9d71576d58bimage?ixlib=rb-4.0.3&crop=faces&fit=crop&w=32&h=32","medium":"https:\/\/images.unsplash.com\/profile-1666549208489-c9d71576d58bimage?ixlib=rb-4.0.3&crop=faces&fit=crop&w=64&h=64","large":"https:\/\/images.unsplash.com\/profile-1666549208489-c9d71576d58bimage?ixlib=rb-4.0.3&crop=faces&fit=crop&w=128&h=128"},"instagram_username":"filmgrvin","total_collections":26,"total_likes":1204,"total_photos":381,"total_promoted_photos":25,"total_illustrations":0,"total_promoted_illustrations":0,"accepted_tos":true,"for_hire":false,"social":{"instagram_username":"filmgrvin","portfolio_url":null,"twitter_username":"filmgrvin","paypal_email":null}},"exif":{"make":"Canon","model":"Canon EOS 40D","name":"Canon, EOS 40D","exposure_time":"1\/160","aperture":"2.8","focal_length":"50.0","iso":1250},"location":{"name":null,"city":null,"country":null,"position":{"latitude":null,"longitude":null}},"meta":{"index":true},"public_domain":false,"tags":[{"type":"search","title":"computer"},{"type":"search","title":"work"},{"type":"search","title":"coding"},{"type":"search","title":"desktop"},{"type":"search","title":"night"},{"type":"search","title":"programming"},{"type":"search","title":"code"},{"type":"search","title":"program"},{"type":"search","title":"screens"},{"type":"search","title":"vscode"},{"type":"search","title":"outdoors"},{"type":"search","title":"electronics"},{"type":"search","title":"television"},{"type":"search","title":"screen"},{"type":"search","title":"monitor"},{"type":"search","title":"display"},{"type":"search","title":"lcd screen"},{"type":"search","title":"scoreboard"}],"views":1212574,"downloads":11253,"topics":[]}
DEBUG - 2025-04-17 10:22:04 --> No valid image found for category "Programming"
DEBUG - 2025-04-17 10:22:04 --> Fetched Image URL for category Programming: default-image.jpg
DEBUG - 2025-04-17 10:22:04 --> No valid image found for category Programming
DEBUG - 2025-04-17 10:22:06 --> Unsplash API Response for category "AI & Video": {"id":"4siwRamtFAk","slug":"woman-sitting-on-armless-chair-with-light-between-bookcases-in-room-4siwRamtFAk","alternative_slugs":{"en":"woman-sitting-on-armless-chair-with-light-between-bookcases-in-room-4siwRamtFAk","es":"mujer-sentada-en-una-silla-sin-brazos-con-luz-entre-las-estanterias-de-la-habitacion-4siwRamtFAk","ja":"\u90e8\u5c4b\u306e\u672c\u68da\u306e\u9593\u306b\u660e\u304b\u308a\u3092\u706f\u3059\u8098\u639b\u3051\u306e\u306a\u3044\u6905\u5b50\u306b\u5ea7\u308b\u5973\u6027-4siwRamtFAk","fr":"femme-assise-sur-une-chaise-sans-accoudoirs-avec-de-la-lumiere-entre-les-bibliotheques-dans-la-chambre-4siwRamtFAk","it":"donna-seduta-sulla-sedia-senza-braccioli-con-luce-tra-le-librerie-in-camera-4siwRamtFAk","ko":"\ubc29\uc758-\ucc45\uc7a5-\uc0ac\uc774\uc5d0-\ubd88\uc774-\uc788\ub294-\ud314\uac78\uc774-\uc5c6\ub294-\uc758\uc790\uc5d0-\uc549\uc544-\uc788\ub294-\uc5ec\uc790-4siwRamtFAk","de":"frau-sitzt-auf-armlosem-stuhl-mit-licht-zwischen-bucherregalen-im-zimmer-4siwRamtFAk","pt":"mulher-sentada-em-cadeira-sem-bracos-com-luz-entre-estantes-no-quarto-4siwRamtFAk"},"created_at":"2017-06-09T13:38:58Z","updated_at":"2025-04-17T08:37:52Z","promoted_at":null,"width":5659,"height":3183,"color":"#26260c","blur_hash":"LBC$ls0z0Loz~UJDxu,--.R-nh%g","description":"A snap shot from our film set while producing a documentary series for the Holocaust Center for Humanities. Here we are interviewing a local high school about their experience with some of the Center\u2019s teaching materials.","alt_description":"woman sitting on armless chair with light between bookcases in room","breadcrumbs":[],"urls":{"raw":"https:\/\/images.unsplash.com\/photo-1497015455546-1da71faf8d06?ixid=M3w3Mzg4NTh8MHwxfHJhbmRvbXx8fHx8fHx8fDE3NDQ4ODUzMjV8&ixlib=rb-4.0.3","full":"https:\/\/images.unsplash.com\/photo-1497015455546-1da71faf8d06?crop=entropy&cs=srgb&fm=jpg&ixid=M3w3Mzg4NTh8MHwxfHJhbmRvbXx8fHx8fHx8fDE3NDQ4ODUzMjV8&ixlib=rb-4.0.3&q=85","regular":"https:\/\/images.unsplash.com\/photo-1497015455546-1da71faf8d06?crop=entropy&cs=tinysrgb&fit=max&fm=jpg&ixid=M3w3Mzg4NTh8MHwxfHJhbmRvbXx8fHx8fHx8fDE3NDQ4ODUzMjV8&ixlib=rb-4.0.3&q=80&w=1080","small":"https:\/\/images.unsplash.com\/photo-1497015455546-1da71faf8d06?crop=entropy&cs=tinysrgb&fit=max&fm=jpg&ixid=M3w3Mzg4NTh8MHwxfHJhbmRvbXx8fHx8fHx8fDE3NDQ4ODUzMjV8&ixlib=rb-4.0.3&q=80&w=400","thumb":"https:\/\/images.unsplash.com\/photo-1497015455546-1da71faf8d06?crop=entropy&cs=tinysrgb&fit=max&fm=jpg&ixid=M3w3Mzg4NTh8MHwxfHJhbmRvbXx8fHx8fHx8fDE3NDQ4ODUzMjV8&ixlib=rb-4.0.3&q=80&w=200","small_s3":"https:\/\/s3.us-west-2.amazonaws.com\/images.unsplash.com\/small\/photo-1497015455546-1da71faf8d06"},"links":{"self":"https:\/\/api.unsplash.com\/photos\/woman-sitting-on-armless-chair-with-light-between-bookcases-in-room-4siwRamtFAk","html":"https:\/\/unsplash.com\/photos\/woman-sitting-on-armless-chair-with-light-between-bookcases-in-room-4siwRamtFAk","download":"https:\/\/unsplash.com\/photos\/4siwRamtFAk\/download?ixid=M3w3Mzg4NTh8MHwxfHJhbmRvbXx8fHx8fHx8fDE3NDQ4ODUzMjV8","download_location":"https:\/\/api.unsplash.com\/photos\/4siwRamtFAk\/download?ixid=M3w3Mzg4NTh8MHwxfHJhbmRvbXx8fHx8fHx8fDE3NDQ4ODUzMjV8"},"likes":516,"liked_by_user":false,"current_user_collections":[],"sponsorship":null,"topic_submissions":{"business-work":{"status":"approved","approved_on":"2024-07-25T08:27:23Z"}},"asset_type":"photo","user":{"id":"MS9R6Xvg-uI","updated_at":"2024-10-29T13:02:53Z","username":"sammcghee","name":"Sam McGhee","first_name":"Sam","last_name":"McGhee","twitter_username":null,"portfolio_url":"https:\/\/sammcghee.com","bio":"Cinematographer \/ Photographer \/ Commercial \/ PNW","location":"Washington, USA","links":{"self":"https:\/\/api.unsplash.com\/users\/sammcghee","html":"https:\/\/unsplash.com\/@sammcghee","photos":"https:\/\/api.unsplash.com\/users\/sammcghee\/photos","likes":"https:\/\/api.unsplash.com\/users\/sammcghee\/likes","portfolio":"https:\/\/api.unsplash.com\/users\/sammcghee\/portfolio","following":"https:\/\/api.unsplash.com\/users\/sammcghee\/following","followers":"https:\/\/api.unsplash.com\/users\/sammcghee\/followers"},"profile_image":{"small":"https:\/\/images.unsplash.com\/profile-1476922601622-46b1886227c2?ixlib=rb-4.0.3&crop=faces&fit=crop&w=32&h=32","medium":"https:\/\/images.unsplash.com\/profile-1476922601622-46b1886227c2?ixlib=rb-4.0.3&crop=faces&fit=crop&w=64&h=64","large":"https:\/\/images.unsplash.com\/profile-1476922601622-46b1886227c2?ixlib=rb-4.0.3&crop=faces&fit=crop&w=128&h=128"},"instagram_username":"sammcgheephoto","total_collections":1,"total_likes":2,"total_photos":16,"total_promoted_photos":2,"total_illustrations":0,"total_promoted_illustrations":0,"accepted_tos":false,"for_hire":false,"social":{"instagram_username":"sammcgheephoto","portfolio_url":"https:\/\/sammcghee.com","twitter_username":null,"paypal_email":null}},"exif":{"make":"Canon","model":"Canon EOS 5D Mark III","name":"Canon, EOS 5D Mark III","exposure_time":"1\/400","aperture":"1.4","focal_length":"24.0","iso":400},"location":{"name":"Freeman High School, Rockford, United States","city":"Rockford","country":"United States","position":{"latitude":47.5200002,"longitude":-117.1963944}},"meta":{"index":true},"public_domain":false,"tags":[{"type":"search","title":"woman"},{"type":"search","title":"building"},{"type":"search","title":"books"},{"type":"search","title":"book"},{"type":"search","title":"library"},{"type":"search","title":"video"},{"type":"search","title":"camera"},{"type":"search","title":"smile"},{"type":"search","title":"movie"},{"type":"search","title":"interview"},{"type":"search","title":"microphone"},{"type":"search","title":"structure"},{"type":"search","title":"production"},{"type":"search","title":"mic"},{"type":"search","title":"led"},{"type":"search","title":"filming"},{"type":"search","title":"film set"},{"type":"search","title":"documentary"},{"type":"search","title":"bookshop"},{"type":"search","title":"set"}],"views":14610805,"downloads":111115,"topics":[{"id":"aeu6rL-j6ew","title":"Business & Work","slug":"business-work","visibility":"visible"}]}
DEBUG - 2025-04-17 10:22:06 --> No valid image found for category "AI & Video"
DEBUG - 2025-04-17 10:22:06 --> Fetched Image URL for category AI & Video: default-image.jpg
DEBUG - 2025-04-17 10:22:06 --> No valid image found for category AI & Video
DEBUG - 2025-04-17 10:22:08 --> Unsplash API Response for category "Cybersecurity": {"id":"syCXK9WndqQ","slug":"white-and-black-modem-router-with-four-lights-syCXK9WndqQ","alternative_slugs":{"en":"white-and-black-modem-router-with-four-lights-syCXK9WndqQ","es":"modem-router-blanco-y-negro-con-cuatro-luces-syCXK9WndqQ","ja":"4\u3064\u306e\u30e9\u30a4\u30c8\u3092\u5099\u3048\u305f\u767d\u3068\u9ed2\u306e\u30e2\u30c7\u30e0\u30eb\u30fc\u30bf\u30fc-syCXK9WndqQ","fr":"modem-routeur-blanc-et-noir-avec-quatre-lumieres-syCXK9WndqQ","it":"modem-router-bianco-e-nero-con-quattro-luci-syCXK9WndqQ","ko":"4\uac1c\uc758-\ud45c\uc2dc\ub4f1\uc774-\uc788\ub294-\ud770\uc0c9\uacfc-\uac80\uc740\uc0c9-\ubaa8\ub380-\ub77c\uc6b0\ud130-syCXK9WndqQ","de":"weisser-und-schwarzer-modemrouter-mit-vier-leuchten-syCXK9WndqQ","pt":"roteador-de-modem-branco-e-preto-com-quatro-luzes-syCXK9WndqQ"},"created_at":"2018-01-15T19:33:24Z","updated_at":"2025-04-17T08:41:06Z","promoted_at":null,"width":4912,"height":3264,"color":"#737373","blur_hash":"LCAK2H4mD%xu_NMxM{oeRjxajaV@","description":"My old work!","alt_description":"white and black modem router with four lights","breadcrumbs":[],"urls":{"raw":"https:\/\/images.unsplash.com\/photo-1516044734145-07ca8eef8731?ixid=M3w3Mzg4NTh8MHwxfHJhbmRvbXx8fHx8fHx8fDE3NDQ4ODUzMjd8&ixlib=rb-4.0.3","full":"https:\/\/images.unsplash.com\/photo-1516044734145-07ca8eef8731?crop=entropy&cs=srgb&fm=jpg&ixid=M3w3Mzg4NTh8MHwxfHJhbmRvbXx8fHx8fHx8fDE3NDQ4ODUzMjd8&ixlib=rb-4.0.3&q=85","regular":"https:\/\/images.unsplash.com\/photo-1516044734145-07ca8eef8731?crop=entropy&cs=tinysrgb&fit=max&fm=jpg&ixid=M3w3Mzg4NTh8MHwxfHJhbmRvbXx8fHx8fHx8fDE3NDQ4ODUzMjd8&ixlib=rb-4.0.3&q=80&w=1080","small":"https:\/\/images.unsplash.com\/photo-1516044734145-07ca8eef8731?crop=entropy&cs=tinysrgb&fit=max&fm=jpg&ixid=M3w3Mzg4NTh8MHwxfHJhbmRvbXx8fHx8fHx8fDE3NDQ4ODUzMjd8&ixlib=rb-4.0.3&q=80&w=400","thumb":"https:\/\/images.unsplash.com\/photo-1516044734145-07ca8eef8731?crop=entropy&cs=tinysrgb&fit=max&fm=jpg&ixid=M3w3Mzg4NTh8MHwxfHJhbmRvbXx8fHx8fHx8fDE3NDQ4ODUzMjd8&ixlib=rb-4.0.3&q=80&w=200","small_s3":"https:\/\/s3.us-west-2.amazonaws.com\/images.unsplash.com\/small\/photo-1516044734145-07ca8eef8731"},"links":{"self":"https:\/\/api.unsplash.com\/photos\/white-and-black-modem-router-with-four-lights-syCXK9WndqQ","html":"https:\/\/unsplash.com\/photos\/white-and-black-modem-router-with-four-lights-syCXK9WndqQ","download":"https:\/\/unsplash.com\/photos\/syCXK9WndqQ\/download?ixid=M3w3Mzg4NTh8MHwxfHJhbmRvbXx8fHx8fHx8fDE3NDQ4ODUzMjd8","download_location":"https:\/\/api.unsplash.com\/photos\/syCXK9WndqQ\/download?ixid=M3w3Mzg4NTh8MHwxfHJhbmRvbXx8fHx8fHx8fDE3NDQ4ODUzMjd8"},"likes":245,"liked_by_user":false,"current_user_collections":[],"sponsorship":null,"topic_submissions":[],"asset_type":"photo","user":{"id":"HK8_WuGTswk","updated_at":"2024-10-11T13:36:21Z","username":"extaf_ms","name":"Misha Feshchak","first_name":"Misha","last_name":"Feshchak","twitter_username":null,"portfolio_url":null,"bio":null,"location":null,"links":{"self":"https:\/\/api.unsplash.com\/users\/extaf_ms","html":"https:\/\/unsplash.com\/@extaf_ms","photos":"https:\/\/api.unsplash.com\/users\/extaf_ms\/photos","likes":"https:\/\/api.unsplash.com\/users\/extaf_ms\/likes","portfolio":"https:\/\/api.unsplash.com\/users\/extaf_ms\/portfolio"},"profile_image":{"small":"https:\/\/images.unsplash.com\/profile-fb-1516044624-155d3245c04b.jpg?ixlib=rb-4.0.3&crop=faces&fit=crop&w=32&h=32","medium":"https:\/\/images.unsplash.com\/profile-fb-1516044624-155d3245c04b.jpg?ixlib=rb-4.0.3&crop=faces&fit=crop&w=64&h=64","large":"https:\/\/images.unsplash.com\/profile-fb-1516044624-155d3245c04b.jpg?ixlib=rb-4.0.3&crop=faces&fit=crop&w=128&h=128"},"instagram_username":null,"total_collections":0,"total_likes":0,"total_photos":2,"total_promoted_photos":0,"total_illustrations":0,"total_promoted_illustrations":0,"accepted_tos":false,"for_hire":false,"social":{"instagram_username":null,"portfolio_url":null,"twitter_username":null,"paypal_email":null}},"exif":{"make":"SONY","model":"NEX-VG30","name":"SONY, NEX-VG30","exposure_time":"0.3","aperture":"5.6","focal_length":"55.0","iso":125},"location":{"name":"Ternopil, Ukraine","city":"Ternopil","country":"Ukraine","position":{"latitude":49.553517,"longitude":25.594767}},"meta":{"index":true},"public_domain":false,"tags":[{"type":"search","title":"technology"},{"type":"search","title":"tech"},{"type":"search","title":"home"},{"type":"search","title":"christmas tree"},{"type":"search","title":"cybersecurity"},{"type":"search","title":"wifi"},{"type":"search","title":"equipment"},{"type":"search","title":"router"},{"type":"search","title":"grey"},{"type":"search","title":"game"},{"type":"search","title":"ukraine"},{"type":"search","title":"electronics"},{"type":"search","title":"hardware"},{"type":"search","title":"computer hardware"},{"type":"search","title":"domino"},{"type":"search","title":"ternopil"}],"views":4254588,"downloads":31288,"topics":[]}
DEBUG - 2025-04-17 10:22:08 --> No valid image found for category "Cybersecurity"
DEBUG - 2025-04-17 10:22:08 --> Fetched Image URL for category Cybersecurity: default-image.jpg
DEBUG - 2025-04-17 10:22:08 --> No valid image found for category Cybersecurity
DEBUG - 2025-04-17 10:22:09 --> Session: Class initialized using 'CodeIgniter\Session\Handlers\FileHandler' driver.
WARNING - 2025-04-17 10:22:09 --> [DEPRECATED] Passing lowercase HTTP method "get" is deprecated. Use uppercase HTTP method like "GET". in SYSTEMPATH\Router\RouteCollection.php on line 1026.
 1 SYSTEMPATH\Router\RouteCollection.php(1026): trigger_error('Passing lowercase HTTP method "get" is deprecated. Use uppercase HTTP method like "GET".', 16384)
 2 APPPATH\Config\Routes.php(85): CodeIgniter\Router\RouteCollection->match([...], 'user/edit', 'User\\UserController::editProfile')
 3 SYSTEMPATH\Router\RouteCollection.php(339): require('C:\\wamp64\\www\\ci-learn_affix\\app\\Config\\Routes.php')
 4 SYSTEMPATH\CodeIgniter.php(821): CodeIgniter\Router\RouteCollection->loadRoutes()
 5 SYSTEMPATH\CodeIgniter.php(455): CodeIgniter\CodeIgniter->tryToRouteIt(null)
 6 SYSTEMPATH\CodeIgniter.php(354): CodeIgniter\CodeIgniter->handleRequest(null, Object(Config\Cache), false)
 7 SYSTEMPATH\Boot.php(334): CodeIgniter\CodeIgniter->run()
 8 SYSTEMPATH\Boot.php(67): CodeIgniter\Boot::runCodeIgniter(Object(CodeIgniter\CodeIgniter))
 9 FCPATH\index.php(56): CodeIgniter\Boot::bootWeb(Object(Config\Paths))
WARNING - 2025-04-17 10:22:09 --> [DEPRECATED] Passing lowercase HTTP method "post" is deprecated. Use uppercase HTTP method like "POST". in SYSTEMPATH\Router\RouteCollection.php on line 1026.
 1 SYSTEMPATH\Router\RouteCollection.php(1026): trigger_error('Passing lowercase HTTP method "post" is deprecated. Use uppercase HTTP method like "POST".', 16384)
 2 APPPATH\Config\Routes.php(85): CodeIgniter\Router\RouteCollection->match([...], 'user/edit', 'User\\UserController::editProfile')
 3 SYSTEMPATH\Router\RouteCollection.php(339): require('C:\\wamp64\\www\\ci-learn_affix\\app\\Config\\Routes.php')
 4 SYSTEMPATH\CodeIgniter.php(821): CodeIgniter\Router\RouteCollection->loadRoutes()
 5 SYSTEMPATH\CodeIgniter.php(455): CodeIgniter\CodeIgniter->tryToRouteIt(null)
 6 SYSTEMPATH\CodeIgniter.php(354): CodeIgniter\CodeIgniter->handleRequest(null, Object(Config\Cache), false)
 7 SYSTEMPATH\Boot.php(334): CodeIgniter\CodeIgniter->run()
 8 SYSTEMPATH\Boot.php(67): CodeIgniter\Boot::runCodeIgniter(Object(CodeIgniter\CodeIgniter))
 9 FCPATH\index.php(56): CodeIgniter\Boot::bootWeb(Object(Config\Paths))
DEBUG - 2025-04-17 10:22:09 --> Session: Class initialized using 'CodeIgniter\Session\Handlers\FileHandler' driver.
WARNING - 2025-04-17 10:22:09 --> [DEPRECATED] Passing lowercase HTTP method "get" is deprecated. Use uppercase HTTP method like "GET". in SYSTEMPATH\Router\RouteCollection.php on line 1026.
 1 SYSTEMPATH\Router\RouteCollection.php(1026): trigger_error('Passing lowercase HTTP method "get" is deprecated. Use uppercase HTTP method like "GET".', 16384)
 2 APPPATH\Config\Routes.php(85): CodeIgniter\Router\RouteCollection->match([...], 'user/edit', 'User\\UserController::editProfile')
 3 SYSTEMPATH\Router\RouteCollection.php(339): require('C:\\wamp64\\www\\ci-learn_affix\\app\\Config\\Routes.php')
 4 SYSTEMPATH\CodeIgniter.php(821): CodeIgniter\Router\RouteCollection->loadRoutes()
 5 SYSTEMPATH\CodeIgniter.php(455): CodeIgniter\CodeIgniter->tryToRouteIt(null)
 6 SYSTEMPATH\CodeIgniter.php(354): CodeIgniter\CodeIgniter->handleRequest(null, Object(Config\Cache), false)
 7 SYSTEMPATH\Boot.php(334): CodeIgniter\CodeIgniter->run()
 8 SYSTEMPATH\Boot.php(67): CodeIgniter\Boot::runCodeIgniter(Object(CodeIgniter\CodeIgniter))
 9 FCPATH\index.php(56): CodeIgniter\Boot::bootWeb(Object(Config\Paths))
WARNING - 2025-04-17 10:22:09 --> [DEPRECATED] Passing lowercase HTTP method "post" is deprecated. Use uppercase HTTP method like "POST". in SYSTEMPATH\Router\RouteCollection.php on line 1026.
 1 SYSTEMPATH\Router\RouteCollection.php(1026): trigger_error('Passing lowercase HTTP method "post" is deprecated. Use uppercase HTTP method like "POST".', 16384)
 2 APPPATH\Config\Routes.php(85): CodeIgniter\Router\RouteCollection->match([...], 'user/edit', 'User\\UserController::editProfile')
 3 SYSTEMPATH\Router\RouteCollection.php(339): require('C:\\wamp64\\www\\ci-learn_affix\\app\\Config\\Routes.php')
 4 SYSTEMPATH\CodeIgniter.php(821): CodeIgniter\Router\RouteCollection->loadRoutes()
 5 SYSTEMPATH\CodeIgniter.php(455): CodeIgniter\CodeIgniter->tryToRouteIt(null)
 6 SYSTEMPATH\CodeIgniter.php(354): CodeIgniter\CodeIgniter->handleRequest(null, Object(Config\Cache), false)
 7 SYSTEMPATH\Boot.php(334): CodeIgniter\CodeIgniter->run()
 8 SYSTEMPATH\Boot.php(67): CodeIgniter\Boot::runCodeIgniter(Object(CodeIgniter\CodeIgniter))
 9 FCPATH\index.php(56): CodeIgniter\Boot::bootWeb(Object(Config\Paths))
DEBUG - 2025-04-17 10:22:09 --> Session: Class initialized using 'CodeIgniter\Session\Handlers\FileHandler' driver.
WARNING - 2025-04-17 10:22:09 --> [DEPRECATED] Passing lowercase HTTP method "get" is deprecated. Use uppercase HTTP method like "GET". in SYSTEMPATH\Router\RouteCollection.php on line 1026.
 1 SYSTEMPATH\Router\RouteCollection.php(1026): trigger_error('Passing lowercase HTTP method "get" is deprecated. Use uppercase HTTP method like "GET".', 16384)
 2 APPPATH\Config\Routes.php(85): CodeIgniter\Router\RouteCollection->match([...], 'user/edit', 'User\\UserController::editProfile')
 3 SYSTEMPATH\Router\RouteCollection.php(339): require('C:\\wamp64\\www\\ci-learn_affix\\app\\Config\\Routes.php')
 4 SYSTEMPATH\CodeIgniter.php(821): CodeIgniter\Router\RouteCollection->loadRoutes()
 5 SYSTEMPATH\CodeIgniter.php(455): CodeIgniter\CodeIgniter->tryToRouteIt(null)
 6 SYSTEMPATH\CodeIgniter.php(354): CodeIgniter\CodeIgniter->handleRequest(null, Object(Config\Cache), false)
 7 SYSTEMPATH\Boot.php(334): CodeIgniter\CodeIgniter->run()
 8 SYSTEMPATH\Boot.php(67): CodeIgniter\Boot::runCodeIgniter(Object(CodeIgniter\CodeIgniter))
 9 FCPATH\index.php(56): CodeIgniter\Boot::bootWeb(Object(Config\Paths))
WARNING - 2025-04-17 10:22:09 --> [DEPRECATED] Passing lowercase HTTP method "post" is deprecated. Use uppercase HTTP method like "POST". in SYSTEMPATH\Router\RouteCollection.php on line 1026.
 1 SYSTEMPATH\Router\RouteCollection.php(1026): trigger_error('Passing lowercase HTTP method "post" is deprecated. Use uppercase HTTP method like "POST".', 16384)
 2 APPPATH\Config\Routes.php(85): CodeIgniter\Router\RouteCollection->match([...], 'user/edit', 'User\\UserController::editProfile')
 3 SYSTEMPATH\Router\RouteCollection.php(339): require('C:\\wamp64\\www\\ci-learn_affix\\app\\Config\\Routes.php')
 4 SYSTEMPATH\CodeIgniter.php(821): CodeIgniter\Router\RouteCollection->loadRoutes()
 5 SYSTEMPATH\CodeIgniter.php(455): CodeIgniter\CodeIgniter->tryToRouteIt(null)
 6 SYSTEMPATH\CodeIgniter.php(354): CodeIgniter\CodeIgniter->handleRequest(null, Object(Config\Cache), false)
 7 SYSTEMPATH\Boot.php(334): CodeIgniter\CodeIgniter->run()
 8 SYSTEMPATH\Boot.php(67): CodeIgniter\Boot::runCodeIgniter(Object(CodeIgniter\CodeIgniter))
 9 FCPATH\index.php(56): CodeIgniter\Boot::bootWeb(Object(Config\Paths))
DEBUG - 2025-04-17 10:22:09 --> Session: Class initialized using 'CodeIgniter\Session\Handlers\FileHandler' driver.
DEBUG - 2025-04-17 10:22:09 --> Session: Class initialized using 'CodeIgniter\Session\Handlers\FileHandler' driver.
WARNING - 2025-04-17 10:22:10 --> [DEPRECATED] Passing lowercase HTTP method "get" is deprecated. Use uppercase HTTP method like "GET". in SYSTEMPATH\Router\RouteCollection.php on line 1026.
 1 SYSTEMPATH\Router\RouteCollection.php(1026): trigger_error('Passing lowercase HTTP method "get" is deprecated. Use uppercase HTTP method like "GET".', 16384)
 2 APPPATH\Config\Routes.php(85): CodeIgniter\Router\RouteCollection->match([...], 'user/edit', 'User\\UserController::editProfile')
 3 SYSTEMPATH\Router\RouteCollection.php(339): require('C:\\wamp64\\www\\ci-learn_affix\\app\\Config\\Routes.php')
 4 SYSTEMPATH\CodeIgniter.php(821): CodeIgniter\Router\RouteCollection->loadRoutes()
 5 SYSTEMPATH\CodeIgniter.php(455): CodeIgniter\CodeIgniter->tryToRouteIt(null)
 6 SYSTEMPATH\CodeIgniter.php(354): CodeIgniter\CodeIgniter->handleRequest(null, Object(Config\Cache), false)
 7 SYSTEMPATH\Boot.php(334): CodeIgniter\CodeIgniter->run()
 8 SYSTEMPATH\Boot.php(67): CodeIgniter\Boot::runCodeIgniter(Object(CodeIgniter\CodeIgniter))
 9 FCPATH\index.php(56): CodeIgniter\Boot::bootWeb(Object(Config\Paths))
WARNING - 2025-04-17 10:22:10 --> [DEPRECATED] Passing lowercase HTTP method "post" is deprecated. Use uppercase HTTP method like "POST". in SYSTEMPATH\Router\RouteCollection.php on line 1026.
 1 SYSTEMPATH\Router\RouteCollection.php(1026): trigger_error('Passing lowercase HTTP method "post" is deprecated. Use uppercase HTTP method like "POST".', 16384)
 2 APPPATH\Config\Routes.php(85): CodeIgniter\Router\RouteCollection->match([...], 'user/edit', 'User\\UserController::editProfile')
 3 SYSTEMPATH\Router\RouteCollection.php(339): require('C:\\wamp64\\www\\ci-learn_affix\\app\\Config\\Routes.php')
 4 SYSTEMPATH\CodeIgniter.php(821): CodeIgniter\Router\RouteCollection->loadRoutes()
 5 SYSTEMPATH\CodeIgniter.php(455): CodeIgniter\CodeIgniter->tryToRouteIt(null)
 6 SYSTEMPATH\CodeIgniter.php(354): CodeIgniter\CodeIgniter->handleRequest(null, Object(Config\Cache), false)
 7 SYSTEMPATH\Boot.php(334): CodeIgniter\CodeIgniter->run()
 8 SYSTEMPATH\Boot.php(67): CodeIgniter\Boot::runCodeIgniter(Object(CodeIgniter\CodeIgniter))
 9 FCPATH\index.php(56): CodeIgniter\Boot::bootWeb(Object(Config\Paths))
DEBUG - 2025-04-17 10:22:10 --> Session: Class initialized using 'CodeIgniter\Session\Handlers\FileHandler' driver.
WARNING - 2025-04-17 10:22:10 --> [DEPRECATED] Passing lowercase HTTP method "get" is deprecated. Use uppercase HTTP method like "GET". in SYSTEMPATH\Router\RouteCollection.php on line 1026.
 1 SYSTEMPATH\Router\RouteCollection.php(1026): trigger_error('Passing lowercase HTTP method "get" is deprecated. Use uppercase HTTP method like "GET".', 16384)
 2 APPPATH\Config\Routes.php(85): CodeIgniter\Router\RouteCollection->match([...], 'user/edit', 'User\\UserController::editProfile')
 3 SYSTEMPATH\Router\RouteCollection.php(339): require('C:\\wamp64\\www\\ci-learn_affix\\app\\Config\\Routes.php')
 4 SYSTEMPATH\CodeIgniter.php(821): CodeIgniter\Router\RouteCollection->loadRoutes()
 5 SYSTEMPATH\CodeIgniter.php(455): CodeIgniter\CodeIgniter->tryToRouteIt(null)
 6 SYSTEMPATH\CodeIgniter.php(354): CodeIgniter\CodeIgniter->handleRequest(null, Object(Config\Cache), false)
 7 SYSTEMPATH\Boot.php(334): CodeIgniter\CodeIgniter->run()
 8 SYSTEMPATH\Boot.php(67): CodeIgniter\Boot::runCodeIgniter(Object(CodeIgniter\CodeIgniter))
 9 FCPATH\index.php(56): CodeIgniter\Boot::bootWeb(Object(Config\Paths))
WARNING - 2025-04-17 10:22:10 --> [DEPRECATED] Passing lowercase HTTP method "post" is deprecated. Use uppercase HTTP method like "POST". in SYSTEMPATH\Router\RouteCollection.php on line 1026.
 1 SYSTEMPATH\Router\RouteCollection.php(1026): trigger_error('Passing lowercase HTTP method "post" is deprecated. Use uppercase HTTP method like "POST".', 16384)
 2 APPPATH\Config\Routes.php(85): CodeIgniter\Router\RouteCollection->match([...], 'user/edit', 'User\\UserController::editProfile')
 3 SYSTEMPATH\Router\RouteCollection.php(339): require('C:\\wamp64\\www\\ci-learn_affix\\app\\Config\\Routes.php')
 4 SYSTEMPATH\CodeIgniter.php(821): CodeIgniter\Router\RouteCollection->loadRoutes()
 5 SYSTEMPATH\CodeIgniter.php(455): CodeIgniter\CodeIgniter->tryToRouteIt(null)
 6 SYSTEMPATH\CodeIgniter.php(354): CodeIgniter\CodeIgniter->handleRequest(null, Object(Config\Cache), false)
 7 SYSTEMPATH\Boot.php(334): CodeIgniter\CodeIgniter->run()
 8 SYSTEMPATH\Boot.php(67): CodeIgniter\Boot::runCodeIgniter(Object(CodeIgniter\CodeIgniter))
 9 FCPATH\index.php(56): CodeIgniter\Boot::bootWeb(Object(Config\Paths))
DEBUG - 2025-04-17 10:22:42 --> Session: Class initialized using 'CodeIgniter\Session\Handlers\FileHandler' driver.
WARNING - 2025-04-17 10:22:42 --> [DEPRECATED] Passing lowercase HTTP method "get" is deprecated. Use uppercase HTTP method like "GET". in SYSTEMPATH\Router\RouteCollection.php on line 1026.
 1 SYSTEMPATH\Router\RouteCollection.php(1026): trigger_error('Passing lowercase HTTP method "get" is deprecated. Use uppercase HTTP method like "GET".', 16384)
 2 APPPATH\Config\Routes.php(85): CodeIgniter\Router\RouteCollection->match([...], 'user/edit', 'User\\UserController::editProfile')
 3 SYSTEMPATH\Router\RouteCollection.php(339): require('C:\\wamp64\\www\\ci-learn_affix\\app\\Config\\Routes.php')
 4 SYSTEMPATH\CodeIgniter.php(821): CodeIgniter\Router\RouteCollection->loadRoutes()
 5 SYSTEMPATH\CodeIgniter.php(455): CodeIgniter\CodeIgniter->tryToRouteIt(null)
 6 SYSTEMPATH\CodeIgniter.php(354): CodeIgniter\CodeIgniter->handleRequest(null, Object(Config\Cache), false)
 7 SYSTEMPATH\Boot.php(334): CodeIgniter\CodeIgniter->run()
 8 SYSTEMPATH\Boot.php(67): CodeIgniter\Boot::runCodeIgniter(Object(CodeIgniter\CodeIgniter))
 9 FCPATH\index.php(56): CodeIgniter\Boot::bootWeb(Object(Config\Paths))
WARNING - 2025-04-17 10:22:42 --> [DEPRECATED] Passing lowercase HTTP method "post" is deprecated. Use uppercase HTTP method like "POST". in SYSTEMPATH\Router\RouteCollection.php on line 1026.
 1 SYSTEMPATH\Router\RouteCollection.php(1026): trigger_error('Passing lowercase HTTP method "post" is deprecated. Use uppercase HTTP method like "POST".', 16384)
 2 APPPATH\Config\Routes.php(85): CodeIgniter\Router\RouteCollection->match([...], 'user/edit', 'User\\UserController::editProfile')
 3 SYSTEMPATH\Router\RouteCollection.php(339): require('C:\\wamp64\\www\\ci-learn_affix\\app\\Config\\Routes.php')
 4 SYSTEMPATH\CodeIgniter.php(821): CodeIgniter\Router\RouteCollection->loadRoutes()
 5 SYSTEMPATH\CodeIgniter.php(455): CodeIgniter\CodeIgniter->tryToRouteIt(null)
 6 SYSTEMPATH\CodeIgniter.php(354): CodeIgniter\CodeIgniter->handleRequest(null, Object(Config\Cache), false)
 7 SYSTEMPATH\Boot.php(334): CodeIgniter\CodeIgniter->run()
 8 SYSTEMPATH\Boot.php(67): CodeIgniter\Boot::runCodeIgniter(Object(CodeIgniter\CodeIgniter))
 9 FCPATH\index.php(56): CodeIgniter\Boot::bootWeb(Object(Config\Paths))
DEBUG - 2025-04-17 10:22:43 --> Session: Class initialized using 'CodeIgniter\Session\Handlers\FileHandler' driver.
DEBUG - 2025-04-17 10:22:43 --> Session: Class initialized using 'CodeIgniter\Session\Handlers\FileHandler' driver.
WARNING - 2025-04-17 10:22:43 --> [DEPRECATED] Passing lowercase HTTP method "get" is deprecated. Use uppercase HTTP method like "GET". in SYSTEMPATH\Router\RouteCollection.php on line 1026.
 1 SYSTEMPATH\Router\RouteCollection.php(1026): trigger_error('Passing lowercase HTTP method "get" is deprecated. Use uppercase HTTP method like "GET".', 16384)
 2 APPPATH\Config\Routes.php(85): CodeIgniter\Router\RouteCollection->match([...], 'user/edit', 'User\\UserController::editProfile')
 3 SYSTEMPATH\Router\RouteCollection.php(339): require('C:\\wamp64\\www\\ci-learn_affix\\app\\Config\\Routes.php')
 4 SYSTEMPATH\CodeIgniter.php(821): CodeIgniter\Router\RouteCollection->loadRoutes()
 5 SYSTEMPATH\CodeIgniter.php(455): CodeIgniter\CodeIgniter->tryToRouteIt(null)
 6 SYSTEMPATH\CodeIgniter.php(354): CodeIgniter\CodeIgniter->handleRequest(null, Object(Config\Cache), false)
 7 SYSTEMPATH\Boot.php(334): CodeIgniter\CodeIgniter->run()
 8 SYSTEMPATH\Boot.php(67): CodeIgniter\Boot::runCodeIgniter(Object(CodeIgniter\CodeIgniter))
 9 FCPATH\index.php(56): CodeIgniter\Boot::bootWeb(Object(Config\Paths))
WARNING - 2025-04-17 10:22:43 --> [DEPRECATED] Passing lowercase HTTP method "post" is deprecated. Use uppercase HTTP method like "POST". in SYSTEMPATH\Router\RouteCollection.php on line 1026.
 1 SYSTEMPATH\Router\RouteCollection.php(1026): trigger_error('Passing lowercase HTTP method "post" is deprecated. Use uppercase HTTP method like "POST".', 16384)
 2 APPPATH\Config\Routes.php(85): CodeIgniter\Router\RouteCollection->match([...], 'user/edit', 'User\\UserController::editProfile')
 3 SYSTEMPATH\Router\RouteCollection.php(339): require('C:\\wamp64\\www\\ci-learn_affix\\app\\Config\\Routes.php')
 4 SYSTEMPATH\CodeIgniter.php(821): CodeIgniter\Router\RouteCollection->loadRoutes()
 5 SYSTEMPATH\CodeIgniter.php(455): CodeIgniter\CodeIgniter->tryToRouteIt(null)
 6 SYSTEMPATH\CodeIgniter.php(354): CodeIgniter\CodeIgniter->handleRequest(null, Object(Config\Cache), false)
 7 SYSTEMPATH\Boot.php(334): CodeIgniter\CodeIgniter->run()
 8 SYSTEMPATH\Boot.php(67): CodeIgniter\Boot::runCodeIgniter(Object(CodeIgniter\CodeIgniter))
 9 FCPATH\index.php(56): CodeIgniter\Boot::bootWeb(Object(Config\Paths))
DEBUG - 2025-04-17 10:24:11 --> Session: Class initialized using 'CodeIgniter\Session\Handlers\FileHandler' driver.
WARNING - 2025-04-17 10:24:11 --> [DEPRECATED] Passing lowercase HTTP method "get" is deprecated. Use uppercase HTTP method like "GET". in SYSTEMPATH\Router\RouteCollection.php on line 1026.
 1 SYSTEMPATH\Router\RouteCollection.php(1026): trigger_error('Passing lowercase HTTP method "get" is deprecated. Use uppercase HTTP method like "GET".', 16384)
 2 APPPATH\Config\Routes.php(85): CodeIgniter\Router\RouteCollection->match([...], 'user/edit', 'User\\UserController::editProfile')
 3 SYSTEMPATH\Router\RouteCollection.php(339): require('C:\\wamp64\\www\\ci-learn_affix\\app\\Config\\Routes.php')
 4 SYSTEMPATH\CodeIgniter.php(821): CodeIgniter\Router\RouteCollection->loadRoutes()
 5 SYSTEMPATH\CodeIgniter.php(455): CodeIgniter\CodeIgniter->tryToRouteIt(null)
 6 SYSTEMPATH\CodeIgniter.php(354): CodeIgniter\CodeIgniter->handleRequest(null, Object(Config\Cache), false)
 7 SYSTEMPATH\Boot.php(334): CodeIgniter\CodeIgniter->run()
 8 SYSTEMPATH\Boot.php(67): CodeIgniter\Boot::runCodeIgniter(Object(CodeIgniter\CodeIgniter))
 9 FCPATH\index.php(56): CodeIgniter\Boot::bootWeb(Object(Config\Paths))
WARNING - 2025-04-17 10:24:11 --> [DEPRECATED] Passing lowercase HTTP method "post" is deprecated. Use uppercase HTTP method like "POST". in SYSTEMPATH\Router\RouteCollection.php on line 1026.
 1 SYSTEMPATH\Router\RouteCollection.php(1026): trigger_error('Passing lowercase HTTP method "post" is deprecated. Use uppercase HTTP method like "POST".', 16384)
 2 APPPATH\Config\Routes.php(85): CodeIgniter\Router\RouteCollection->match([...], 'user/edit', 'User\\UserController::editProfile')
 3 SYSTEMPATH\Router\RouteCollection.php(339): require('C:\\wamp64\\www\\ci-learn_affix\\app\\Config\\Routes.php')
 4 SYSTEMPATH\CodeIgniter.php(821): CodeIgniter\Router\RouteCollection->loadRoutes()
 5 SYSTEMPATH\CodeIgniter.php(455): CodeIgniter\CodeIgniter->tryToRouteIt(null)
 6 SYSTEMPATH\CodeIgniter.php(354): CodeIgniter\CodeIgniter->handleRequest(null, Object(Config\Cache), false)
 7 SYSTEMPATH\Boot.php(334): CodeIgniter\CodeIgniter->run()
 8 SYSTEMPATH\Boot.php(67): CodeIgniter\Boot::runCodeIgniter(Object(CodeIgniter\CodeIgniter))
 9 FCPATH\index.php(56): CodeIgniter\Boot::bootWeb(Object(Config\Paths))
DEBUG - 2025-04-17 10:24:12 --> Session: Class initialized using 'CodeIgniter\Session\Handlers\FileHandler' driver.
DEBUG - 2025-04-17 10:24:12 --> Session: Class initialized using 'CodeIgniter\Session\Handlers\FileHandler' driver.
WARNING - 2025-04-17 10:24:12 --> [DEPRECATED] Passing lowercase HTTP method "get" is deprecated. Use uppercase HTTP method like "GET". in SYSTEMPATH\Router\RouteCollection.php on line 1026.
 1 SYSTEMPATH\Router\RouteCollection.php(1026): trigger_error('Passing lowercase HTTP method "get" is deprecated. Use uppercase HTTP method like "GET".', 16384)
 2 APPPATH\Config\Routes.php(85): CodeIgniter\Router\RouteCollection->match([...], 'user/edit', 'User\\UserController::editProfile')
 3 SYSTEMPATH\Router\RouteCollection.php(339): require('C:\\wamp64\\www\\ci-learn_affix\\app\\Config\\Routes.php')
 4 SYSTEMPATH\CodeIgniter.php(821): CodeIgniter\Router\RouteCollection->loadRoutes()
 5 SYSTEMPATH\CodeIgniter.php(455): CodeIgniter\CodeIgniter->tryToRouteIt(null)
 6 SYSTEMPATH\CodeIgniter.php(354): CodeIgniter\CodeIgniter->handleRequest(null, Object(Config\Cache), false)
 7 SYSTEMPATH\Boot.php(334): CodeIgniter\CodeIgniter->run()
 8 SYSTEMPATH\Boot.php(67): CodeIgniter\Boot::runCodeIgniter(Object(CodeIgniter\CodeIgniter))
 9 FCPATH\index.php(56): CodeIgniter\Boot::bootWeb(Object(Config\Paths))
WARNING - 2025-04-17 10:24:12 --> [DEPRECATED] Passing lowercase HTTP method "post" is deprecated. Use uppercase HTTP method like "POST". in SYSTEMPATH\Router\RouteCollection.php on line 1026.
 1 SYSTEMPATH\Router\RouteCollection.php(1026): trigger_error('Passing lowercase HTTP method "post" is deprecated. Use uppercase HTTP method like "POST".', 16384)
 2 APPPATH\Config\Routes.php(85): CodeIgniter\Router\RouteCollection->match([...], 'user/edit', 'User\\UserController::editProfile')
 3 SYSTEMPATH\Router\RouteCollection.php(339): require('C:\\wamp64\\www\\ci-learn_affix\\app\\Config\\Routes.php')
 4 SYSTEMPATH\CodeIgniter.php(821): CodeIgniter\Router\RouteCollection->loadRoutes()
 5 SYSTEMPATH\CodeIgniter.php(455): CodeIgniter\CodeIgniter->tryToRouteIt(null)
 6 SYSTEMPATH\CodeIgniter.php(354): CodeIgniter\CodeIgniter->handleRequest(null, Object(Config\Cache), false)
 7 SYSTEMPATH\Boot.php(334): CodeIgniter\CodeIgniter->run()
 8 SYSTEMPATH\Boot.php(67): CodeIgniter\Boot::runCodeIgniter(Object(CodeIgniter\CodeIgniter))
 9 FCPATH\index.php(56): CodeIgniter\Boot::bootWeb(Object(Config\Paths))
DEBUG - 2025-04-17 10:24:14 --> Session: Class initialized using 'CodeIgniter\Session\Handlers\FileHandler' driver.
WARNING - 2025-04-17 10:24:14 --> [DEPRECATED] Passing lowercase HTTP method "get" is deprecated. Use uppercase HTTP method like "GET". in SYSTEMPATH\Router\RouteCollection.php on line 1026.
 1 SYSTEMPATH\Router\RouteCollection.php(1026): trigger_error('Passing lowercase HTTP method "get" is deprecated. Use uppercase HTTP method like "GET".', 16384)
 2 APPPATH\Config\Routes.php(85): CodeIgniter\Router\RouteCollection->match([...], 'user/edit', 'User\\UserController::editProfile')
 3 SYSTEMPATH\Router\RouteCollection.php(339): require('C:\\wamp64\\www\\ci-learn_affix\\app\\Config\\Routes.php')
 4 SYSTEMPATH\CodeIgniter.php(821): CodeIgniter\Router\RouteCollection->loadRoutes()
 5 SYSTEMPATH\CodeIgniter.php(455): CodeIgniter\CodeIgniter->tryToRouteIt(null)
 6 SYSTEMPATH\CodeIgniter.php(354): CodeIgniter\CodeIgniter->handleRequest(null, Object(Config\Cache), false)
 7 SYSTEMPATH\Boot.php(334): CodeIgniter\CodeIgniter->run()
 8 SYSTEMPATH\Boot.php(67): CodeIgniter\Boot::runCodeIgniter(Object(CodeIgniter\CodeIgniter))
 9 FCPATH\index.php(56): CodeIgniter\Boot::bootWeb(Object(Config\Paths))
WARNING - 2025-04-17 10:24:14 --> [DEPRECATED] Passing lowercase HTTP method "post" is deprecated. Use uppercase HTTP method like "POST". in SYSTEMPATH\Router\RouteCollection.php on line 1026.
 1 SYSTEMPATH\Router\RouteCollection.php(1026): trigger_error('Passing lowercase HTTP method "post" is deprecated. Use uppercase HTTP method like "POST".', 16384)
 2 APPPATH\Config\Routes.php(85): CodeIgniter\Router\RouteCollection->match([...], 'user/edit', 'User\\UserController::editProfile')
 3 SYSTEMPATH\Router\RouteCollection.php(339): require('C:\\wamp64\\www\\ci-learn_affix\\app\\Config\\Routes.php')
 4 SYSTEMPATH\CodeIgniter.php(821): CodeIgniter\Router\RouteCollection->loadRoutes()
 5 SYSTEMPATH\CodeIgniter.php(455): CodeIgniter\CodeIgniter->tryToRouteIt(null)
 6 SYSTEMPATH\CodeIgniter.php(354): CodeIgniter\CodeIgniter->handleRequest(null, Object(Config\Cache), false)
 7 SYSTEMPATH\Boot.php(334): CodeIgniter\CodeIgniter->run()
 8 SYSTEMPATH\Boot.php(67): CodeIgniter\Boot::runCodeIgniter(Object(CodeIgniter\CodeIgniter))
 9 FCPATH\index.php(56): CodeIgniter\Boot::bootWeb(Object(Config\Paths))
DEBUG - 2025-04-17 10:24:14 --> Session: Class initialized using 'CodeIgniter\Session\Handlers\FileHandler' driver.
DEBUG - 2025-04-17 10:24:14 --> Session: Class initialized using 'CodeIgniter\Session\Handlers\FileHandler' driver.
WARNING - 2025-04-17 10:24:15 --> [DEPRECATED] Passing lowercase HTTP method "get" is deprecated. Use uppercase HTTP method like "GET". in SYSTEMPATH\Router\RouteCollection.php on line 1026.
 1 SYSTEMPATH\Router\RouteCollection.php(1026): trigger_error('Passing lowercase HTTP method "get" is deprecated. Use uppercase HTTP method like "GET".', 16384)
 2 APPPATH\Config\Routes.php(85): CodeIgniter\Router\RouteCollection->match([...], 'user/edit', 'User\\UserController::editProfile')
 3 SYSTEMPATH\Router\RouteCollection.php(339): require('C:\\wamp64\\www\\ci-learn_affix\\app\\Config\\Routes.php')
 4 SYSTEMPATH\CodeIgniter.php(821): CodeIgniter\Router\RouteCollection->loadRoutes()
 5 SYSTEMPATH\CodeIgniter.php(455): CodeIgniter\CodeIgniter->tryToRouteIt(null)
 6 SYSTEMPATH\CodeIgniter.php(354): CodeIgniter\CodeIgniter->handleRequest(null, Object(Config\Cache), false)
 7 SYSTEMPATH\Boot.php(334): CodeIgniter\CodeIgniter->run()
 8 SYSTEMPATH\Boot.php(67): CodeIgniter\Boot::runCodeIgniter(Object(CodeIgniter\CodeIgniter))
 9 FCPATH\index.php(56): CodeIgniter\Boot::bootWeb(Object(Config\Paths))
WARNING - 2025-04-17 10:24:15 --> [DEPRECATED] Passing lowercase HTTP method "post" is deprecated. Use uppercase HTTP method like "POST". in SYSTEMPATH\Router\RouteCollection.php on line 1026.
 1 SYSTEMPATH\Router\RouteCollection.php(1026): trigger_error('Passing lowercase HTTP method "post" is deprecated. Use uppercase HTTP method like "POST".', 16384)
 2 APPPATH\Config\Routes.php(85): CodeIgniter\Router\RouteCollection->match([...], 'user/edit', 'User\\UserController::editProfile')
 3 SYSTEMPATH\Router\RouteCollection.php(339): require('C:\\wamp64\\www\\ci-learn_affix\\app\\Config\\Routes.php')
 4 SYSTEMPATH\CodeIgniter.php(821): CodeIgniter\Router\RouteCollection->loadRoutes()
 5 SYSTEMPATH\CodeIgniter.php(455): CodeIgniter\CodeIgniter->tryToRouteIt(null)
 6 SYSTEMPATH\CodeIgniter.php(354): CodeIgniter\CodeIgniter->handleRequest(null, Object(Config\Cache), false)
 7 SYSTEMPATH\Boot.php(334): CodeIgniter\CodeIgniter->run()
 8 SYSTEMPATH\Boot.php(67): CodeIgniter\Boot::runCodeIgniter(Object(CodeIgniter\CodeIgniter))
 9 FCPATH\index.php(56): CodeIgniter\Boot::bootWeb(Object(Config\Paths))
DEBUG - 2025-04-17 10:24:43 --> Session: Class initialized using 'CodeIgniter\Session\Handlers\FileHandler' driver.
WARNING - 2025-04-17 10:24:43 --> [DEPRECATED] Passing lowercase HTTP method "get" is deprecated. Use uppercase HTTP method like "GET". in SYSTEMPATH\Router\RouteCollection.php on line 1026.
 1 SYSTEMPATH\Router\RouteCollection.php(1026): trigger_error('Passing lowercase HTTP method "get" is deprecated. Use uppercase HTTP method like "GET".', 16384)
 2 APPPATH\Config\Routes.php(85): CodeIgniter\Router\RouteCollection->match([...], 'user/edit', 'User\\UserController::editProfile')
 3 SYSTEMPATH\Router\RouteCollection.php(339): require('C:\\wamp64\\www\\ci-learn_affix\\app\\Config\\Routes.php')
 4 SYSTEMPATH\CodeIgniter.php(821): CodeIgniter\Router\RouteCollection->loadRoutes()
 5 SYSTEMPATH\CodeIgniter.php(455): CodeIgniter\CodeIgniter->tryToRouteIt(null)
 6 SYSTEMPATH\CodeIgniter.php(354): CodeIgniter\CodeIgniter->handleRequest(null, Object(Config\Cache), false)
 7 SYSTEMPATH\Boot.php(334): CodeIgniter\CodeIgniter->run()
 8 SYSTEMPATH\Boot.php(67): CodeIgniter\Boot::runCodeIgniter(Object(CodeIgniter\CodeIgniter))
 9 FCPATH\index.php(56): CodeIgniter\Boot::bootWeb(Object(Config\Paths))
WARNING - 2025-04-17 10:24:43 --> [DEPRECATED] Passing lowercase HTTP method "post" is deprecated. Use uppercase HTTP method like "POST". in SYSTEMPATH\Router\RouteCollection.php on line 1026.
 1 SYSTEMPATH\Router\RouteCollection.php(1026): trigger_error('Passing lowercase HTTP method "post" is deprecated. Use uppercase HTTP method like "POST".', 16384)
 2 APPPATH\Config\Routes.php(85): CodeIgniter\Router\RouteCollection->match([...], 'user/edit', 'User\\UserController::editProfile')
 3 SYSTEMPATH\Router\RouteCollection.php(339): require('C:\\wamp64\\www\\ci-learn_affix\\app\\Config\\Routes.php')
 4 SYSTEMPATH\CodeIgniter.php(821): CodeIgniter\Router\RouteCollection->loadRoutes()
 5 SYSTEMPATH\CodeIgniter.php(455): CodeIgniter\CodeIgniter->tryToRouteIt(null)
 6 SYSTEMPATH\CodeIgniter.php(354): CodeIgniter\CodeIgniter->handleRequest(null, Object(Config\Cache), false)
 7 SYSTEMPATH\Boot.php(334): CodeIgniter\CodeIgniter->run()
 8 SYSTEMPATH\Boot.php(67): CodeIgniter\Boot::runCodeIgniter(Object(CodeIgniter\CodeIgniter))
 9 FCPATH\index.php(56): CodeIgniter\Boot::bootWeb(Object(Config\Paths))
DEBUG - 2025-04-17 10:24:46 --> Unsplash API Response for category "Programming": {"id":"1IW4HQuauSU","slug":"person-sitting-in-front-of-computer-1IW4HQuauSU","alternative_slugs":{"en":"person-sitting-in-front-of-computer-1IW4HQuauSU","es":"persona-sentada-frente-a-la-computadora-1IW4HQuauSU","ja":"\u30b3\u30f3\u30d4\u30e5\u30fc\u30bf\u30fc\u306e\u524d\u306b\u5ea7\u3063\u3066\u3044\u308b\u4eba-1IW4HQuauSU","fr":"personne-assise-devant-lordinateur-1IW4HQuauSU","it":"persona-che-si-siede-davanti-al-computer-1IW4HQuauSU","ko":"\ucef4\ud4e8\ud130-\uc55e\uc5d0-\uc549\uc544\uc788\ub294-\uc0ac\ub78c-1IW4HQuauSU","de":"person-die-vor-dem-computer-sitzt-1IW4HQuauSU","pt":"pessoa-sentada-em-frente-ao-computador-1IW4HQuauSU"},"created_at":"2019-02-13T13:18:12Z","updated_at":"2025-04-17T08:50:12Z","promoted_at":"2019-02-15T10:46:15Z","width":6000,"height":4000,"color":"#262626","blur_hash":"L36RP?yZ={9tIUv}T0$+jeNLr?R%","description":null,"alt_description":"person sitting in front of computer","breadcrumbs":[],"urls":{"raw":"https:\/\/images.unsplash.com\/photo-1550063873-ab792950096b?ixid=M3w3Mzg4NTh8MHwxfHJhbmRvbXx8fHx8fHx8fDE3NDQ4ODU0ODV8&ixlib=rb-4.0.3","full":"https:\/\/images.unsplash.com\/photo-1550063873-ab792950096b?crop=entropy&cs=srgb&fm=jpg&ixid=M3w3Mzg4NTh8MHwxfHJhbmRvbXx8fHx8fHx8fDE3NDQ4ODU0ODV8&ixlib=rb-4.0.3&q=85","regular":"https:\/\/images.unsplash.com\/photo-1550063873-ab792950096b?crop=entropy&cs=tinysrgb&fit=max&fm=jpg&ixid=M3w3Mzg4NTh8MHwxfHJhbmRvbXx8fHx8fHx8fDE3NDQ4ODU0ODV8&ixlib=rb-4.0.3&q=80&w=1080","small":"https:\/\/images.unsplash.com\/photo-1550063873-ab792950096b?crop=entropy&cs=tinysrgb&fit=max&fm=jpg&ixid=M3w3Mzg4NTh8MHwxfHJhbmRvbXx8fHx8fHx8fDE3NDQ4ODU0ODV8&ixlib=rb-4.0.3&q=80&w=400","thumb":"https:\/\/images.unsplash.com\/photo-1550063873-ab792950096b?crop=entropy&cs=tinysrgb&fit=max&fm=jpg&ixid=M3w3Mzg4NTh8MHwxfHJhbmRvbXx8fHx8fHx8fDE3NDQ4ODU0ODV8&ixlib=rb-4.0.3&q=80&w=200","small_s3":"https:\/\/s3.us-west-2.amazonaws.com\/images.unsplash.com\/small\/photo-1550063873-ab792950096b"},"links":{"self":"https:\/\/api.unsplash.com\/photos\/person-sitting-in-front-of-computer-1IW4HQuauSU","html":"https:\/\/unsplash.com\/photos\/person-sitting-in-front-of-computer-1IW4HQuauSU","download":"https:\/\/unsplash.com\/photos\/1IW4HQuauSU\/download?ixid=M3w3Mzg4NTh8MHwxfHJhbmRvbXx8fHx8fHx8fDE3NDQ4ODU0ODV8","download_location":"https:\/\/api.unsplash.com\/photos\/1IW4HQuauSU\/download?ixid=M3w3Mzg4NTh8MHwxfHJhbmRvbXx8fHx8fHx8fDE3NDQ4ODU0ODV8"},"likes":195,"liked_by_user":false,"current_user_collections":[],"sponsorship":null,"topic_submissions":{"business-work":{"status":"approved","approved_on":"2020-04-06T14:20:15Z"}},"asset_type":"photo","user":{"id":"JbVC5e_dbJY","updated_at":"2024-10-10T21:37:46Z","username":"pankajpatel","name":"Pankaj Patel","first_name":"Pankaj","last_name":"Patel","twitter_username":"heypankaj_","portfolio_url":"https:\/\/pankaj.pro","bio":"Developer by Job, Geek by Nature and Blogger\/Photographer by hobby. https:\/\/time2hack.com","location":"Berlin","links":{"self":"https:\/\/api.unsplash.com\/users\/pankajpatel","html":"https:\/\/unsplash.com\/@pankajpatel","photos":"https:\/\/api.unsplash.com\/users\/pankajpatel\/photos","likes":"https:\/\/api.unsplash.com\/users\/pankajpatel\/likes","portfolio":"https:\/\/api.unsplash.com\/users\/pankajpatel\/portfolio","following":"https:\/\/api.unsplash.com\/users\/pankajpatel\/following","followers":"https:\/\/api.unsplash.com\/users\/pankajpatel\/followers"},"profile_image":{"small":"https:\/\/images.unsplash.com\/profile-1627718812915-18d601ea809fimage?ixlib=rb-4.0.3&crop=faces&fit=crop&w=32&h=32","medium":"https:\/\/images.unsplash.com\/profile-1627718812915-18d601ea809fimage?ixlib=rb-4.0.3&crop=faces&fit=crop&w=64&h=64","large":"https:\/\/images.unsplash.com\/profile-1627718812915-18d601ea809fimage?ixlib=rb-4.0.3&crop=faces&fit=crop&w=128&h=128"},"instagram_username":"pankaj_patel","total_collections":7,"total_likes":1001,"total_photos":61,"total_promoted_photos":9,"total_illustrations":0,"total_promoted_illustrations":0,"accepted_tos":true,"for_hire":false,"social":{"instagram_username":"pankaj_patel","portfolio_url":"https:\/\/pankaj.pro","twitter_username":"heypankaj_","paypal_email":null}},"exif":{"make":"NIKON CORPORATION","model":"NIKON D3300","name":"NIKON CORPORATION, NIKON D3300","exposure_time":"1\/60","aperture":"1.8","focal_length":"35.0","iso":400},"location":{"name":"Berlin, Germany","city":"Berlin","country":"Germany","position":{"latitude":null,"longitude":null}},"meta":{"index":true},"public_domain":false,"tags":[{"type":"search","title":"business"},{"type":"search","title":"dark"},{"type":"search","title":"programming"},{"type":"search","title":"code"},{"type":"search","title":"javascript"},{"type":"search","title":"promises"},{"type":"search","title":"visual studio"},{"type":"search","title":"grey"},{"type":"search","title":"germany"},{"type":"search","title":"text"},{"type":"search","title":"berlin"},{"type":"search","title":"electronics"},{"type":"search","title":"screen"},{"type":"search","title":"monitor"},{"type":"search","title":"menu"},{"type":"search","title":"display"}],"views":4639923,"downloads":26801,"topics":[{"id":"aeu6rL-j6ew","title":"Business & Work","slug":"business-work","visibility":"visible"}]}
DEBUG - 2025-04-17 10:24:46 --> No valid image found for category "Programming"
DEBUG - 2025-04-17 10:24:46 --> Fetched Image URL for category Programming: default-image.jpg
DEBUG - 2025-04-17 10:24:46 --> No valid image found for category Programming
DEBUG - 2025-04-17 10:24:48 --> Unsplash API Response for category "AI & Video": {"id":"GYd8tAn13L0","slug":"a-close-up-of-a-camera-on-a-table-GYd8tAn13L0","alternative_slugs":{"en":"a-close-up-of-a-camera-on-a-table-GYd8tAn13L0","es":"un-primer-plano-de-una-camara-sobre-una-mesa-GYd8tAn13L0","ja":"\u30c6\u30fc\u30d6\u30eb\u306e\u4e0a\u306e\u30ab\u30e1\u30e9\u306e\u30af\u30ed\u30fc\u30ba\u30a2\u30c3\u30d7-GYd8tAn13L0","fr":"gros-plan-dune-camera-sur-une-table-GYd8tAn13L0","it":"un-primo-piano-di-una-macchina-fotografica-su-un-tavolo-GYd8tAn13L0","ko":"\ud14c\uc774\ube14-\uc704\uc758-\uce74\uba54\ub77c-\ud074\ub85c\uc988\uc5c5-GYd8tAn13L0","de":"eine-nahaufnahme-einer-kamera-auf-einem-tisch-GYd8tAn13L0","pt":"um-close-up-de-uma-camera-em-uma-mesa-GYd8tAn13L0"},"created_at":"2019-05-09T15:11:15Z","updated_at":"2025-04-17T06:17:03Z","promoted_at":null,"width":6000,"height":4000,"color":"#262626","blur_hash":"LTD+_B4nIUxu~qD%M_ofxuaxIot7","description":"Now availa....oh wait no. Now Sold Out at Voice and Video! We couldn't keep the Tilta Nucleus Nano on our shelves for a week before they got scooped up. This compact follow focus system works up to 300ft (unobstructed, of course) and is perfect for solo shooters looking to step up their game or AC's who need a simple, affordable wireless solution.\r\n\r\nUpdate 7\/22: These puppies are back in stock and looking for a new home. So unless you hate puppies, you should buy one. Ya know?","alt_description":"a close up of a camera on a table","breadcrumbs":[],"urls":{"raw":"https:\/\/images.unsplash.com\/photo-1557414615-ff8da29cb749?ixid=M3w3Mzg4NTh8MHwxfHJhbmRvbXx8fHx8fHx8fDE3NDQ4ODU0ODh8&ixlib=rb-4.0.3","full":"https:\/\/images.unsplash.com\/photo-1557414615-ff8da29cb749?crop=entropy&cs=srgb&fm=jpg&ixid=M3w3Mzg4NTh8MHwxfHJhbmRvbXx8fHx8fHx8fDE3NDQ4ODU0ODh8&ixlib=rb-4.0.3&q=85","regular":"https:\/\/images.unsplash.com\/photo-1557414615-ff8da29cb749?crop=entropy&cs=tinysrgb&fit=max&fm=jpg&ixid=M3w3Mzg4NTh8MHwxfHJhbmRvbXx8fHx8fHx8fDE3NDQ4ODU0ODh8&ixlib=rb-4.0.3&q=80&w=1080","small":"https:\/\/images.unsplash.com\/photo-1557414615-ff8da29cb749?crop=entropy&cs=tinysrgb&fit=max&fm=jpg&ixid=M3w3Mzg4NTh8MHwxfHJhbmRvbXx8fHx8fHx8fDE3NDQ4ODU0ODh8&ixlib=rb-4.0.3&q=80&w=400","thumb":"https:\/\/images.unsplash.com\/photo-1557414615-ff8da29cb749?crop=entropy&cs=tinysrgb&fit=max&fm=jpg&ixid=M3w3Mzg4NTh8MHwxfHJhbmRvbXx8fHx8fHx8fDE3NDQ4ODU0ODh8&ixlib=rb-4.0.3&q=80&w=200","small_s3":"https:\/\/s3.us-west-2.amazonaws.com\/images.unsplash.com\/small\/photo-1557414615-ff8da29cb749"},"links":{"self":"https:\/\/api.unsplash.com\/photos\/a-close-up-of-a-camera-on-a-table-GYd8tAn13L0","html":"https:\/\/unsplash.com\/photos\/a-close-up-of-a-camera-on-a-table-GYd8tAn13L0","download":"https:\/\/unsplash.com\/photos\/GYd8tAn13L0\/download?ixid=M3w3Mzg4NTh8MHwxfHJhbmRvbXx8fHx8fHx8fDE3NDQ4ODU0ODh8","download_location":"https:\/\/api.unsplash.com\/photos\/GYd8tAn13L0\/download?ixid=M3w3Mzg4NTh8MHwxfHJhbmRvbXx8fHx8fHx8fDE3NDQ4ODU0ODh8"},"likes":8,"liked_by_user":false,"current_user_collections":[],"sponsorship":null,"topic_submissions":[],"asset_type":"photo","user":{"id":"BDbF_6_4b1Y","updated_at":"2024-10-10T23:17:51Z","username":"voiceandvideo","name":"Voice + Video","first_name":"Voice","last_name":"+ Video","twitter_username":null,"portfolio_url":"http:\/\/www.voiceandvideosales.com","bio":"Voice & Video is the only pro shop in San Diego selling and renting gear for pro shooters. Whether it's documentaries, commercials, feature films, or your vlog, stop by our showroom in Kearny Mesa to see what toys await you!","location":"4909 Ruffner St. San Diego, CA 92111","links":{"self":"https:\/\/api.unsplash.com\/users\/voiceandvideo","html":"https:\/\/unsplash.com\/@voiceandvideo","photos":"https:\/\/api.unsplash.com\/users\/voiceandvideo\/photos","likes":"https:\/\/api.unsplash.com\/users\/voiceandvideo\/likes","portfolio":"https:\/\/api.unsplash.com\/users\/voiceandvideo\/portfolio","following":"https:\/\/api.unsplash.com\/users\/voiceandvideo\/following","followers":"https:\/\/api.unsplash.com\/users\/voiceandvideo\/followers"},"profile_image":{"small":"https:\/\/images.unsplash.com\/profile-1569597439516-906ffd854549image?ixlib=rb-4.0.3&crop=faces&fit=crop&w=32&h=32","medium":"https:\/\/images.unsplash.com\/profile-1569597439516-906ffd854549image?ixlib=rb-4.0.3&crop=faces&fit=crop&w=64&h=64","large":"https:\/\/images.unsplash.com\/profile-1569597439516-906ffd854549image?ixlib=rb-4.0.3&crop=faces&fit=crop&w=128&h=128"},"instagram_username":"voiceandvideosales","total_collections":0,"total_likes":4,"total_photos":52,"total_promoted_photos":11,"total_illustrations":0,"total_promoted_illustrations":0,"accepted_tos":true,"for_hire":false,"social":{"instagram_username":"voiceandvideosales","portfolio_url":"http:\/\/www.voiceandvideosales.com","twitter_username":null,"paypal_email":null}},"exif":{"make":"Canon","model":"Canon EOS 80D","name":"Canon, EOS 80D","exposure_time":"1\/250","aperture":"4.5","focal_length":"29","iso":6400},"location":{"name":"Voice and Video Sales, San Diego, United States","city":"San Diego","country":"United States","position":{"latitude":null,"longitude":null}},"meta":{"index":true},"public_domain":false,"tags":[{"type":"search","title":"video"},{"type":"search","title":"red"},{"type":"search","title":"cinema"},{"type":"search","title":"sales"},{"type":"search","title":"san diego"},{"type":"search","title":"production"},{"type":"search","title":"nano"},{"type":"search","title":"nucleus"},{"type":"search","title":"rentals"},{"type":"search","title":"grey"},{"type":"search","title":"camera"},{"type":"search","title":"united states"},{"type":"search","title":"electronics"},{"type":"search","title":"wristwatch"},{"type":"search","title":"digital camera"}],"views":1017600,"downloads":1453,"topics":[]}
DEBUG - 2025-04-17 10:24:48 --> No valid image found for category "AI & Video"
DEBUG - 2025-04-17 10:24:48 --> Fetched Image URL for category AI & Video: default-image.jpg
DEBUG - 2025-04-17 10:24:48 --> No valid image found for category AI & Video
DEBUG - 2025-04-17 10:24:50 --> Unsplash API Response for category "Cybersecurity": {"id":"iIJrUoeRoCQ","slug":"closeup-photo-of-turned-on-blue-and-white-laptop-computer-iIJrUoeRoCQ","alternative_slugs":{"en":"closeup-photo-of-turned-on-blue-and-white-laptop-computer-iIJrUoeRoCQ","es":"closeup-photo-of-turned-on-blue-and-white-laptop-computer-iIJrUoeRoCQ","ja":"closeup-photo-of-turned-on-blue-and-white-laptop-computer-iIJrUoeRoCQ","fr":"closeup-photo-of-turned-on-blue-and-white-laptop-computer-iIJrUoeRoCQ","it":"closeup-photo-of-turned-on-blue-and-white-laptop-computer-iIJrUoeRoCQ","ko":"\ud30c\ub780\uc0c9\uacfc-\ud770\uc0c9-\ub178\ud2b8\ubd81-\ucef4\ud4e8\ud130\uc758-\uadfc\uc811-\ucd2c\uc601-\uc0ac\uc9c4-iIJrUoeRoCQ","de":"closeup-photo-of-turned-on-blue-and-white-laptop-computer-iIJrUoeRoCQ","pt":"closeup-photo-of-turned-on-blue-and-white-laptop-computer-iIJrUoeRoCQ"},"created_at":"2019-01-21T17:40:40Z","updated_at":"2025-04-17T08:49:31Z","promoted_at":null,"width":6000,"height":4000,"color":"#0c2640","blur_hash":"LG3,:HnlQRo}Qlbvtla0XnafZ}ad","description":null,"alt_description":"closeup photo of turned-on blue and white laptop computer","breadcrumbs":[],"urls":{"raw":"https:\/\/images.unsplash.com\/photo-1548092372-0d1bd40894a3?ixid=M3w3Mzg4NTh8MHwxfHJhbmRvbXx8fHx8fHx8fDE3NDQ4ODU0ODl8&ixlib=rb-4.0.3","full":"https:\/\/images.unsplash.com\/photo-1548092372-0d1bd40894a3?crop=entropy&cs=srgb&fm=jpg&ixid=M3w3Mzg4NTh8MHwxfHJhbmRvbXx8fHx8fHx8fDE3NDQ4ODU0ODl8&ixlib=rb-4.0.3&q=85","regular":"https:\/\/images.unsplash.com\/photo-1548092372-0d1bd40894a3?crop=entropy&cs=tinysrgb&fit=max&fm=jpg&ixid=M3w3Mzg4NTh8MHwxfHJhbmRvbXx8fHx8fHx8fDE3NDQ4ODU0ODl8&ixlib=rb-4.0.3&q=80&w=1080","small":"https:\/\/images.unsplash.com\/photo-1548092372-0d1bd40894a3?crop=entropy&cs=tinysrgb&fit=max&fm=jpg&ixid=M3w3Mzg4NTh8MHwxfHJhbmRvbXx8fHx8fHx8fDE3NDQ4ODU0ODl8&ixlib=rb-4.0.3&q=80&w=400","thumb":"https:\/\/images.unsplash.com\/photo-1548092372-0d1bd40894a3?crop=entropy&cs=tinysrgb&fit=max&fm=jpg&ixid=M3w3Mzg4NTh8MHwxfHJhbmRvbXx8fHx8fHx8fDE3NDQ4ODU0ODl8&ixlib=rb-4.0.3&q=80&w=200","small_s3":"https:\/\/s3.us-west-2.amazonaws.com\/images.unsplash.com\/small\/photo-1548092372-0d1bd40894a3"},"links":{"self":"https:\/\/api.unsplash.com\/photos\/closeup-photo-of-turned-on-blue-and-white-laptop-computer-iIJrUoeRoCQ","html":"https:\/\/unsplash.com\/photos\/closeup-photo-of-turned-on-blue-and-white-laptop-computer-iIJrUoeRoCQ","download":"https:\/\/unsplash.com\/photos\/iIJrUoeRoCQ\/download?ixid=M3w3Mzg4NTh8MHwxfHJhbmRvbXx8fHx8fHx8fDE3NDQ4ODU0ODl8","download_location":"https:\/\/api.unsplash.com\/photos\/iIJrUoeRoCQ\/download?ixid=M3w3Mzg4NTh8MHwxfHJhbmRvbXx8fHx8fHx8fDE3NDQ4ODU0ODl8"},"likes":1357,"liked_by_user":false,"current_user_collections":[],"sponsorship":null,"topic_submissions":{"technology":{"status":"approved","approved_on":"2020-04-15T16:00:29Z"}},"asset_type":"photo","user":{"id":"VPz0jBvotY0","updated_at":"2024-10-10T22:06:41Z","username":"fantasyflip","name":"Philipp Katzenberger","first_name":"Philipp","last_name":"Katzenberger","twitter_username":null,"portfolio_url":"https:\/\/m8motion.com","bio":"German Guy taking Photos as a Hobby.\r\n- iPhone 13 Pro - Sony Alpha 77 - Sony Alpha 99","location":"Germany","links":{"self":"https:\/\/api.unsplash.com\/users\/fantasyflip","html":"https:\/\/unsplash.com\/@fantasyflip","photos":"https:\/\/api.unsplash.com\/users\/fantasyflip\/photos","likes":"https:\/\/api.unsplash.com\/users\/fantasyflip\/likes","portfolio":"https:\/\/api.unsplash.com\/users\/fantasyflip\/portfolio","following":"https:\/\/api.unsplash.com\/users\/fantasyflip\/following","followers":"https:\/\/api.unsplash.com\/users\/fantasyflip\/followers"},"profile_image":{"small":"https:\/\/images.unsplash.com\/profile-1548092166159-47c060949f3c?ixlib=rb-4.0.3&crop=faces&fit=crop&w=32&h=32","medium":"https:\/\/images.unsplash.com\/profile-1548092166159-47c060949f3c?ixlib=rb-4.0.3&crop=faces&fit=crop&w=64&h=64","large":"https:\/\/images.unsplash.com\/profile-1548092166159-47c060949f3c?ixlib=rb-4.0.3&crop=faces&fit=crop&w=128&h=128"},"instagram_username":"f32.flip","total_collections":4,"total_likes":46,"total_photos":151,"total_promoted_photos":8,"total_illustrations":0,"total_promoted_illustrations":0,"accepted_tos":true,"for_hire":true,"social":{"instagram_username":"f32.flip","portfolio_url":"https:\/\/m8motion.com","twitter_username":null,"paypal_email":null}},"exif":{"make":"SONY","model":"SLT-A77V","name":"SONY, SLT-A77V","exposure_time":"8","aperture":"3.5","focal_length":"50.0","iso":100},"location":{"name":null,"city":null,"country":null,"position":{"latitude":null,"longitude":null}},"meta":{"index":true},"public_domain":false,"tags":[{"type":"search","title":"dark"},{"type":"search","title":"book"},{"type":"search","title":"color"},{"type":"search","title":"apple"},{"type":"search","title":"macbook"},{"type":"search","title":"keyboard"},{"type":"search","title":"mac"},{"type":"search","title":"pro"},{"type":"search","title":"glowing"},{"type":"search","title":"technology"},{"type":"search","title":"computer"},{"type":"search","title":"tech"},{"type":"search","title":"blue"},{"type":"search","title":"green"},{"type":"search","title":"website"},{"type":"search","title":"data"},{"type":"search","title":"security"},{"type":"search","title":"text"},{"type":"search","title":"electronics"},{"type":"search","title":"computer keyboard"}],"views":38961528,"downloads":418404,"topics":[{"id":"J9yrPaHXRQY","title":"Technology","slug":"technology","visibility":"hidden"}]}
DEBUG - 2025-04-17 10:24:50 --> No valid image found for category "Cybersecurity"
DEBUG - 2025-04-17 10:24:50 --> Fetched Image URL for category Cybersecurity: default-image.jpg
DEBUG - 2025-04-17 10:24:50 --> No valid image found for category Cybersecurity
DEBUG - 2025-04-17 10:24:50 --> Session: Class initialized using 'CodeIgniter\Session\Handlers\FileHandler' driver.
WARNING - 2025-04-17 10:24:50 --> [DEPRECATED] Passing lowercase HTTP method "get" is deprecated. Use uppercase HTTP method like "GET". in SYSTEMPATH\Router\RouteCollection.php on line 1026.
 1 SYSTEMPATH\Router\RouteCollection.php(1026): trigger_error('Passing lowercase HTTP method "get" is deprecated. Use uppercase HTTP method like "GET".', 16384)
 2 APPPATH\Config\Routes.php(85): CodeIgniter\Router\RouteCollection->match([...], 'user/edit', 'User\\UserController::editProfile')
 3 SYSTEMPATH\Router\RouteCollection.php(339): require('C:\\wamp64\\www\\ci-learn_affix\\app\\Config\\Routes.php')
 4 SYSTEMPATH\CodeIgniter.php(821): CodeIgniter\Router\RouteCollection->loadRoutes()
 5 SYSTEMPATH\CodeIgniter.php(455): CodeIgniter\CodeIgniter->tryToRouteIt(null)
 6 SYSTEMPATH\CodeIgniter.php(354): CodeIgniter\CodeIgniter->handleRequest(null, Object(Config\Cache), false)
 7 SYSTEMPATH\Boot.php(334): CodeIgniter\CodeIgniter->run()
 8 SYSTEMPATH\Boot.php(67): CodeIgniter\Boot::runCodeIgniter(Object(CodeIgniter\CodeIgniter))
 9 FCPATH\index.php(56): CodeIgniter\Boot::bootWeb(Object(Config\Paths))
WARNING - 2025-04-17 10:24:50 --> [DEPRECATED] Passing lowercase HTTP method "post" is deprecated. Use uppercase HTTP method like "POST". in SYSTEMPATH\Router\RouteCollection.php on line 1026.
 1 SYSTEMPATH\Router\RouteCollection.php(1026): trigger_error('Passing lowercase HTTP method "post" is deprecated. Use uppercase HTTP method like "POST".', 16384)
 2 APPPATH\Config\Routes.php(85): CodeIgniter\Router\RouteCollection->match([...], 'user/edit', 'User\\UserController::editProfile')
 3 SYSTEMPATH\Router\RouteCollection.php(339): require('C:\\wamp64\\www\\ci-learn_affix\\app\\Config\\Routes.php')
 4 SYSTEMPATH\CodeIgniter.php(821): CodeIgniter\Router\RouteCollection->loadRoutes()
 5 SYSTEMPATH\CodeIgniter.php(455): CodeIgniter\CodeIgniter->tryToRouteIt(null)
 6 SYSTEMPATH\CodeIgniter.php(354): CodeIgniter\CodeIgniter->handleRequest(null, Object(Config\Cache), false)
 7 SYSTEMPATH\Boot.php(334): CodeIgniter\CodeIgniter->run()
 8 SYSTEMPATH\Boot.php(67): CodeIgniter\Boot::runCodeIgniter(Object(CodeIgniter\CodeIgniter))
 9 FCPATH\index.php(56): CodeIgniter\Boot::bootWeb(Object(Config\Paths))
DEBUG - 2025-04-17 10:24:50 --> Session: Class initialized using 'CodeIgniter\Session\Handlers\FileHandler' driver.
WARNING - 2025-04-17 10:24:50 --> [DEPRECATED] Passing lowercase HTTP method "get" is deprecated. Use uppercase HTTP method like "GET". in SYSTEMPATH\Router\RouteCollection.php on line 1026.
 1 SYSTEMPATH\Router\RouteCollection.php(1026): trigger_error('Passing lowercase HTTP method "get" is deprecated. Use uppercase HTTP method like "GET".', 16384)
 2 APPPATH\Config\Routes.php(85): CodeIgniter\Router\RouteCollection->match([...], 'user/edit', 'User\\UserController::editProfile')
 3 SYSTEMPATH\Router\RouteCollection.php(339): require('C:\\wamp64\\www\\ci-learn_affix\\app\\Config\\Routes.php')
 4 SYSTEMPATH\CodeIgniter.php(821): CodeIgniter\Router\RouteCollection->loadRoutes()
 5 SYSTEMPATH\CodeIgniter.php(455): CodeIgniter\CodeIgniter->tryToRouteIt(null)
 6 SYSTEMPATH\CodeIgniter.php(354): CodeIgniter\CodeIgniter->handleRequest(null, Object(Config\Cache), false)
 7 SYSTEMPATH\Boot.php(334): CodeIgniter\CodeIgniter->run()
 8 SYSTEMPATH\Boot.php(67): CodeIgniter\Boot::runCodeIgniter(Object(CodeIgniter\CodeIgniter))
 9 FCPATH\index.php(56): CodeIgniter\Boot::bootWeb(Object(Config\Paths))
WARNING - 2025-04-17 10:24:50 --> [DEPRECATED] Passing lowercase HTTP method "post" is deprecated. Use uppercase HTTP method like "POST". in SYSTEMPATH\Router\RouteCollection.php on line 1026.
 1 SYSTEMPATH\Router\RouteCollection.php(1026): trigger_error('Passing lowercase HTTP method "post" is deprecated. Use uppercase HTTP method like "POST".', 16384)
 2 APPPATH\Config\Routes.php(85): CodeIgniter\Router\RouteCollection->match([...], 'user/edit', 'User\\UserController::editProfile')
 3 SYSTEMPATH\Router\RouteCollection.php(339): require('C:\\wamp64\\www\\ci-learn_affix\\app\\Config\\Routes.php')
 4 SYSTEMPATH\CodeIgniter.php(821): CodeIgniter\Router\RouteCollection->loadRoutes()
 5 SYSTEMPATH\CodeIgniter.php(455): CodeIgniter\CodeIgniter->tryToRouteIt(null)
 6 SYSTEMPATH\CodeIgniter.php(354): CodeIgniter\CodeIgniter->handleRequest(null, Object(Config\Cache), false)
 7 SYSTEMPATH\Boot.php(334): CodeIgniter\CodeIgniter->run()
 8 SYSTEMPATH\Boot.php(67): CodeIgniter\Boot::runCodeIgniter(Object(CodeIgniter\CodeIgniter))
 9 FCPATH\index.php(56): CodeIgniter\Boot::bootWeb(Object(Config\Paths))
DEBUG - 2025-04-17 10:24:50 --> Session: Class initialized using 'CodeIgniter\Session\Handlers\FileHandler' driver.
WARNING - 2025-04-17 10:24:50 --> [DEPRECATED] Passing lowercase HTTP method "get" is deprecated. Use uppercase HTTP method like "GET". in SYSTEMPATH\Router\RouteCollection.php on line 1026.
 1 SYSTEMPATH\Router\RouteCollection.php(1026): trigger_error('Passing lowercase HTTP method "get" is deprecated. Use uppercase HTTP method like "GET".', 16384)
 2 APPPATH\Config\Routes.php(85): CodeIgniter\Router\RouteCollection->match([...], 'user/edit', 'User\\UserController::editProfile')
 3 SYSTEMPATH\Router\RouteCollection.php(339): require('C:\\wamp64\\www\\ci-learn_affix\\app\\Config\\Routes.php')
 4 SYSTEMPATH\CodeIgniter.php(821): CodeIgniter\Router\RouteCollection->loadRoutes()
 5 SYSTEMPATH\CodeIgniter.php(455): CodeIgniter\CodeIgniter->tryToRouteIt(null)
 6 SYSTEMPATH\CodeIgniter.php(354): CodeIgniter\CodeIgniter->handleRequest(null, Object(Config\Cache), false)
 7 SYSTEMPATH\Boot.php(334): CodeIgniter\CodeIgniter->run()
 8 SYSTEMPATH\Boot.php(67): CodeIgniter\Boot::runCodeIgniter(Object(CodeIgniter\CodeIgniter))
 9 FCPATH\index.php(56): CodeIgniter\Boot::bootWeb(Object(Config\Paths))
WARNING - 2025-04-17 10:24:50 --> [DEPRECATED] Passing lowercase HTTP method "post" is deprecated. Use uppercase HTTP method like "POST". in SYSTEMPATH\Router\RouteCollection.php on line 1026.
 1 SYSTEMPATH\Router\RouteCollection.php(1026): trigger_error('Passing lowercase HTTP method "post" is deprecated. Use uppercase HTTP method like "POST".', 16384)
 2 APPPATH\Config\Routes.php(85): CodeIgniter\Router\RouteCollection->match([...], 'user/edit', 'User\\UserController::editProfile')
 3 SYSTEMPATH\Router\RouteCollection.php(339): require('C:\\wamp64\\www\\ci-learn_affix\\app\\Config\\Routes.php')
 4 SYSTEMPATH\CodeIgniter.php(821): CodeIgniter\Router\RouteCollection->loadRoutes()
 5 SYSTEMPATH\CodeIgniter.php(455): CodeIgniter\CodeIgniter->tryToRouteIt(null)
 6 SYSTEMPATH\CodeIgniter.php(354): CodeIgniter\CodeIgniter->handleRequest(null, Object(Config\Cache), false)
 7 SYSTEMPATH\Boot.php(334): CodeIgniter\CodeIgniter->run()
 8 SYSTEMPATH\Boot.php(67): CodeIgniter\Boot::runCodeIgniter(Object(CodeIgniter\CodeIgniter))
 9 FCPATH\index.php(56): CodeIgniter\Boot::bootWeb(Object(Config\Paths))
DEBUG - 2025-04-17 10:24:50 --> Session: Class initialized using 'CodeIgniter\Session\Handlers\FileHandler' driver.
DEBUG - 2025-04-17 10:24:51 --> Session: Class initialized using 'CodeIgniter\Session\Handlers\FileHandler' driver.
WARNING - 2025-04-17 10:24:51 --> [DEPRECATED] Passing lowercase HTTP method "get" is deprecated. Use uppercase HTTP method like "GET". in SYSTEMPATH\Router\RouteCollection.php on line 1026.
 1 SYSTEMPATH\Router\RouteCollection.php(1026): trigger_error('Passing lowercase HTTP method "get" is deprecated. Use uppercase HTTP method like "GET".', 16384)
 2 APPPATH\Config\Routes.php(85): CodeIgniter\Router\RouteCollection->match([...], 'user/edit', 'User\\UserController::editProfile')
 3 SYSTEMPATH\Router\RouteCollection.php(339): require('C:\\wamp64\\www\\ci-learn_affix\\app\\Config\\Routes.php')
 4 SYSTEMPATH\CodeIgniter.php(821): CodeIgniter\Router\RouteCollection->loadRoutes()
 5 SYSTEMPATH\CodeIgniter.php(455): CodeIgniter\CodeIgniter->tryToRouteIt(null)
 6 SYSTEMPATH\CodeIgniter.php(354): CodeIgniter\CodeIgniter->handleRequest(null, Object(Config\Cache), false)
 7 SYSTEMPATH\Boot.php(334): CodeIgniter\CodeIgniter->run()
 8 SYSTEMPATH\Boot.php(67): CodeIgniter\Boot::runCodeIgniter(Object(CodeIgniter\CodeIgniter))
 9 FCPATH\index.php(56): CodeIgniter\Boot::bootWeb(Object(Config\Paths))
WARNING - 2025-04-17 10:24:51 --> [DEPRECATED] Passing lowercase HTTP method "post" is deprecated. Use uppercase HTTP method like "POST". in SYSTEMPATH\Router\RouteCollection.php on line 1026.
 1 SYSTEMPATH\Router\RouteCollection.php(1026): trigger_error('Passing lowercase HTTP method "post" is deprecated. Use uppercase HTTP method like "POST".', 16384)
 2 APPPATH\Config\Routes.php(85): CodeIgniter\Router\RouteCollection->match([...], 'user/edit', 'User\\UserController::editProfile')
 3 SYSTEMPATH\Router\RouteCollection.php(339): require('C:\\wamp64\\www\\ci-learn_affix\\app\\Config\\Routes.php')
 4 SYSTEMPATH\CodeIgniter.php(821): CodeIgniter\Router\RouteCollection->loadRoutes()
 5 SYSTEMPATH\CodeIgniter.php(455): CodeIgniter\CodeIgniter->tryToRouteIt(null)
 6 SYSTEMPATH\CodeIgniter.php(354): CodeIgniter\CodeIgniter->handleRequest(null, Object(Config\Cache), false)
 7 SYSTEMPATH\Boot.php(334): CodeIgniter\CodeIgniter->run()
 8 SYSTEMPATH\Boot.php(67): CodeIgniter\Boot::runCodeIgniter(Object(CodeIgniter\CodeIgniter))
 9 FCPATH\index.php(56): CodeIgniter\Boot::bootWeb(Object(Config\Paths))
DEBUG - 2025-04-17 10:24:51 --> Session: Class initialized using 'CodeIgniter\Session\Handlers\FileHandler' driver.
WARNING - 2025-04-17 10:24:51 --> [DEPRECATED] Passing lowercase HTTP method "get" is deprecated. Use uppercase HTTP method like "GET". in SYSTEMPATH\Router\RouteCollection.php on line 1026.
 1 SYSTEMPATH\Router\RouteCollection.php(1026): trigger_error('Passing lowercase HTTP method "get" is deprecated. Use uppercase HTTP method like "GET".', 16384)
 2 APPPATH\Config\Routes.php(85): CodeIgniter\Router\RouteCollection->match([...], 'user/edit', 'User\\UserController::editProfile')
 3 SYSTEMPATH\Router\RouteCollection.php(339): require('C:\\wamp64\\www\\ci-learn_affix\\app\\Config\\Routes.php')
 4 SYSTEMPATH\CodeIgniter.php(821): CodeIgniter\Router\RouteCollection->loadRoutes()
 5 SYSTEMPATH\CodeIgniter.php(455): CodeIgniter\CodeIgniter->tryToRouteIt(null)
 6 SYSTEMPATH\CodeIgniter.php(354): CodeIgniter\CodeIgniter->handleRequest(null, Object(Config\Cache), false)
 7 SYSTEMPATH\Boot.php(334): CodeIgniter\CodeIgniter->run()
 8 SYSTEMPATH\Boot.php(67): CodeIgniter\Boot::runCodeIgniter(Object(CodeIgniter\CodeIgniter))
 9 FCPATH\index.php(56): CodeIgniter\Boot::bootWeb(Object(Config\Paths))
WARNING - 2025-04-17 10:24:51 --> [DEPRECATED] Passing lowercase HTTP method "post" is deprecated. Use uppercase HTTP method like "POST". in SYSTEMPATH\Router\RouteCollection.php on line 1026.
 1 SYSTEMPATH\Router\RouteCollection.php(1026): trigger_error('Passing lowercase HTTP method "post" is deprecated. Use uppercase HTTP method like "POST".', 16384)
 2 APPPATH\Config\Routes.php(85): CodeIgniter\Router\RouteCollection->match([...], 'user/edit', 'User\\UserController::editProfile')
 3 SYSTEMPATH\Router\RouteCollection.php(339): require('C:\\wamp64\\www\\ci-learn_affix\\app\\Config\\Routes.php')
 4 SYSTEMPATH\CodeIgniter.php(821): CodeIgniter\Router\RouteCollection->loadRoutes()
 5 SYSTEMPATH\CodeIgniter.php(455): CodeIgniter\CodeIgniter->tryToRouteIt(null)
 6 SYSTEMPATH\CodeIgniter.php(354): CodeIgniter\CodeIgniter->handleRequest(null, Object(Config\Cache), false)
 7 SYSTEMPATH\Boot.php(334): CodeIgniter\CodeIgniter->run()
 8 SYSTEMPATH\Boot.php(67): CodeIgniter\Boot::runCodeIgniter(Object(CodeIgniter\CodeIgniter))
 9 FCPATH\index.php(56): CodeIgniter\Boot::bootWeb(Object(Config\Paths))
DEBUG - 2025-04-17 10:26:47 --> Session: Class initialized using 'CodeIgniter\Session\Handlers\FileHandler' driver.
WARNING - 2025-04-17 10:26:47 --> [DEPRECATED] Passing lowercase HTTP method "get" is deprecated. Use uppercase HTTP method like "GET". in SYSTEMPATH\Router\RouteCollection.php on line 1026.
 1 SYSTEMPATH\Router\RouteCollection.php(1026): trigger_error('Passing lowercase HTTP method "get" is deprecated. Use uppercase HTTP method like "GET".', 16384)
 2 APPPATH\Config\Routes.php(85): CodeIgniter\Router\RouteCollection->match([...], 'user/edit', 'User\\UserController::editProfile')
 3 SYSTEMPATH\Router\RouteCollection.php(339): require('C:\\wamp64\\www\\ci-learn_affix\\app\\Config\\Routes.php')
 4 SYSTEMPATH\CodeIgniter.php(821): CodeIgniter\Router\RouteCollection->loadRoutes()
 5 SYSTEMPATH\CodeIgniter.php(455): CodeIgniter\CodeIgniter->tryToRouteIt(null)
 6 SYSTEMPATH\CodeIgniter.php(354): CodeIgniter\CodeIgniter->handleRequest(null, Object(Config\Cache), false)
 7 SYSTEMPATH\Boot.php(334): CodeIgniter\CodeIgniter->run()
 8 SYSTEMPATH\Boot.php(67): CodeIgniter\Boot::runCodeIgniter(Object(CodeIgniter\CodeIgniter))
 9 FCPATH\index.php(56): CodeIgniter\Boot::bootWeb(Object(Config\Paths))
WARNING - 2025-04-17 10:26:47 --> [DEPRECATED] Passing lowercase HTTP method "post" is deprecated. Use uppercase HTTP method like "POST". in SYSTEMPATH\Router\RouteCollection.php on line 1026.
 1 SYSTEMPATH\Router\RouteCollection.php(1026): trigger_error('Passing lowercase HTTP method "post" is deprecated. Use uppercase HTTP method like "POST".', 16384)
 2 APPPATH\Config\Routes.php(85): CodeIgniter\Router\RouteCollection->match([...], 'user/edit', 'User\\UserController::editProfile')
 3 SYSTEMPATH\Router\RouteCollection.php(339): require('C:\\wamp64\\www\\ci-learn_affix\\app\\Config\\Routes.php')
 4 SYSTEMPATH\CodeIgniter.php(821): CodeIgniter\Router\RouteCollection->loadRoutes()
 5 SYSTEMPATH\CodeIgniter.php(455): CodeIgniter\CodeIgniter->tryToRouteIt(null)
 6 SYSTEMPATH\CodeIgniter.php(354): CodeIgniter\CodeIgniter->handleRequest(null, Object(Config\Cache), false)
 7 SYSTEMPATH\Boot.php(334): CodeIgniter\CodeIgniter->run()
 8 SYSTEMPATH\Boot.php(67): CodeIgniter\Boot::runCodeIgniter(Object(CodeIgniter\CodeIgniter))
 9 FCPATH\index.php(56): CodeIgniter\Boot::bootWeb(Object(Config\Paths))
DEBUG - 2025-04-17 10:26:48 --> Session: Class initialized using 'CodeIgniter\Session\Handlers\FileHandler' driver.
DEBUG - 2025-04-17 10:26:49 --> Session: Class initialized using 'CodeIgniter\Session\Handlers\FileHandler' driver.
WARNING - 2025-04-17 10:26:49 --> [DEPRECATED] Passing lowercase HTTP method "get" is deprecated. Use uppercase HTTP method like "GET". in SYSTEMPATH\Router\RouteCollection.php on line 1026.
 1 SYSTEMPATH\Router\RouteCollection.php(1026): trigger_error('Passing lowercase HTTP method "get" is deprecated. Use uppercase HTTP method like "GET".', 16384)
 2 APPPATH\Config\Routes.php(85): CodeIgniter\Router\RouteCollection->match([...], 'user/edit', 'User\\UserController::editProfile')
 3 SYSTEMPATH\Router\RouteCollection.php(339): require('C:\\wamp64\\www\\ci-learn_affix\\app\\Config\\Routes.php')
 4 SYSTEMPATH\CodeIgniter.php(821): CodeIgniter\Router\RouteCollection->loadRoutes()
 5 SYSTEMPATH\CodeIgniter.php(455): CodeIgniter\CodeIgniter->tryToRouteIt(null)
 6 SYSTEMPATH\CodeIgniter.php(354): CodeIgniter\CodeIgniter->handleRequest(null, Object(Config\Cache), false)
 7 SYSTEMPATH\Boot.php(334): CodeIgniter\CodeIgniter->run()
 8 SYSTEMPATH\Boot.php(67): CodeIgniter\Boot::runCodeIgniter(Object(CodeIgniter\CodeIgniter))
 9 FCPATH\index.php(56): CodeIgniter\Boot::bootWeb(Object(Config\Paths))
WARNING - 2025-04-17 10:26:49 --> [DEPRECATED] Passing lowercase HTTP method "post" is deprecated. Use uppercase HTTP method like "POST". in SYSTEMPATH\Router\RouteCollection.php on line 1026.
 1 SYSTEMPATH\Router\RouteCollection.php(1026): trigger_error('Passing lowercase HTTP method "post" is deprecated. Use uppercase HTTP method like "POST".', 16384)
 2 APPPATH\Config\Routes.php(85): CodeIgniter\Router\RouteCollection->match([...], 'user/edit', 'User\\UserController::editProfile')
 3 SYSTEMPATH\Router\RouteCollection.php(339): require('C:\\wamp64\\www\\ci-learn_affix\\app\\Config\\Routes.php')
 4 SYSTEMPATH\CodeIgniter.php(821): CodeIgniter\Router\RouteCollection->loadRoutes()
 5 SYSTEMPATH\CodeIgniter.php(455): CodeIgniter\CodeIgniter->tryToRouteIt(null)
 6 SYSTEMPATH\CodeIgniter.php(354): CodeIgniter\CodeIgniter->handleRequest(null, Object(Config\Cache), false)
 7 SYSTEMPATH\Boot.php(334): CodeIgniter\CodeIgniter->run()
 8 SYSTEMPATH\Boot.php(67): CodeIgniter\Boot::runCodeIgniter(Object(CodeIgniter\CodeIgniter))
 9 FCPATH\index.php(56): CodeIgniter\Boot::bootWeb(Object(Config\Paths))
DEBUG - 2025-04-17 10:26:49 --> Session: Class initialized using 'CodeIgniter\Session\Handlers\FileHandler' driver.
WARNING - 2025-04-17 10:26:49 --> [DEPRECATED] Passing lowercase HTTP method "get" is deprecated. Use uppercase HTTP method like "GET". in SYSTEMPATH\Router\RouteCollection.php on line 1026.
 1 SYSTEMPATH\Router\RouteCollection.php(1026): trigger_error('Passing lowercase HTTP method "get" is deprecated. Use uppercase HTTP method like "GET".', 16384)
 2 APPPATH\Config\Routes.php(85): CodeIgniter\Router\RouteCollection->match([...], 'user/edit', 'User\\UserController::editProfile')
 3 SYSTEMPATH\Router\RouteCollection.php(339): require('C:\\wamp64\\www\\ci-learn_affix\\app\\Config\\Routes.php')
 4 SYSTEMPATH\CodeIgniter.php(821): CodeIgniter\Router\RouteCollection->loadRoutes()
 5 SYSTEMPATH\CodeIgniter.php(455): CodeIgniter\CodeIgniter->tryToRouteIt(null)
 6 SYSTEMPATH\CodeIgniter.php(354): CodeIgniter\CodeIgniter->handleRequest(null, Object(Config\Cache), false)
 7 SYSTEMPATH\Boot.php(334): CodeIgniter\CodeIgniter->run()
 8 SYSTEMPATH\Boot.php(67): CodeIgniter\Boot::runCodeIgniter(Object(CodeIgniter\CodeIgniter))
 9 FCPATH\index.php(56): CodeIgniter\Boot::bootWeb(Object(Config\Paths))
WARNING - 2025-04-17 10:26:49 --> [DEPRECATED] Passing lowercase HTTP method "post" is deprecated. Use uppercase HTTP method like "POST". in SYSTEMPATH\Router\RouteCollection.php on line 1026.
 1 SYSTEMPATH\Router\RouteCollection.php(1026): trigger_error('Passing lowercase HTTP method "post" is deprecated. Use uppercase HTTP method like "POST".', 16384)
 2 APPPATH\Config\Routes.php(85): CodeIgniter\Router\RouteCollection->match([...], 'user/edit', 'User\\UserController::editProfile')
 3 SYSTEMPATH\Router\RouteCollection.php(339): require('C:\\wamp64\\www\\ci-learn_affix\\app\\Config\\Routes.php')
 4 SYSTEMPATH\CodeIgniter.php(821): CodeIgniter\Router\RouteCollection->loadRoutes()
 5 SYSTEMPATH\CodeIgniter.php(455): CodeIgniter\CodeIgniter->tryToRouteIt(null)
 6 SYSTEMPATH\CodeIgniter.php(354): CodeIgniter\CodeIgniter->handleRequest(null, Object(Config\Cache), false)
 7 SYSTEMPATH\Boot.php(334): CodeIgniter\CodeIgniter->run()
 8 SYSTEMPATH\Boot.php(67): CodeIgniter\Boot::runCodeIgniter(Object(CodeIgniter\CodeIgniter))
 9 FCPATH\index.php(56): CodeIgniter\Boot::bootWeb(Object(Config\Paths))
DEBUG - 2025-04-17 10:26:49 --> Session: Class initialized using 'CodeIgniter\Session\Handlers\FileHandler' driver.
WARNING - 2025-04-17 10:26:49 --> [DEPRECATED] Passing lowercase HTTP method "get" is deprecated. Use uppercase HTTP method like "GET". in SYSTEMPATH\Router\RouteCollection.php on line 1026.
 1 SYSTEMPATH\Router\RouteCollection.php(1026): trigger_error('Passing lowercase HTTP method "get" is deprecated. Use uppercase HTTP method like "GET".', 16384)
 2 APPPATH\Config\Routes.php(85): CodeIgniter\Router\RouteCollection->match([...], 'user/edit', 'User\\UserController::editProfile')
 3 SYSTEMPATH\Router\RouteCollection.php(339): require('C:\\wamp64\\www\\ci-learn_affix\\app\\Config\\Routes.php')
 4 SYSTEMPATH\CodeIgniter.php(821): CodeIgniter\Router\RouteCollection->loadRoutes()
 5 SYSTEMPATH\CodeIgniter.php(455): CodeIgniter\CodeIgniter->tryToRouteIt(null)
 6 SYSTEMPATH\CodeIgniter.php(354): CodeIgniter\CodeIgniter->handleRequest(null, Object(Config\Cache), false)
 7 SYSTEMPATH\Boot.php(334): CodeIgniter\CodeIgniter->run()
 8 SYSTEMPATH\Boot.php(67): CodeIgniter\Boot::runCodeIgniter(Object(CodeIgniter\CodeIgniter))
 9 FCPATH\index.php(56): CodeIgniter\Boot::bootWeb(Object(Config\Paths))
WARNING - 2025-04-17 10:26:49 --> [DEPRECATED] Passing lowercase HTTP method "post" is deprecated. Use uppercase HTTP method like "POST". in SYSTEMPATH\Router\RouteCollection.php on line 1026.
 1 SYSTEMPATH\Router\RouteCollection.php(1026): trigger_error('Passing lowercase HTTP method "post" is deprecated. Use uppercase HTTP method like "POST".', 16384)
 2 APPPATH\Config\Routes.php(85): CodeIgniter\Router\RouteCollection->match([...], 'user/edit', 'User\\UserController::editProfile')
 3 SYSTEMPATH\Router\RouteCollection.php(339): require('C:\\wamp64\\www\\ci-learn_affix\\app\\Config\\Routes.php')
 4 SYSTEMPATH\CodeIgniter.php(821): CodeIgniter\Router\RouteCollection->loadRoutes()
 5 SYSTEMPATH\CodeIgniter.php(455): CodeIgniter\CodeIgniter->tryToRouteIt(null)
 6 SYSTEMPATH\CodeIgniter.php(354): CodeIgniter\CodeIgniter->handleRequest(null, Object(Config\Cache), false)
 7 SYSTEMPATH\Boot.php(334): CodeIgniter\CodeIgniter->run()
 8 SYSTEMPATH\Boot.php(67): CodeIgniter\Boot::runCodeIgniter(Object(CodeIgniter\CodeIgniter))
 9 FCPATH\index.php(56): CodeIgniter\Boot::bootWeb(Object(Config\Paths))
DEBUG - 2025-04-17 10:26:49 --> Session: Class initialized using 'CodeIgniter\Session\Handlers\FileHandler' driver.
WARNING - 2025-04-17 10:26:49 --> [DEPRECATED] Passing lowercase HTTP method "get" is deprecated. Use uppercase HTTP method like "GET". in SYSTEMPATH\Router\RouteCollection.php on line 1026.
 1 SYSTEMPATH\Router\RouteCollection.php(1026): trigger_error('Passing lowercase HTTP method "get" is deprecated. Use uppercase HTTP method like "GET".', 16384)
 2 APPPATH\Config\Routes.php(85): CodeIgniter\Router\RouteCollection->match([...], 'user/edit', 'User\\UserController::editProfile')
 3 SYSTEMPATH\Router\RouteCollection.php(339): require('C:\\wamp64\\www\\ci-learn_affix\\app\\Config\\Routes.php')
 4 SYSTEMPATH\CodeIgniter.php(821): CodeIgniter\Router\RouteCollection->loadRoutes()
 5 SYSTEMPATH\CodeIgniter.php(455): CodeIgniter\CodeIgniter->tryToRouteIt(null)
 6 SYSTEMPATH\CodeIgniter.php(354): CodeIgniter\CodeIgniter->handleRequest(null, Object(Config\Cache), false)
 7 SYSTEMPATH\Boot.php(334): CodeIgniter\CodeIgniter->run()
 8 SYSTEMPATH\Boot.php(67): CodeIgniter\Boot::runCodeIgniter(Object(CodeIgniter\CodeIgniter))
 9 FCPATH\index.php(56): CodeIgniter\Boot::bootWeb(Object(Config\Paths))
WARNING - 2025-04-17 10:26:49 --> [DEPRECATED] Passing lowercase HTTP method "post" is deprecated. Use uppercase HTTP method like "POST". in SYSTEMPATH\Router\RouteCollection.php on line 1026.
 1 SYSTEMPATH\Router\RouteCollection.php(1026): trigger_error('Passing lowercase HTTP method "post" is deprecated. Use uppercase HTTP method like "POST".', 16384)
 2 APPPATH\Config\Routes.php(85): CodeIgniter\Router\RouteCollection->match([...], 'user/edit', 'User\\UserController::editProfile')
 3 SYSTEMPATH\Router\RouteCollection.php(339): require('C:\\wamp64\\www\\ci-learn_affix\\app\\Config\\Routes.php')
 4 SYSTEMPATH\CodeIgniter.php(821): CodeIgniter\Router\RouteCollection->loadRoutes()
 5 SYSTEMPATH\CodeIgniter.php(455): CodeIgniter\CodeIgniter->tryToRouteIt(null)
 6 SYSTEMPATH\CodeIgniter.php(354): CodeIgniter\CodeIgniter->handleRequest(null, Object(Config\Cache), false)
 7 SYSTEMPATH\Boot.php(334): CodeIgniter\CodeIgniter->run()
 8 SYSTEMPATH\Boot.php(67): CodeIgniter\Boot::runCodeIgniter(Object(CodeIgniter\CodeIgniter))
 9 FCPATH\index.php(56): CodeIgniter\Boot::bootWeb(Object(Config\Paths))
DEBUG - 2025-04-17 10:27:06 --> Session: Class initialized using 'CodeIgniter\Session\Handlers\FileHandler' driver.
WARNING - 2025-04-17 10:27:06 --> [DEPRECATED] Passing lowercase HTTP method "get" is deprecated. Use uppercase HTTP method like "GET". in SYSTEMPATH\Router\RouteCollection.php on line 1026.
 1 SYSTEMPATH\Router\RouteCollection.php(1026): trigger_error('Passing lowercase HTTP method "get" is deprecated. Use uppercase HTTP method like "GET".', 16384)
 2 APPPATH\Config\Routes.php(85): CodeIgniter\Router\RouteCollection->match([...], 'user/edit', 'User\\UserController::editProfile')
 3 SYSTEMPATH\Router\RouteCollection.php(339): require('C:\\wamp64\\www\\ci-learn_affix\\app\\Config\\Routes.php')
 4 SYSTEMPATH\CodeIgniter.php(821): CodeIgniter\Router\RouteCollection->loadRoutes()
 5 SYSTEMPATH\CodeIgniter.php(455): CodeIgniter\CodeIgniter->tryToRouteIt(null)
 6 SYSTEMPATH\CodeIgniter.php(354): CodeIgniter\CodeIgniter->handleRequest(null, Object(Config\Cache), false)
 7 SYSTEMPATH\Boot.php(334): CodeIgniter\CodeIgniter->run()
 8 SYSTEMPATH\Boot.php(67): CodeIgniter\Boot::runCodeIgniter(Object(CodeIgniter\CodeIgniter))
 9 FCPATH\index.php(56): CodeIgniter\Boot::bootWeb(Object(Config\Paths))
WARNING - 2025-04-17 10:27:06 --> [DEPRECATED] Passing lowercase HTTP method "post" is deprecated. Use uppercase HTTP method like "POST". in SYSTEMPATH\Router\RouteCollection.php on line 1026.
 1 SYSTEMPATH\Router\RouteCollection.php(1026): trigger_error('Passing lowercase HTTP method "post" is deprecated. Use uppercase HTTP method like "POST".', 16384)
 2 APPPATH\Config\Routes.php(85): CodeIgniter\Router\RouteCollection->match([...], 'user/edit', 'User\\UserController::editProfile')
 3 SYSTEMPATH\Router\RouteCollection.php(339): require('C:\\wamp64\\www\\ci-learn_affix\\app\\Config\\Routes.php')
 4 SYSTEMPATH\CodeIgniter.php(821): CodeIgniter\Router\RouteCollection->loadRoutes()
 5 SYSTEMPATH\CodeIgniter.php(455): CodeIgniter\CodeIgniter->tryToRouteIt(null)
 6 SYSTEMPATH\CodeIgniter.php(354): CodeIgniter\CodeIgniter->handleRequest(null, Object(Config\Cache), false)
 7 SYSTEMPATH\Boot.php(334): CodeIgniter\CodeIgniter->run()
 8 SYSTEMPATH\Boot.php(67): CodeIgniter\Boot::runCodeIgniter(Object(CodeIgniter\CodeIgniter))
 9 FCPATH\index.php(56): CodeIgniter\Boot::bootWeb(Object(Config\Paths))
WARNING - 2025-04-17 10:35:54 --> [DEPRECATED] Passing lowercase HTTP method "get" is deprecated. Use uppercase HTTP method like "GET". in SYSTEMPATH\Router\RouteCollection.php on line 1026.
 1 SYSTEMPATH\Router\RouteCollection.php(1026): trigger_error('Passing lowercase HTTP method "get" is deprecated. Use uppercase HTTP method like "GET".', 16384)
 2 APPPATH\Config\Routes.php(85): CodeIgniter\Router\RouteCollection->match([...], 'user/edit', 'User\\UserController::editProfile')
 3 SYSTEMPATH\Router\RouteCollection.php(339): require('C:\\wamp64\\www\\ci-learn_affix\\app\\Config\\Routes.php')
 4 SYSTEMPATH\CLI\Console.php(41): CodeIgniter\Router\RouteCollection->loadRoutes()
 5 SYSTEMPATH\Boot.php(360): CodeIgniter\CLI\Console->run()
 6 SYSTEMPATH\Boot.php(104): CodeIgniter\Boot::runCommand(Object(CodeIgniter\CLI\Console))
 7 ROOTPATH\spark(84): CodeIgniter\Boot::bootSpark(Object(Config\Paths))
WARNING - 2025-04-17 10:35:54 --> [DEPRECATED] Passing lowercase HTTP method "post" is deprecated. Use uppercase HTTP method like "POST". in SYSTEMPATH\Router\RouteCollection.php on line 1026.
 1 SYSTEMPATH\Router\RouteCollection.php(1026): trigger_error('Passing lowercase HTTP method "post" is deprecated. Use uppercase HTTP method like "POST".', 16384)
 2 APPPATH\Config\Routes.php(85): CodeIgniter\Router\RouteCollection->match([...], 'user/edit', 'User\\UserController::editProfile')
 3 SYSTEMPATH\Router\RouteCollection.php(339): require('C:\\wamp64\\www\\ci-learn_affix\\app\\Config\\Routes.php')
 4 SYSTEMPATH\CLI\Console.php(41): CodeIgniter\Router\RouteCollection->loadRoutes()
 5 SYSTEMPATH\Boot.php(360): CodeIgniter\CLI\Console->run()
 6 SYSTEMPATH\Boot.php(104): CodeIgniter\Boot::runCommand(Object(CodeIgniter\CLI\Console))
 7 ROOTPATH\spark(84): CodeIgniter\Boot::bootSpark(Object(Config\Paths))
WARNING - 2025-04-17 10:40:32 --> [DEPRECATED] Passing lowercase HTTP method "get" is deprecated. Use uppercase HTTP method like "GET". in SYSTEMPATH\Router\RouteCollection.php on line 1026.
 1 SYSTEMPATH\Router\RouteCollection.php(1026): trigger_error('Passing lowercase HTTP method "get" is deprecated. Use uppercase HTTP method like "GET".', 16384)
 2 APPPATH\Config\Routes.php(85): CodeIgniter\Router\RouteCollection->match([...], 'user/edit', 'User\\UserController::editProfile')
 3 SYSTEMPATH\Router\RouteCollection.php(339): require('C:\\wamp64\\www\\ci-learn_affix\\app\\Config\\Routes.php')
 4 SYSTEMPATH\CLI\Console.php(41): CodeIgniter\Router\RouteCollection->loadRoutes()
 5 SYSTEMPATH\Boot.php(360): CodeIgniter\CLI\Console->run()
 6 SYSTEMPATH\Boot.php(104): CodeIgniter\Boot::runCommand(Object(CodeIgniter\CLI\Console))
 7 ROOTPATH\spark(84): CodeIgniter\Boot::bootSpark(Object(Config\Paths))
WARNING - 2025-04-17 10:40:32 --> [DEPRECATED] Passing lowercase HTTP method "post" is deprecated. Use uppercase HTTP method like "POST". in SYSTEMPATH\Router\RouteCollection.php on line 1026.
 1 SYSTEMPATH\Router\RouteCollection.php(1026): trigger_error('Passing lowercase HTTP method "post" is deprecated. Use uppercase HTTP method like "POST".', 16384)
 2 APPPATH\Config\Routes.php(85): CodeIgniter\Router\RouteCollection->match([...], 'user/edit', 'User\\UserController::editProfile')
 3 SYSTEMPATH\Router\RouteCollection.php(339): require('C:\\wamp64\\www\\ci-learn_affix\\app\\Config\\Routes.php')
 4 SYSTEMPATH\CLI\Console.php(41): CodeIgniter\Router\RouteCollection->loadRoutes()
 5 SYSTEMPATH\Boot.php(360): CodeIgniter\CLI\Console->run()
 6 SYSTEMPATH\Boot.php(104): CodeIgniter\Boot::runCommand(Object(CodeIgniter\CLI\Console))
 7 ROOTPATH\spark(84): CodeIgniter\Boot::bootSpark(Object(Config\Paths))
WARNING - 2025-04-17 10:42:15 --> [DEPRECATED] Passing lowercase HTTP method "get" is deprecated. Use uppercase HTTP method like "GET". in SYSTEMPATH\Router\RouteCollection.php on line 1026.
 1 SYSTEMPATH\Router\RouteCollection.php(1026): trigger_error('Passing lowercase HTTP method "get" is deprecated. Use uppercase HTTP method like "GET".', 16384)
 2 APPPATH\Config\Routes.php(85): CodeIgniter\Router\RouteCollection->match([...], 'user/edit', 'User\\UserController::editProfile')
 3 SYSTEMPATH\Router\RouteCollection.php(339): require('C:\\wamp64\\www\\ci-learn_affix\\app\\Config\\Routes.php')
 4 SYSTEMPATH\CLI\Console.php(41): CodeIgniter\Router\RouteCollection->loadRoutes()
 5 SYSTEMPATH\Boot.php(360): CodeIgniter\CLI\Console->run()
 6 SYSTEMPATH\Boot.php(104): CodeIgniter\Boot::runCommand(Object(CodeIgniter\CLI\Console))
 7 ROOTPATH\spark(84): CodeIgniter\Boot::bootSpark(Object(Config\Paths))
WARNING - 2025-04-17 10:42:15 --> [DEPRECATED] Passing lowercase HTTP method "post" is deprecated. Use uppercase HTTP method like "POST". in SYSTEMPATH\Router\RouteCollection.php on line 1026.
 1 SYSTEMPATH\Router\RouteCollection.php(1026): trigger_error('Passing lowercase HTTP method "post" is deprecated. Use uppercase HTTP method like "POST".', 16384)
 2 APPPATH\Config\Routes.php(85): CodeIgniter\Router\RouteCollection->match([...], 'user/edit', 'User\\UserController::editProfile')
 3 SYSTEMPATH\Router\RouteCollection.php(339): require('C:\\wamp64\\www\\ci-learn_affix\\app\\Config\\Routes.php')
 4 SYSTEMPATH\CLI\Console.php(41): CodeIgniter\Router\RouteCollection->loadRoutes()
 5 SYSTEMPATH\Boot.php(360): CodeIgniter\CLI\Console->run()
 6 SYSTEMPATH\Boot.php(104): CodeIgniter\Boot::runCommand(Object(CodeIgniter\CLI\Console))
 7 ROOTPATH\spark(84): CodeIgniter\Boot::bootSpark(Object(Config\Paths))
WARNING - 2025-04-17 10:43:06 --> [DEPRECATED] Passing lowercase HTTP method "get" is deprecated. Use uppercase HTTP method like "GET". in SYSTEMPATH\Router\RouteCollection.php on line 1026.
 1 SYSTEMPATH\Router\RouteCollection.php(1026): trigger_error('Passing lowercase HTTP method "get" is deprecated. Use uppercase HTTP method like "GET".', 16384)
 2 APPPATH\Config\Routes.php(85): CodeIgniter\Router\RouteCollection->match([...], 'user/edit', 'User\\UserController::editProfile')
 3 SYSTEMPATH\Router\RouteCollection.php(339): require('C:\\wamp64\\www\\ci-learn_affix\\app\\Config\\Routes.php')
 4 SYSTEMPATH\CLI\Console.php(41): CodeIgniter\Router\RouteCollection->loadRoutes()
 5 SYSTEMPATH\Boot.php(360): CodeIgniter\CLI\Console->run()
 6 SYSTEMPATH\Boot.php(104): CodeIgniter\Boot::runCommand(Object(CodeIgniter\CLI\Console))
 7 ROOTPATH\spark(84): CodeIgniter\Boot::bootSpark(Object(Config\Paths))
WARNING - 2025-04-17 10:43:06 --> [DEPRECATED] Passing lowercase HTTP method "post" is deprecated. Use uppercase HTTP method like "POST". in SYSTEMPATH\Router\RouteCollection.php on line 1026.
 1 SYSTEMPATH\Router\RouteCollection.php(1026): trigger_error('Passing lowercase HTTP method "post" is deprecated. Use uppercase HTTP method like "POST".', 16384)
 2 APPPATH\Config\Routes.php(85): CodeIgniter\Router\RouteCollection->match([...], 'user/edit', 'User\\UserController::editProfile')
 3 SYSTEMPATH\Router\RouteCollection.php(339): require('C:\\wamp64\\www\\ci-learn_affix\\app\\Config\\Routes.php')
 4 SYSTEMPATH\CLI\Console.php(41): CodeIgniter\Router\RouteCollection->loadRoutes()
 5 SYSTEMPATH\Boot.php(360): CodeIgniter\CLI\Console->run()
 6 SYSTEMPATH\Boot.php(104): CodeIgniter\Boot::runCommand(Object(CodeIgniter\CLI\Console))
 7 ROOTPATH\spark(84): CodeIgniter\Boot::bootSpark(Object(Config\Paths))
DEBUG - 2025-04-17 10:52:47 --> Session: Class initialized using 'CodeIgniter\Session\Handlers\FileHandler' driver.
WARNING - 2025-04-17 10:52:47 --> [DEPRECATED] Passing lowercase HTTP method "get" is deprecated. Use uppercase HTTP method like "GET". in SYSTEMPATH\Router\RouteCollection.php on line 1026.
 1 SYSTEMPATH\Router\RouteCollection.php(1026): trigger_error('Passing lowercase HTTP method "get" is deprecated. Use uppercase HTTP method like "GET".', 16384)
 2 APPPATH\Config\Routes.php(88): CodeIgniter\Router\RouteCollection->match([...], 'user/edit', 'User\\UserController::editProfile')
 3 SYSTEMPATH\Router\RouteCollection.php(339): require('C:\\wamp64\\www\\ci-learn_affix\\app\\Config\\Routes.php')
 4 SYSTEMPATH\CodeIgniter.php(821): CodeIgniter\Router\RouteCollection->loadRoutes()
 5 SYSTEMPATH\CodeIgniter.php(455): CodeIgniter\CodeIgniter->tryToRouteIt(null)
 6 SYSTEMPATH\CodeIgniter.php(354): CodeIgniter\CodeIgniter->handleRequest(null, Object(Config\Cache), false)
 7 SYSTEMPATH\Boot.php(334): CodeIgniter\CodeIgniter->run()
 8 SYSTEMPATH\Boot.php(67): CodeIgniter\Boot::runCodeIgniter(Object(CodeIgniter\CodeIgniter))
 9 FCPATH\index.php(56): CodeIgniter\Boot::bootWeb(Object(Config\Paths))
WARNING - 2025-04-17 10:52:47 --> [DEPRECATED] Passing lowercase HTTP method "post" is deprecated. Use uppercase HTTP method like "POST". in SYSTEMPATH\Router\RouteCollection.php on line 1026.
 1 SYSTEMPATH\Router\RouteCollection.php(1026): trigger_error('Passing lowercase HTTP method "post" is deprecated. Use uppercase HTTP method like "POST".', 16384)
 2 APPPATH\Config\Routes.php(88): CodeIgniter\Router\RouteCollection->match([...], 'user/edit', 'User\\UserController::editProfile')
 3 SYSTEMPATH\Router\RouteCollection.php(339): require('C:\\wamp64\\www\\ci-learn_affix\\app\\Config\\Routes.php')
 4 SYSTEMPATH\CodeIgniter.php(821): CodeIgniter\Router\RouteCollection->loadRoutes()
 5 SYSTEMPATH\CodeIgniter.php(455): CodeIgniter\CodeIgniter->tryToRouteIt(null)
 6 SYSTEMPATH\CodeIgniter.php(354): CodeIgniter\CodeIgniter->handleRequest(null, Object(Config\Cache), false)
 7 SYSTEMPATH\Boot.php(334): CodeIgniter\CodeIgniter->run()
 8 SYSTEMPATH\Boot.php(67): CodeIgniter\Boot::runCodeIgniter(Object(CodeIgniter\CodeIgniter))
 9 FCPATH\index.php(56): CodeIgniter\Boot::bootWeb(Object(Config\Paths))
DEBUG - 2025-04-17 10:52:49 --> Unsplash API Response for category "Programming": {"id":"Im7lZjxeLhg","slug":"gray-and-black-laptop-computer-on-surface-Im7lZjxeLhg","alternative_slugs":{"en":"gray-and-black-laptop-computer-on-surface-Im7lZjxeLhg","es":"computadora-portatil-gris-y-negra-en-surface-Im7lZjxeLhg","ja":"surface-\u4e0a\u306e\u7070\u8272\u3068\u9ed2\u306e\u30ce\u30fc\u30c8-pc-Im7lZjxeLhg","fr":"ordinateur-portable-gris-et-noir-sur-la-surface-Im7lZjxeLhg","it":"computer-portatile-grigio-e-nero-su-superficie-Im7lZjxeLhg","ko":"surface\uc758-\ud68c\uc0c9-\ubc0f-\uac80\uc740\uc0c9-\ub7a9\ud1b1-\ucef4\ud4e8\ud130-Im7lZjxeLhg","de":"grauer-und-schwarzer-laptop-computer-auf-der-oberflache-Im7lZjxeLhg","pt":"computador-portatil-cinzento-e-preto-no-surface-Im7lZjxeLhg"},"created_at":"2018-07-11T08:26:20Z","updated_at":"2025-04-17T06:09:37Z","promoted_at":"2018-07-11T13:02:13Z","width":4846,"height":3431,"color":"#0c2626","blur_hash":"L75Xr%Nx0d$fV?j[ogWU0dsS^lJU","description":"Follow @alesnesetril on Instagram for more dope photos!\r\nWallpaper by @jdiegoph (https:\/\/unsplash.com\/photos\/-xa9XSA7K9k)","alt_description":"gray and black laptop computer on surface","breadcrumbs":[],"urls":{"raw":"https:\/\/images.unsplash.com\/photo-1531297484001-80022131f5a1?ixid=M3w3Mzg4NTh8MHwxfHJhbmRvbXx8fHx8fHx8fDE3NDQ4ODcxNjh8&ixlib=rb-4.0.3","full":"https:\/\/images.unsplash.com\/photo-1531297484001-80022131f5a1?crop=entropy&cs=srgb&fm=jpg&ixid=M3w3Mzg4NTh8MHwxfHJhbmRvbXx8fHx8fHx8fDE3NDQ4ODcxNjh8&ixlib=rb-4.0.3&q=85","regular":"https:\/\/images.unsplash.com\/photo-1531297484001-80022131f5a1?crop=entropy&cs=tinysrgb&fit=max&fm=jpg&ixid=M3w3Mzg4NTh8MHwxfHJhbmRvbXx8fHx8fHx8fDE3NDQ4ODcxNjh8&ixlib=rb-4.0.3&q=80&w=1080","small":"https:\/\/images.unsplash.com\/photo-1531297484001-80022131f5a1?crop=entropy&cs=tinysrgb&fit=max&fm=jpg&ixid=M3w3Mzg4NTh8MHwxfHJhbmRvbXx8fHx8fHx8fDE3NDQ4ODcxNjh8&ixlib=rb-4.0.3&q=80&w=400","thumb":"https:\/\/images.unsplash.com\/photo-1531297484001-80022131f5a1?crop=entropy&cs=tinysrgb&fit=max&fm=jpg&ixid=M3w3Mzg4NTh8MHwxfHJhbmRvbXx8fHx8fHx8fDE3NDQ4ODcxNjh8&ixlib=rb-4.0.3&q=80&w=200","small_s3":"https:\/\/s3.us-west-2.amazonaws.com\/images.unsplash.com\/small\/photo-1531297484001-80022131f5a1"},"links":{"self":"https:\/\/api.unsplash.com\/photos\/gray-and-black-laptop-computer-on-surface-Im7lZjxeLhg","html":"https:\/\/unsplash.com\/photos\/gray-and-black-laptop-computer-on-surface-Im7lZjxeLhg","download":"https:\/\/unsplash.com\/photos\/Im7lZjxeLhg\/download?ixid=M3w3Mzg4NTh8MHwxfHJhbmRvbXx8fHx8fHx8fDE3NDQ4ODcxNjh8","download_location":"https:\/\/api.unsplash.com\/photos\/Im7lZjxeLhg\/download?ixid=M3w3Mzg4NTh8MHwxfHJhbmRvbXx8fHx8fHx8fDE3NDQ4ODcxNjh8"},"likes":3277,"liked_by_user":false,"current_user_collections":[],"sponsorship":null,"topic_submissions":{"technology":{"status":"approved","approved_on":"2020-06-08T10:17:23Z"}},"asset_type":"photo","user":{"id":"bq0mSPh_VSU","updated_at":"2025-01-13T20:46:27Z","username":"alesnesetril","name":"Ales Nesetril","first_name":"Ales","last_name":"Nesetril","twitter_username":"alesnesetril","portfolio_url":null,"bio":"Follow me on IG for more! \ud83d\udce9 Need a tailor-made product photo? Message me.","location":"Prague, Czech Republic","links":{"self":"https:\/\/api.unsplash.com\/users\/alesnesetril","html":"https:\/\/unsplash.com\/@alesnesetril","photos":"https:\/\/api.unsplash.com\/users\/alesnesetril\/photos","likes":"https:\/\/api.unsplash.com\/users\/alesnesetril\/likes","portfolio":"https:\/\/api.unsplash.com\/users\/alesnesetril\/portfolio","following":"https:\/\/api.unsplash.com\/users\/alesnesetril\/following","followers":"https:\/\/api.unsplash.com\/users\/alesnesetril\/followers"},"profile_image":{"small":"https:\/\/images.unsplash.com\/profile-1531298435673-159542c20ecb?ixlib=rb-4.0.3&crop=faces&fit=crop&w=32&h=32","medium":"https:\/\/images.unsplash.com\/profile-1531298435673-159542c20ecb?ixlib=rb-4.0.3&crop=faces&fit=crop&w=64&h=64","large":"https:\/\/images.unsplash.com\/profile-1531298435673-159542c20ecb?ixlib=rb-4.0.3&crop=faces&fit=crop&w=128&h=128"},"instagram_username":"alesnesetril","total_collections":1,"total_likes":55,"total_photos":14,"total_promoted_photos":8,"total_illustrations":0,"total_promoted_illustrations":0,"accepted_tos":true,"for_hire":true,"social":{"instagram_username":"alesnesetril","portfolio_url":null,"twitter_username":"alesnesetril","paypal_email":null}},"exif":{"make":"Canon","model":"Canon EOS 70D","name":"Canon, EOS 70D","exposure_time":"1\/13","aperture":"5.0","focal_length":"21.0","iso":400},"location":{"name":null,"city":null,"country":null,"position":{"latitude":null,"longitude":null}},"meta":{"index":true},"public_domain":false,"tags":[{"type":"search","title":"wallpaper"},{"type":"search","title":"technology"},{"type":"search","title":"dark"},{"type":"search","title":"laptop"},{"type":"search","title":"tech"},{"type":"search","title":"desktop"},{"type":"search","title":"night"},{"type":"search","title":"gradient"},{"type":"search","title":"apple"},{"type":"search","title":"mockup"},{"type":"search","title":"macbook"},{"type":"search","title":"keyboard"},{"type":"search","title":"workspace"},{"type":"search","title":"perspective"},{"type":"search","title":"workstation"},{"type":"search","title":"macbook mockup"},{"type":"search","title":"tec"},{"type":"search","title":"device mockup"},{"type":"search","title":"apple device"},{"type":"search","title":"background"}],"views":88953455,"downloads":1253988,"topics":[{"id":"J9yrPaHXRQY","title":"Technology","slug":"technology","visibility":"hidden"}]}
DEBUG - 2025-04-17 10:52:49 --> No valid image found for category "Programming"
DEBUG - 2025-04-17 10:52:49 --> Fetched Image URL for category Programming: default-image.jpg
DEBUG - 2025-04-17 10:52:49 --> No valid image found for category Programming
DEBUG - 2025-04-17 10:52:51 --> Unsplash API Response for category "AI & Video": {"id":"s0flTEzHSy0","slug":"black-nikon-dslr-camera-on-white-table-s0flTEzHSy0","alternative_slugs":{"en":"black-nikon-dslr-camera-on-white-table-s0flTEzHSy0","es":"camara-dslr-nikon-negra-sobre-mesa-blanca-s0flTEzHSy0","ja":"\u767d\u3044\u30c6\u30fc\u30d6\u30eb\u306b\u9ed2\u3044\u30cb\u30b3\u30f3\u30c7\u30b8\u30bf\u30eb\u4e00\u773c\u30ec\u30d5\u30ab\u30e1\u30e9-s0flTEzHSy0","fr":"appareil-photo-reflex-numerique-nikon-noir-sur-table-blanche-s0flTEzHSy0","it":"fotocamera-reflex-digitale-nikon-nera-su-tavolo-bianco-s0flTEzHSy0","ko":"\ud770\uc0c9-\ud14c\uc774\ube14\uc5d0-\ube14\ub799-\ub2c8\ucf58-dslr-\uce74\uba54\ub77c-s0flTEzHSy0","de":"schwarze-nikon-dslr-kamera-auf-weissem-tisch-s0flTEzHSy0","pt":"camera-preta-nikon-dslr-na-mesa-branca-s0flTEzHSy0"},"created_at":"2020-04-10T23:36:25Z","updated_at":"2025-04-17T06:31:41Z","promoted_at":null,"width":6000,"height":4000,"color":"#262626","blur_hash":"L571i*M{RPs:M{-;M{R*00IU%MM{","description":"Another shot of the BMPCC6K w\/ Battery Grip and Rokinon Xeen 24mm Cine Lens.","alt_description":"black nikon dslr camera on white table","breadcrumbs":[],"urls":{"raw":"https:\/\/images.unsplash.com\/photo-1586561714684-a124fc611dfb?ixid=M3w3Mzg4NTh8MHwxfHJhbmRvbXx8fHx8fHx8fDE3NDQ4ODcxNzB8&ixlib=rb-4.0.3","full":"https:\/\/images.unsplash.com\/photo-1586561714684-a124fc611dfb?crop=entropy&cs=srgb&fm=jpg&ixid=M3w3Mzg4NTh8MHwxfHJhbmRvbXx8fHx8fHx8fDE3NDQ4ODcxNzB8&ixlib=rb-4.0.3&q=85","regular":"https:\/\/images.unsplash.com\/photo-1586561714684-a124fc611dfb?crop=entropy&cs=tinysrgb&fit=max&fm=jpg&ixid=M3w3Mzg4NTh8MHwxfHJhbmRvbXx8fHx8fHx8fDE3NDQ4ODcxNzB8&ixlib=rb-4.0.3&q=80&w=1080","small":"https:\/\/images.unsplash.com\/photo-1586561714684-a124fc611dfb?crop=entropy&cs=tinysrgb&fit=max&fm=jpg&ixid=M3w3Mzg4NTh8MHwxfHJhbmRvbXx8fHx8fHx8fDE3NDQ4ODcxNzB8&ixlib=rb-4.0.3&q=80&w=400","thumb":"https:\/\/images.unsplash.com\/photo-1586561714684-a124fc611dfb?crop=entropy&cs=tinysrgb&fit=max&fm=jpg&ixid=M3w3Mzg4NTh8MHwxfHJhbmRvbXx8fHx8fHx8fDE3NDQ4ODcxNzB8&ixlib=rb-4.0.3&q=80&w=200","small_s3":"https:\/\/s3.us-west-2.amazonaws.com\/images.unsplash.com\/small\/photo-1586561714684-a124fc611dfb"},"links":{"self":"https:\/\/api.unsplash.com\/photos\/black-nikon-dslr-camera-on-white-table-s0flTEzHSy0","html":"https:\/\/unsplash.com\/photos\/black-nikon-dslr-camera-on-white-table-s0flTEzHSy0","download":"https:\/\/unsplash.com\/photos\/s0flTEzHSy0\/download?ixid=M3w3Mzg4NTh8MHwxfHJhbmRvbXx8fHx8fHx8fDE3NDQ4ODcxNzB8","download_location":"https:\/\/api.unsplash.com\/photos\/s0flTEzHSy0\/download?ixid=M3w3Mzg4NTh8MHwxfHJhbmRvbXx8fHx8fHx8fDE3NDQ4ODcxNzB8"},"likes":32,"liked_by_user":false,"current_user_collections":[],"sponsorship":null,"topic_submissions":[],"asset_type":"photo","user":{"id":"BDbF_6_4b1Y","updated_at":"2024-10-10T23:17:51Z","username":"voiceandvideo","name":"Voice + Video","first_name":"Voice","last_name":"+ Video","twitter_username":null,"portfolio_url":"http:\/\/www.voiceandvideosales.com","bio":"Voice & Video is the only pro shop in San Diego selling and renting gear for pro shooters. Whether it's documentaries, commercials, feature films, or your vlog, stop by our showroom in Kearny Mesa to see what toys await you!","location":"4909 Ruffner St. San Diego, CA 92111","links":{"self":"https:\/\/api.unsplash.com\/users\/voiceandvideo","html":"https:\/\/unsplash.com\/@voiceandvideo","photos":"https:\/\/api.unsplash.com\/users\/voiceandvideo\/photos","likes":"https:\/\/api.unsplash.com\/users\/voiceandvideo\/likes","portfolio":"https:\/\/api.unsplash.com\/users\/voiceandvideo\/portfolio","following":"https:\/\/api.unsplash.com\/users\/voiceandvideo\/following","followers":"https:\/\/api.unsplash.com\/users\/voiceandvideo\/followers"},"profile_image":{"small":"https:\/\/images.unsplash.com\/profile-1569597439516-906ffd854549image?ixlib=rb-4.0.3&crop=faces&fit=crop&w=32&h=32","medium":"https:\/\/images.unsplash.com\/profile-1569597439516-906ffd854549image?ixlib=rb-4.0.3&crop=faces&fit=crop&w=64&h=64","large":"https:\/\/images.unsplash.com\/profile-1569597439516-906ffd854549image?ixlib=rb-4.0.3&crop=faces&fit=crop&w=128&h=128"},"instagram_username":"voiceandvideosales","total_collections":0,"total_likes":4,"total_photos":52,"total_promoted_photos":11,"total_illustrations":0,"total_promoted_illustrations":0,"accepted_tos":true,"for_hire":false,"social":{"instagram_username":"voiceandvideosales","portfolio_url":"http:\/\/www.voiceandvideosales.com","twitter_username":null,"paypal_email":null}},"exif":{"make":"SIGMA","model":"SIGMA fp","name":"SIGMA, fp","exposure_time":"1\/125","aperture":"2.8","focal_length":"70.0","iso":800},"location":{"name":"Voice & Video Sales, Ruffner Street, San Diego, CA, USA","city":"San Diego","country":"United States","position":{"latitude":32.831293,"longitude":-117.158366}},"meta":{"index":true},"public_domain":false,"tags":[{"type":"search","title":"technology"},{"type":"search","title":"video"},{"type":"search","title":"camera"},{"type":"search","title":"cinema"},{"type":"search","title":"sales"},{"type":"search","title":"san diego"},{"type":"search","title":"production"},{"type":"search","title":"rentals"},{"type":"search","title":"blackmagic"},{"type":"search","title":"grey"},{"type":"search","title":"usa"},{"type":"search","title":"electronics"},{"type":"search","title":"digital camera"}],"views":543185,"downloads":1849,"topics":[]}
DEBUG - 2025-04-17 10:52:51 --> No valid image found for category "AI & Video"
DEBUG - 2025-04-17 10:52:51 --> Fetched Image URL for category AI & Video: default-image.jpg
DEBUG - 2025-04-17 10:52:51 --> No valid image found for category AI & Video
DEBUG - 2025-04-17 10:52:57 --> Unsplash API Response for category "Cybersecurity": {"id":"1tnS_BVy9Jk","slug":"silhouette-photography-of-man-1tnS_BVy9Jk","alternative_slugs":{"en":"silhouette-photography-of-man-1tnS_BVy9Jk","es":"fotografia-de-silueta-de-hombre-1tnS_BVy9Jk","ja":"\u7537\u6027\u306e\u30b7\u30eb\u30a8\u30c3\u30c8\u5199\u771f-1tnS_BVy9Jk","fr":"photographie-de-silhouette-de-lhomme-1tnS_BVy9Jk","it":"silhouette-fotografia-delluomo-1tnS_BVy9Jk","ko":"\ub0a8\uc790\uc758-\uc2e4\ub8e8\uc5e3-\uc0ac\uc9c4-1tnS_BVy9Jk","de":"silhouettenfotografie-des-mannes-1tnS_BVy9Jk","pt":"fotografia-da-silhueta-do-homem-1tnS_BVy9Jk"},"created_at":"2019-09-21T17:42:13Z","updated_at":"2025-04-17T08:57:47Z","promoted_at":"2019-09-22T07:55:58Z","width":5472,"height":3648,"color":"#0c2626","blur_hash":"L85s$Wnhk=kWPqVsWCjZ?9kCaKae","description":null,"alt_description":"silhouette photography of man","breadcrumbs":[],"urls":{"raw":"https:\/\/images.unsplash.com\/photo-1569087682520-45253cc2e0ee?ixid=M3w3Mzg4NTh8MHwxfHJhbmRvbXx8fHx8fHx8fDE3NDQ4ODcxNzN8&ixlib=rb-4.0.3","full":"https:\/\/images.unsplash.com\/photo-1569087682520-45253cc2e0ee?crop=entropy&cs=srgb&fm=jpg&ixid=M3w3Mzg4NTh8MHwxfHJhbmRvbXx8fHx8fHx8fDE3NDQ4ODcxNzN8&ixlib=rb-4.0.3&q=85","regular":"https:\/\/images.unsplash.com\/photo-1569087682520-45253cc2e0ee?crop=entropy&cs=tinysrgb&fit=max&fm=jpg&ixid=M3w3Mzg4NTh8MHwxfHJhbmRvbXx8fHx8fHx8fDE3NDQ4ODcxNzN8&ixlib=rb-4.0.3&q=80&w=1080","small":"https:\/\/images.unsplash.com\/photo-1569087682520-45253cc2e0ee?crop=entropy&cs=tinysrgb&fit=max&fm=jpg&ixid=M3w3Mzg4NTh8MHwxfHJhbmRvbXx8fHx8fHx8fDE3NDQ4ODcxNzN8&ixlib=rb-4.0.3&q=80&w=400","thumb":"https:\/\/images.unsplash.com\/photo-1569087682520-45253cc2e0ee?crop=entropy&cs=tinysrgb&fit=max&fm=jpg&ixid=M3w3Mzg4NTh8MHwxfHJhbmRvbXx8fHx8fHx8fDE3NDQ4ODcxNzN8&ixlib=rb-4.0.3&q=80&w=200","small_s3":"https:\/\/s3.us-west-2.amazonaws.com\/images.unsplash.com\/small\/photo-1569087682520-45253cc2e0ee"},"links":{"self":"https:\/\/api.unsplash.com\/photos\/silhouette-photography-of-man-1tnS_BVy9Jk","html":"https:\/\/unsplash.com\/photos\/silhouette-photography-of-man-1tnS_BVy9Jk","download":"https:\/\/unsplash.com\/photos\/1tnS_BVy9Jk\/download?ixid=M3w3Mzg4NTh8MHwxfHJhbmRvbXx8fHx8fHx8fDE3NDQ4ODcxNzN8","download_location":"https:\/\/api.unsplash.com\/photos\/1tnS_BVy9Jk\/download?ixid=M3w3Mzg4NTh8MHwxfHJhbmRvbXx8fHx8fHx8fDE3NDQ4ODcxNzN8"},"likes":240,"liked_by_user":false,"current_user_collections":[],"sponsorship":null,"topic_submissions":[],"asset_type":"photo","user":{"id":"rbApLGN_n8M","updated_at":"2025-04-08T09:50:12Z","username":"chrisyangchrisfilm","name":"Chris Yang","first_name":"Chris","last_name":"Yang","twitter_username":null,"portfolio_url":"http:\/\/www.youtube.com\/chrisfilmpresents","bio":"Filmmaker \/ Photographer \/ Youtuber\r\nSubscribe Youtube: Chris Film Presents","location":"Taiwan","links":{"self":"https:\/\/api.unsplash.com\/users\/chrisyangchrisfilm","html":"https:\/\/unsplash.com\/@chrisyangchrisfilm","photos":"https:\/\/api.unsplash.com\/users\/chrisyangchrisfilm\/photos","likes":"https:\/\/api.unsplash.com\/users\/chrisyangchrisfilm\/likes","portfolio":"https:\/\/api.unsplash.com\/users\/chrisyangchrisfilm\/portfolio"},"profile_image":{"small":"https:\/\/images.unsplash.com\/profile-1699103969242-fc78948580d4image?ixlib=rb-4.0.3&crop=faces&fit=crop&w=32&h=32","medium":"https:\/\/images.unsplash.com\/profile-1699103969242-fc78948580d4image?ixlib=rb-4.0.3&crop=faces&fit=crop&w=64&h=64","large":"https:\/\/images.unsplash.com\/profile-1699103969242-fc78948580d4image?ixlib=rb-4.0.3&crop=faces&fit=crop&w=128&h=128"},"instagram_username":"chris.yang.film","total_collections":0,"total_likes":234,"total_photos":440,"total_promoted_photos":153,"total_illustrations":0,"total_promoted_illustrations":0,"accepted_tos":true,"for_hire":false,"social":{"instagram_username":"chris.yang.film","portfolio_url":"http:\/\/www.youtube.com\/chrisfilmpresents","twitter_username":null,"paypal_email":null}},"exif":{"make":"Canon","model":"Canon EOS-1D X Mark II","name":"Canon, EOS-1D X Mark II","exposure_time":"1\/320","aperture":"2.8","focal_length":"100.0","iso":2500},"location":{"name":null,"city":null,"country":null,"position":{"latitude":null,"longitude":null}},"meta":{"index":true},"public_domain":false,"tags":[{"type":"search","title":"monitor"},{"type":"search","title":"cctv"},{"type":"search","title":"anonymous"},{"type":"search","title":"spy"},{"type":"search","title":"surveillance"},{"type":"search","title":"imposter"},{"type":"search","title":"surveillance state"},{"type":"search","title":"human"},{"type":"search","title":"light"},{"type":"search","title":"wall"},{"type":"search","title":"lighting"},{"type":"search","title":"text"},{"type":"search","title":"silhouette"},{"type":"search","title":"crystal"},{"type":"search","title":"word"},{"type":"search","title":"sphere"}],"views":3590978,"downloads":39667,"topics":[]}
DEBUG - 2025-04-17 10:52:57 --> No valid image found for category "Cybersecurity"
DEBUG - 2025-04-17 10:52:58 --> Fetched Image URL for category Cybersecurity: default-image.jpg
DEBUG - 2025-04-17 10:52:58 --> No valid image found for category Cybersecurity
DEBUG - 2025-04-17 10:52:58 --> Session: Class initialized using 'CodeIgniter\Session\Handlers\FileHandler' driver.
WARNING - 2025-04-17 10:52:58 --> [DEPRECATED] Passing lowercase HTTP method "get" is deprecated. Use uppercase HTTP method like "GET". in SYSTEMPATH\Router\RouteCollection.php on line 1026.
 1 SYSTEMPATH\Router\RouteCollection.php(1026): trigger_error('Passing lowercase HTTP method "get" is deprecated. Use uppercase HTTP method like "GET".', 16384)
 2 APPPATH\Config\Routes.php(88): CodeIgniter\Router\RouteCollection->match([...], 'user/edit', 'User\\UserController::editProfile')
 3 SYSTEMPATH\Router\RouteCollection.php(339): require('C:\\wamp64\\www\\ci-learn_affix\\app\\Config\\Routes.php')
 4 SYSTEMPATH\CodeIgniter.php(821): CodeIgniter\Router\RouteCollection->loadRoutes()
 5 SYSTEMPATH\CodeIgniter.php(455): CodeIgniter\CodeIgniter->tryToRouteIt(null)
 6 SYSTEMPATH\CodeIgniter.php(354): CodeIgniter\CodeIgniter->handleRequest(null, Object(Config\Cache), false)
 7 SYSTEMPATH\Boot.php(334): CodeIgniter\CodeIgniter->run()
 8 SYSTEMPATH\Boot.php(67): CodeIgniter\Boot::runCodeIgniter(Object(CodeIgniter\CodeIgniter))
 9 FCPATH\index.php(56): CodeIgniter\Boot::bootWeb(Object(Config\Paths))
WARNING - 2025-04-17 10:52:58 --> [DEPRECATED] Passing lowercase HTTP method "post" is deprecated. Use uppercase HTTP method like "POST". in SYSTEMPATH\Router\RouteCollection.php on line 1026.
 1 SYSTEMPATH\Router\RouteCollection.php(1026): trigger_error('Passing lowercase HTTP method "post" is deprecated. Use uppercase HTTP method like "POST".', 16384)
 2 APPPATH\Config\Routes.php(88): CodeIgniter\Router\RouteCollection->match([...], 'user/edit', 'User\\UserController::editProfile')
 3 SYSTEMPATH\Router\RouteCollection.php(339): require('C:\\wamp64\\www\\ci-learn_affix\\app\\Config\\Routes.php')
 4 SYSTEMPATH\CodeIgniter.php(821): CodeIgniter\Router\RouteCollection->loadRoutes()
 5 SYSTEMPATH\CodeIgniter.php(455): CodeIgniter\CodeIgniter->tryToRouteIt(null)
 6 SYSTEMPATH\CodeIgniter.php(354): CodeIgniter\CodeIgniter->handleRequest(null, Object(Config\Cache), false)
 7 SYSTEMPATH\Boot.php(334): CodeIgniter\CodeIgniter->run()
 8 SYSTEMPATH\Boot.php(67): CodeIgniter\Boot::runCodeIgniter(Object(CodeIgniter\CodeIgniter))
 9 FCPATH\index.php(56): CodeIgniter\Boot::bootWeb(Object(Config\Paths))
DEBUG - 2025-04-17 10:52:58 --> Session: Class initialized using 'CodeIgniter\Session\Handlers\FileHandler' driver.
WARNING - 2025-04-17 10:52:58 --> [DEPRECATED] Passing lowercase HTTP method "get" is deprecated. Use uppercase HTTP method like "GET". in SYSTEMPATH\Router\RouteCollection.php on line 1026.
 1 SYSTEMPATH\Router\RouteCollection.php(1026): trigger_error('Passing lowercase HTTP method "get" is deprecated. Use uppercase HTTP method like "GET".', 16384)
 2 APPPATH\Config\Routes.php(88): CodeIgniter\Router\RouteCollection->match([...], 'user/edit', 'User\\UserController::editProfile')
 3 SYSTEMPATH\Router\RouteCollection.php(339): require('C:\\wamp64\\www\\ci-learn_affix\\app\\Config\\Routes.php')
 4 SYSTEMPATH\CodeIgniter.php(821): CodeIgniter\Router\RouteCollection->loadRoutes()
 5 SYSTEMPATH\CodeIgniter.php(455): CodeIgniter\CodeIgniter->tryToRouteIt(null)
 6 SYSTEMPATH\CodeIgniter.php(354): CodeIgniter\CodeIgniter->handleRequest(null, Object(Config\Cache), false)
 7 SYSTEMPATH\Boot.php(334): CodeIgniter\CodeIgniter->run()
 8 SYSTEMPATH\Boot.php(67): CodeIgniter\Boot::runCodeIgniter(Object(CodeIgniter\CodeIgniter))
 9 FCPATH\index.php(56): CodeIgniter\Boot::bootWeb(Object(Config\Paths))
WARNING - 2025-04-17 10:52:58 --> [DEPRECATED] Passing lowercase HTTP method "post" is deprecated. Use uppercase HTTP method like "POST". in SYSTEMPATH\Router\RouteCollection.php on line 1026.
 1 SYSTEMPATH\Router\RouteCollection.php(1026): trigger_error('Passing lowercase HTTP method "post" is deprecated. Use uppercase HTTP method like "POST".', 16384)
 2 APPPATH\Config\Routes.php(88): CodeIgniter\Router\RouteCollection->match([...], 'user/edit', 'User\\UserController::editProfile')
 3 SYSTEMPATH\Router\RouteCollection.php(339): require('C:\\wamp64\\www\\ci-learn_affix\\app\\Config\\Routes.php')
 4 SYSTEMPATH\CodeIgniter.php(821): CodeIgniter\Router\RouteCollection->loadRoutes()
 5 SYSTEMPATH\CodeIgniter.php(455): CodeIgniter\CodeIgniter->tryToRouteIt(null)
 6 SYSTEMPATH\CodeIgniter.php(354): CodeIgniter\CodeIgniter->handleRequest(null, Object(Config\Cache), false)
 7 SYSTEMPATH\Boot.php(334): CodeIgniter\CodeIgniter->run()
 8 SYSTEMPATH\Boot.php(67): CodeIgniter\Boot::runCodeIgniter(Object(CodeIgniter\CodeIgniter))
 9 FCPATH\index.php(56): CodeIgniter\Boot::bootWeb(Object(Config\Paths))
DEBUG - 2025-04-17 10:52:58 --> Session: Class initialized using 'CodeIgniter\Session\Handlers\FileHandler' driver.
WARNING - 2025-04-17 10:52:58 --> [DEPRECATED] Passing lowercase HTTP method "get" is deprecated. Use uppercase HTTP method like "GET". in SYSTEMPATH\Router\RouteCollection.php on line 1026.
 1 SYSTEMPATH\Router\RouteCollection.php(1026): trigger_error('Passing lowercase HTTP method "get" is deprecated. Use uppercase HTTP method like "GET".', 16384)
 2 APPPATH\Config\Routes.php(88): CodeIgniter\Router\RouteCollection->match([...], 'user/edit', 'User\\UserController::editProfile')
 3 SYSTEMPATH\Router\RouteCollection.php(339): require('C:\\wamp64\\www\\ci-learn_affix\\app\\Config\\Routes.php')
 4 SYSTEMPATH\CodeIgniter.php(821): CodeIgniter\Router\RouteCollection->loadRoutes()
 5 SYSTEMPATH\CodeIgniter.php(455): CodeIgniter\CodeIgniter->tryToRouteIt(null)
 6 SYSTEMPATH\CodeIgniter.php(354): CodeIgniter\CodeIgniter->handleRequest(null, Object(Config\Cache), false)
 7 SYSTEMPATH\Boot.php(334): CodeIgniter\CodeIgniter->run()
 8 SYSTEMPATH\Boot.php(67): CodeIgniter\Boot::runCodeIgniter(Object(CodeIgniter\CodeIgniter))
 9 FCPATH\index.php(56): CodeIgniter\Boot::bootWeb(Object(Config\Paths))
WARNING - 2025-04-17 10:52:58 --> [DEPRECATED] Passing lowercase HTTP method "post" is deprecated. Use uppercase HTTP method like "POST". in SYSTEMPATH\Router\RouteCollection.php on line 1026.
 1 SYSTEMPATH\Router\RouteCollection.php(1026): trigger_error('Passing lowercase HTTP method "post" is deprecated. Use uppercase HTTP method like "POST".', 16384)
 2 APPPATH\Config\Routes.php(88): CodeIgniter\Router\RouteCollection->match([...], 'user/edit', 'User\\UserController::editProfile')
 3 SYSTEMPATH\Router\RouteCollection.php(339): require('C:\\wamp64\\www\\ci-learn_affix\\app\\Config\\Routes.php')
 4 SYSTEMPATH\CodeIgniter.php(821): CodeIgniter\Router\RouteCollection->loadRoutes()
 5 SYSTEMPATH\CodeIgniter.php(455): CodeIgniter\CodeIgniter->tryToRouteIt(null)
 6 SYSTEMPATH\CodeIgniter.php(354): CodeIgniter\CodeIgniter->handleRequest(null, Object(Config\Cache), false)
 7 SYSTEMPATH\Boot.php(334): CodeIgniter\CodeIgniter->run()
 8 SYSTEMPATH\Boot.php(67): CodeIgniter\Boot::runCodeIgniter(Object(CodeIgniter\CodeIgniter))
 9 FCPATH\index.php(56): CodeIgniter\Boot::bootWeb(Object(Config\Paths))
DEBUG - 2025-04-17 10:52:59 --> Session: Class initialized using 'CodeIgniter\Session\Handlers\FileHandler' driver.
DEBUG - 2025-04-17 10:53:00 --> Session: Class initialized using 'CodeIgniter\Session\Handlers\FileHandler' driver.
WARNING - 2025-04-17 10:53:00 --> [DEPRECATED] Passing lowercase HTTP method "get" is deprecated. Use uppercase HTTP method like "GET". in SYSTEMPATH\Router\RouteCollection.php on line 1026.
 1 SYSTEMPATH\Router\RouteCollection.php(1026): trigger_error('Passing lowercase HTTP method "get" is deprecated. Use uppercase HTTP method like "GET".', 16384)
 2 APPPATH\Config\Routes.php(88): CodeIgniter\Router\RouteCollection->match([...], 'user/edit', 'User\\UserController::editProfile')
 3 SYSTEMPATH\Router\RouteCollection.php(339): require('C:\\wamp64\\www\\ci-learn_affix\\app\\Config\\Routes.php')
 4 SYSTEMPATH\CodeIgniter.php(821): CodeIgniter\Router\RouteCollection->loadRoutes()
 5 SYSTEMPATH\CodeIgniter.php(455): CodeIgniter\CodeIgniter->tryToRouteIt(null)
 6 SYSTEMPATH\CodeIgniter.php(354): CodeIgniter\CodeIgniter->handleRequest(null, Object(Config\Cache), false)
 7 SYSTEMPATH\Boot.php(334): CodeIgniter\CodeIgniter->run()
 8 SYSTEMPATH\Boot.php(67): CodeIgniter\Boot::runCodeIgniter(Object(CodeIgniter\CodeIgniter))
 9 FCPATH\index.php(56): CodeIgniter\Boot::bootWeb(Object(Config\Paths))
WARNING - 2025-04-17 10:53:00 --> [DEPRECATED] Passing lowercase HTTP method "post" is deprecated. Use uppercase HTTP method like "POST". in SYSTEMPATH\Router\RouteCollection.php on line 1026.
 1 SYSTEMPATH\Router\RouteCollection.php(1026): trigger_error('Passing lowercase HTTP method "post" is deprecated. Use uppercase HTTP method like "POST".', 16384)
 2 APPPATH\Config\Routes.php(88): CodeIgniter\Router\RouteCollection->match([...], 'user/edit', 'User\\UserController::editProfile')
 3 SYSTEMPATH\Router\RouteCollection.php(339): require('C:\\wamp64\\www\\ci-learn_affix\\app\\Config\\Routes.php')
 4 SYSTEMPATH\CodeIgniter.php(821): CodeIgniter\Router\RouteCollection->loadRoutes()
 5 SYSTEMPATH\CodeIgniter.php(455): CodeIgniter\CodeIgniter->tryToRouteIt(null)
 6 SYSTEMPATH\CodeIgniter.php(354): CodeIgniter\CodeIgniter->handleRequest(null, Object(Config\Cache), false)
 7 SYSTEMPATH\Boot.php(334): CodeIgniter\CodeIgniter->run()
 8 SYSTEMPATH\Boot.php(67): CodeIgniter\Boot::runCodeIgniter(Object(CodeIgniter\CodeIgniter))
 9 FCPATH\index.php(56): CodeIgniter\Boot::bootWeb(Object(Config\Paths))
DEBUG - 2025-04-17 10:53:00 --> Session: Class initialized using 'CodeIgniter\Session\Handlers\FileHandler' driver.
WARNING - 2025-04-17 10:53:00 --> [DEPRECATED] Passing lowercase HTTP method "get" is deprecated. Use uppercase HTTP method like "GET". in SYSTEMPATH\Router\RouteCollection.php on line 1026.
 1 SYSTEMPATH\Router\RouteCollection.php(1026): trigger_error('Passing lowercase HTTP method "get" is deprecated. Use uppercase HTTP method like "GET".', 16384)
 2 APPPATH\Config\Routes.php(88): CodeIgniter\Router\RouteCollection->match([...], 'user/edit', 'User\\UserController::editProfile')
 3 SYSTEMPATH\Router\RouteCollection.php(339): require('C:\\wamp64\\www\\ci-learn_affix\\app\\Config\\Routes.php')
 4 SYSTEMPATH\CodeIgniter.php(821): CodeIgniter\Router\RouteCollection->loadRoutes()
 5 SYSTEMPATH\CodeIgniter.php(455): CodeIgniter\CodeIgniter->tryToRouteIt(null)
 6 SYSTEMPATH\CodeIgniter.php(354): CodeIgniter\CodeIgniter->handleRequest(null, Object(Config\Cache), false)
 7 SYSTEMPATH\Boot.php(334): CodeIgniter\CodeIgniter->run()
 8 SYSTEMPATH\Boot.php(67): CodeIgniter\Boot::runCodeIgniter(Object(CodeIgniter\CodeIgniter))
 9 FCPATH\index.php(56): CodeIgniter\Boot::bootWeb(Object(Config\Paths))
WARNING - 2025-04-17 10:53:00 --> [DEPRECATED] Passing lowercase HTTP method "post" is deprecated. Use uppercase HTTP method like "POST". in SYSTEMPATH\Router\RouteCollection.php on line 1026.
 1 SYSTEMPATH\Router\RouteCollection.php(1026): trigger_error('Passing lowercase HTTP method "post" is deprecated. Use uppercase HTTP method like "POST".', 16384)
 2 APPPATH\Config\Routes.php(88): CodeIgniter\Router\RouteCollection->match([...], 'user/edit', 'User\\UserController::editProfile')
 3 SYSTEMPATH\Router\RouteCollection.php(339): require('C:\\wamp64\\www\\ci-learn_affix\\app\\Config\\Routes.php')
 4 SYSTEMPATH\CodeIgniter.php(821): CodeIgniter\Router\RouteCollection->loadRoutes()
 5 SYSTEMPATH\CodeIgniter.php(455): CodeIgniter\CodeIgniter->tryToRouteIt(null)
 6 SYSTEMPATH\CodeIgniter.php(354): CodeIgniter\CodeIgniter->handleRequest(null, Object(Config\Cache), false)
 7 SYSTEMPATH\Boot.php(334): CodeIgniter\CodeIgniter->run()
 8 SYSTEMPATH\Boot.php(67): CodeIgniter\Boot::runCodeIgniter(Object(CodeIgniter\CodeIgniter))
 9 FCPATH\index.php(56): CodeIgniter\Boot::bootWeb(Object(Config\Paths))
DEBUG - 2025-04-17 10:53:13 --> Session: Class initialized using 'CodeIgniter\Session\Handlers\FileHandler' driver.
WARNING - 2025-04-17 10:53:13 --> [DEPRECATED] Passing lowercase HTTP method "get" is deprecated. Use uppercase HTTP method like "GET". in SYSTEMPATH\Router\RouteCollection.php on line 1026.
 1 SYSTEMPATH\Router\RouteCollection.php(1026): trigger_error('Passing lowercase HTTP method "get" is deprecated. Use uppercase HTTP method like "GET".', 16384)
 2 APPPATH\Config\Routes.php(88): CodeIgniter\Router\RouteCollection->match([...], 'user/edit', 'User\\UserController::editProfile')
 3 SYSTEMPATH\Router\RouteCollection.php(339): require('C:\\wamp64\\www\\ci-learn_affix\\app\\Config\\Routes.php')
 4 SYSTEMPATH\CodeIgniter.php(821): CodeIgniter\Router\RouteCollection->loadRoutes()
 5 SYSTEMPATH\CodeIgniter.php(455): CodeIgniter\CodeIgniter->tryToRouteIt(null)
 6 SYSTEMPATH\CodeIgniter.php(354): CodeIgniter\CodeIgniter->handleRequest(null, Object(Config\Cache), false)
 7 SYSTEMPATH\Boot.php(334): CodeIgniter\CodeIgniter->run()
 8 SYSTEMPATH\Boot.php(67): CodeIgniter\Boot::runCodeIgniter(Object(CodeIgniter\CodeIgniter))
 9 FCPATH\index.php(56): CodeIgniter\Boot::bootWeb(Object(Config\Paths))
WARNING - 2025-04-17 10:53:13 --> [DEPRECATED] Passing lowercase HTTP method "post" is deprecated. Use uppercase HTTP method like "POST". in SYSTEMPATH\Router\RouteCollection.php on line 1026.
 1 SYSTEMPATH\Router\RouteCollection.php(1026): trigger_error('Passing lowercase HTTP method "post" is deprecated. Use uppercase HTTP method like "POST".', 16384)
 2 APPPATH\Config\Routes.php(88): CodeIgniter\Router\RouteCollection->match([...], 'user/edit', 'User\\UserController::editProfile')
 3 SYSTEMPATH\Router\RouteCollection.php(339): require('C:\\wamp64\\www\\ci-learn_affix\\app\\Config\\Routes.php')
 4 SYSTEMPATH\CodeIgniter.php(821): CodeIgniter\Router\RouteCollection->loadRoutes()
 5 SYSTEMPATH\CodeIgniter.php(455): CodeIgniter\CodeIgniter->tryToRouteIt(null)
 6 SYSTEMPATH\CodeIgniter.php(354): CodeIgniter\CodeIgniter->handleRequest(null, Object(Config\Cache), false)
 7 SYSTEMPATH\Boot.php(334): CodeIgniter\CodeIgniter->run()
 8 SYSTEMPATH\Boot.php(67): CodeIgniter\Boot::runCodeIgniter(Object(CodeIgniter\CodeIgniter))
 9 FCPATH\index.php(56): CodeIgniter\Boot::bootWeb(Object(Config\Paths))
CRITICAL - 2025-04-17 10:53:13 --> ErrorException: require(App/Models/UserUnlockedCourses): Failed to open stream: No such file or directory
[Method: GET, Route: courses]
in APPPATH\Views\courses\course.php on line 5.
 1 APPPATH\Views\courses\course.php(5): CodeIgniter\Debug\Exceptions->errorHandler(2, 'require(App/Models/UserUnlockedCourses): Failed to open stream: No such file or directory', 'C:\\wamp64\\www\\ci-learn_affix\\app\\Views\\courses\\course.php', 5)
 2 APPPATH\Views\courses\course.php(5): require()
 3 SYSTEMPATH\View\View.php(224): include('C:\\wamp64\\www\\ci-learn_affix\\app\\Views\\courses\\course.php')
 4 SYSTEMPATH\View\View.php(227): CodeIgniter\View\View->CodeIgniter\View\{closure}()
 5 SYSTEMPATH\Common.php(1173): CodeIgniter\View\View->render('courses/course', [], true)
 6 APPPATH\Controllers\Courses\CourseController.php(48): view('courses/course', [...])
 7 SYSTEMPATH\CodeIgniter.php(933): App\Controllers\Courses\CourseController->index()
 8 SYSTEMPATH\CodeIgniter.php(507): CodeIgniter\CodeIgniter->runController(Object(App\Controllers\Courses\CourseController))
 9 SYSTEMPATH\CodeIgniter.php(354): CodeIgniter\CodeIgniter->handleRequest(null, Object(Config\Cache), false)
10 SYSTEMPATH\Boot.php(334): CodeIgniter\CodeIgniter->run()
11 SYSTEMPATH\Boot.php(67): CodeIgniter\Boot::runCodeIgniter(Object(CodeIgniter\CodeIgniter))
12 FCPATH\index.php(56): CodeIgniter\Boot::bootWeb(Object(Config\Paths))
DEBUG - 2025-04-17 10:53:43 --> Session: Class initialized using 'CodeIgniter\Session\Handlers\FileHandler' driver.
WARNING - 2025-04-17 10:53:43 --> [DEPRECATED] Passing lowercase HTTP method "get" is deprecated. Use uppercase HTTP method like "GET". in SYSTEMPATH\Router\RouteCollection.php on line 1026.
 1 SYSTEMPATH\Router\RouteCollection.php(1026): trigger_error('Passing lowercase HTTP method "get" is deprecated. Use uppercase HTTP method like "GET".', 16384)
 2 APPPATH\Config\Routes.php(88): CodeIgniter\Router\RouteCollection->match([...], 'user/edit', 'User\\UserController::editProfile')
 3 SYSTEMPATH\Router\RouteCollection.php(339): require('C:\\wamp64\\www\\ci-learn_affix\\app\\Config\\Routes.php')
 4 SYSTEMPATH\CodeIgniter.php(821): CodeIgniter\Router\RouteCollection->loadRoutes()
 5 SYSTEMPATH\CodeIgniter.php(455): CodeIgniter\CodeIgniter->tryToRouteIt(null)
 6 SYSTEMPATH\CodeIgniter.php(354): CodeIgniter\CodeIgniter->handleRequest(null, Object(Config\Cache), false)
 7 SYSTEMPATH\Boot.php(334): CodeIgniter\CodeIgniter->run()
 8 SYSTEMPATH\Boot.php(67): CodeIgniter\Boot::runCodeIgniter(Object(CodeIgniter\CodeIgniter))
 9 FCPATH\index.php(56): CodeIgniter\Boot::bootWeb(Object(Config\Paths))
WARNING - 2025-04-17 10:53:43 --> [DEPRECATED] Passing lowercase HTTP method "post" is deprecated. Use uppercase HTTP method like "POST". in SYSTEMPATH\Router\RouteCollection.php on line 1026.
 1 SYSTEMPATH\Router\RouteCollection.php(1026): trigger_error('Passing lowercase HTTP method "post" is deprecated. Use uppercase HTTP method like "POST".', 16384)
 2 APPPATH\Config\Routes.php(88): CodeIgniter\Router\RouteCollection->match([...], 'user/edit', 'User\\UserController::editProfile')
 3 SYSTEMPATH\Router\RouteCollection.php(339): require('C:\\wamp64\\www\\ci-learn_affix\\app\\Config\\Routes.php')
 4 SYSTEMPATH\CodeIgniter.php(821): CodeIgniter\Router\RouteCollection->loadRoutes()
 5 SYSTEMPATH\CodeIgniter.php(455): CodeIgniter\CodeIgniter->tryToRouteIt(null)
 6 SYSTEMPATH\CodeIgniter.php(354): CodeIgniter\CodeIgniter->handleRequest(null, Object(Config\Cache), false)
 7 SYSTEMPATH\Boot.php(334): CodeIgniter\CodeIgniter->run()
 8 SYSTEMPATH\Boot.php(67): CodeIgniter\Boot::runCodeIgniter(Object(CodeIgniter\CodeIgniter))
 9 FCPATH\index.php(56): CodeIgniter\Boot::bootWeb(Object(Config\Paths))
CRITICAL - 2025-04-17 10:53:43 --> ErrorException: require(App/Models/Courses/UserUnlockedCourses): Failed to open stream: No such file or directory
[Method: GET, Route: courses]
in APPPATH\Views\courses\course.php on line 5.
 1 APPPATH\Views\courses\course.php(5): CodeIgniter\Debug\Exceptions->errorHandler(2, 'require(App/Models/Courses/UserUnlockedCourses): Failed to open stream: No such file or directory', 'C:\\wamp64\\www\\ci-learn_affix\\app\\Views\\courses\\course.php', 5)
 2 APPPATH\Views\courses\course.php(5): require()
 3 SYSTEMPATH\View\View.php(224): include('C:\\wamp64\\www\\ci-learn_affix\\app\\Views\\courses\\course.php')
 4 SYSTEMPATH\View\View.php(227): CodeIgniter\View\View->CodeIgniter\View\{closure}()
 5 SYSTEMPATH\Common.php(1173): CodeIgniter\View\View->render('courses/course', [], true)
 6 APPPATH\Controllers\Courses\CourseController.php(48): view('courses/course', [...])
 7 SYSTEMPATH\CodeIgniter.php(933): App\Controllers\Courses\CourseController->index()
 8 SYSTEMPATH\CodeIgniter.php(507): CodeIgniter\CodeIgniter->runController(Object(App\Controllers\Courses\CourseController))
 9 SYSTEMPATH\CodeIgniter.php(354): CodeIgniter\CodeIgniter->handleRequest(null, Object(Config\Cache), false)
10 SYSTEMPATH\Boot.php(334): CodeIgniter\CodeIgniter->run()
11 SYSTEMPATH\Boot.php(67): CodeIgniter\Boot::runCodeIgniter(Object(CodeIgniter\CodeIgniter))
12 FCPATH\index.php(56): CodeIgniter\Boot::bootWeb(Object(Config\Paths))
DEBUG - 2025-04-17 10:54:09 --> Session: Class initialized using 'CodeIgniter\Session\Handlers\FileHandler' driver.
WARNING - 2025-04-17 10:54:09 --> [DEPRECATED] Passing lowercase HTTP method "get" is deprecated. Use uppercase HTTP method like "GET". in SYSTEMPATH\Router\RouteCollection.php on line 1026.
 1 SYSTEMPATH\Router\RouteCollection.php(1026): trigger_error('Passing lowercase HTTP method "get" is deprecated. Use uppercase HTTP method like "GET".', 16384)
 2 APPPATH\Config\Routes.php(88): CodeIgniter\Router\RouteCollection->match([...], 'user/edit', 'User\\UserController::editProfile')
 3 SYSTEMPATH\Router\RouteCollection.php(339): require('C:\\wamp64\\www\\ci-learn_affix\\app\\Config\\Routes.php')
 4 SYSTEMPATH\CodeIgniter.php(821): CodeIgniter\Router\RouteCollection->loadRoutes()
 5 SYSTEMPATH\CodeIgniter.php(455): CodeIgniter\CodeIgniter->tryToRouteIt(null)
 6 SYSTEMPATH\CodeIgniter.php(354): CodeIgniter\CodeIgniter->handleRequest(null, Object(Config\Cache), false)
 7 SYSTEMPATH\Boot.php(334): CodeIgniter\CodeIgniter->run()
 8 SYSTEMPATH\Boot.php(67): CodeIgniter\Boot::runCodeIgniter(Object(CodeIgniter\CodeIgniter))
 9 FCPATH\index.php(56): CodeIgniter\Boot::bootWeb(Object(Config\Paths))
WARNING - 2025-04-17 10:54:09 --> [DEPRECATED] Passing lowercase HTTP method "post" is deprecated. Use uppercase HTTP method like "POST". in SYSTEMPATH\Router\RouteCollection.php on line 1026.
 1 SYSTEMPATH\Router\RouteCollection.php(1026): trigger_error('Passing lowercase HTTP method "post" is deprecated. Use uppercase HTTP method like "POST".', 16384)
 2 APPPATH\Config\Routes.php(88): CodeIgniter\Router\RouteCollection->match([...], 'user/edit', 'User\\UserController::editProfile')
 3 SYSTEMPATH\Router\RouteCollection.php(339): require('C:\\wamp64\\www\\ci-learn_affix\\app\\Config\\Routes.php')
 4 SYSTEMPATH\CodeIgniter.php(821): CodeIgniter\Router\RouteCollection->loadRoutes()
 5 SYSTEMPATH\CodeIgniter.php(455): CodeIgniter\CodeIgniter->tryToRouteIt(null)
 6 SYSTEMPATH\CodeIgniter.php(354): CodeIgniter\CodeIgniter->handleRequest(null, Object(Config\Cache), false)
 7 SYSTEMPATH\Boot.php(334): CodeIgniter\CodeIgniter->run()
 8 SYSTEMPATH\Boot.php(67): CodeIgniter\Boot::runCodeIgniter(Object(CodeIgniter\CodeIgniter))
 9 FCPATH\index.php(56): CodeIgniter\Boot::bootWeb(Object(Config\Paths))
CRITICAL - 2025-04-17 10:54:09 --> Error: Class name must be a valid object or a string
[Method: GET, Route: courses]
in APPPATH\Views\courses\course.php on line 9.
 1 SYSTEMPATH\View\View.php(224): include()
 2 SYSTEMPATH\View\View.php(227): CodeIgniter\View\View->CodeIgniter\View\{closure}()
 3 SYSTEMPATH\Common.php(1173): CodeIgniter\View\View->render('courses/course', [], true)
 4 APPPATH\Controllers\Courses\CourseController.php(48): view('courses/course', [...])
 5 SYSTEMPATH\CodeIgniter.php(933): App\Controllers\Courses\CourseController->index()
 6 SYSTEMPATH\CodeIgniter.php(507): CodeIgniter\CodeIgniter->runController(Object(App\Controllers\Courses\CourseController))
 7 SYSTEMPATH\CodeIgniter.php(354): CodeIgniter\CodeIgniter->handleRequest(null, Object(Config\Cache), false)
 8 SYSTEMPATH\Boot.php(334): CodeIgniter\CodeIgniter->run()
 9 SYSTEMPATH\Boot.php(67): CodeIgniter\Boot::runCodeIgniter(Object(CodeIgniter\CodeIgniter))
10 FCPATH\index.php(56): CodeIgniter\Boot::bootWeb(Object(Config\Paths))
WARNING - 2025-04-17 10:59:24 --> [DEPRECATED] Passing lowercase HTTP method "get" is deprecated. Use uppercase HTTP method like "GET". in SYSTEMPATH\Router\RouteCollection.php on line 1026.
 1 SYSTEMPATH\Router\RouteCollection.php(1026): trigger_error('Passing lowercase HTTP method "get" is deprecated. Use uppercase HTTP method like "GET".', 16384)
 2 APPPATH\Config\Routes.php(88): CodeIgniter\Router\RouteCollection->match([...], 'user/edit', 'User\\UserController::editProfile')
 3 SYSTEMPATH\Router\RouteCollection.php(339): require('C:\\wamp64\\www\\ci-learn_affix\\app\\Config\\Routes.php')
 4 SYSTEMPATH\CLI\Console.php(41): CodeIgniter\Router\RouteCollection->loadRoutes()
 5 SYSTEMPATH\Boot.php(360): CodeIgniter\CLI\Console->run()
 6 SYSTEMPATH\Boot.php(104): CodeIgniter\Boot::runCommand(Object(CodeIgniter\CLI\Console))
 7 ROOTPATH\spark(84): CodeIgniter\Boot::bootSpark(Object(Config\Paths))
WARNING - 2025-04-17 10:59:24 --> [DEPRECATED] Passing lowercase HTTP method "post" is deprecated. Use uppercase HTTP method like "POST". in SYSTEMPATH\Router\RouteCollection.php on line 1026.
 1 SYSTEMPATH\Router\RouteCollection.php(1026): trigger_error('Passing lowercase HTTP method "post" is deprecated. Use uppercase HTTP method like "POST".', 16384)
 2 APPPATH\Config\Routes.php(88): CodeIgniter\Router\RouteCollection->match([...], 'user/edit', 'User\\UserController::editProfile')
 3 SYSTEMPATH\Router\RouteCollection.php(339): require('C:\\wamp64\\www\\ci-learn_affix\\app\\Config\\Routes.php')
 4 SYSTEMPATH\CLI\Console.php(41): CodeIgniter\Router\RouteCollection->loadRoutes()
 5 SYSTEMPATH\Boot.php(360): CodeIgniter\CLI\Console->run()
 6 SYSTEMPATH\Boot.php(104): CodeIgniter\Boot::runCommand(Object(CodeIgniter\CLI\Console))
 7 ROOTPATH\spark(84): CodeIgniter\Boot::bootSpark(Object(Config\Paths))
DEBUG - 2025-04-17 11:06:29 --> Session: Class initialized using 'CodeIgniter\Session\Handlers\FileHandler' driver.
WARNING - 2025-04-17 11:06:29 --> [DEPRECATED] Passing lowercase HTTP method "get" is deprecated. Use uppercase HTTP method like "GET". in SYSTEMPATH\Router\RouteCollection.php on line 1026.
 1 SYSTEMPATH\Router\RouteCollection.php(1026): trigger_error('Passing lowercase HTTP method "get" is deprecated. Use uppercase HTTP method like "GET".', 16384)
 2 APPPATH\Config\Routes.php(88): CodeIgniter\Router\RouteCollection->match([...], 'user/edit', 'User\\UserController::editProfile')
 3 SYSTEMPATH\Router\RouteCollection.php(339): require('C:\\wamp64\\www\\ci-learn_affix\\app\\Config\\Routes.php')
 4 SYSTEMPATH\CodeIgniter.php(821): CodeIgniter\Router\RouteCollection->loadRoutes()
 5 SYSTEMPATH\CodeIgniter.php(455): CodeIgniter\CodeIgniter->tryToRouteIt(null)
 6 SYSTEMPATH\CodeIgniter.php(354): CodeIgniter\CodeIgniter->handleRequest(null, Object(Config\Cache), false)
 7 SYSTEMPATH\Boot.php(334): CodeIgniter\CodeIgniter->run()
 8 SYSTEMPATH\Boot.php(67): CodeIgniter\Boot::runCodeIgniter(Object(CodeIgniter\CodeIgniter))
 9 FCPATH\index.php(56): CodeIgniter\Boot::bootWeb(Object(Config\Paths))
WARNING - 2025-04-17 11:06:29 --> [DEPRECATED] Passing lowercase HTTP method "post" is deprecated. Use uppercase HTTP method like "POST". in SYSTEMPATH\Router\RouteCollection.php on line 1026.
 1 SYSTEMPATH\Router\RouteCollection.php(1026): trigger_error('Passing lowercase HTTP method "post" is deprecated. Use uppercase HTTP method like "POST".', 16384)
 2 APPPATH\Config\Routes.php(88): CodeIgniter\Router\RouteCollection->match([...], 'user/edit', 'User\\UserController::editProfile')
 3 SYSTEMPATH\Router\RouteCollection.php(339): require('C:\\wamp64\\www\\ci-learn_affix\\app\\Config\\Routes.php')
 4 SYSTEMPATH\CodeIgniter.php(821): CodeIgniter\Router\RouteCollection->loadRoutes()
 5 SYSTEMPATH\CodeIgniter.php(455): CodeIgniter\CodeIgniter->tryToRouteIt(null)
 6 SYSTEMPATH\CodeIgniter.php(354): CodeIgniter\CodeIgniter->handleRequest(null, Object(Config\Cache), false)
 7 SYSTEMPATH\Boot.php(334): CodeIgniter\CodeIgniter->run()
 8 SYSTEMPATH\Boot.php(67): CodeIgniter\Boot::runCodeIgniter(Object(CodeIgniter\CodeIgniter))
 9 FCPATH\index.php(56): CodeIgniter\Boot::bootWeb(Object(Config\Paths))
DEBUG - 2025-04-17 11:06:30 --> Session: Class initialized using 'CodeIgniter\Session\Handlers\FileHandler' driver.
WARNING - 2025-04-17 11:06:30 --> [DEPRECATED] Passing lowercase HTTP method "get" is deprecated. Use uppercase HTTP method like "GET". in SYSTEMPATH\Router\RouteCollection.php on line 1026.
 1 SYSTEMPATH\Router\RouteCollection.php(1026): trigger_error('Passing lowercase HTTP method "get" is deprecated. Use uppercase HTTP method like "GET".', 16384)
 2 APPPATH\Config\Routes.php(88): CodeIgniter\Router\RouteCollection->match([...], 'user/edit', 'User\\UserController::editProfile')
 3 SYSTEMPATH\Router\RouteCollection.php(339): require('C:\\wamp64\\www\\ci-learn_affix\\app\\Config\\Routes.php')
 4 SYSTEMPATH\CodeIgniter.php(821): CodeIgniter\Router\RouteCollection->loadRoutes()
 5 SYSTEMPATH\CodeIgniter.php(455): CodeIgniter\CodeIgniter->tryToRouteIt(null)
 6 SYSTEMPATH\CodeIgniter.php(354): CodeIgniter\CodeIgniter->handleRequest(null, Object(Config\Cache), false)
 7 SYSTEMPATH\Boot.php(334): CodeIgniter\CodeIgniter->run()
 8 SYSTEMPATH\Boot.php(67): CodeIgniter\Boot::runCodeIgniter(Object(CodeIgniter\CodeIgniter))
 9 FCPATH\index.php(56): CodeIgniter\Boot::bootWeb(Object(Config\Paths))
WARNING - 2025-04-17 11:06:30 --> [DEPRECATED] Passing lowercase HTTP method "post" is deprecated. Use uppercase HTTP method like "POST". in SYSTEMPATH\Router\RouteCollection.php on line 1026.
 1 SYSTEMPATH\Router\RouteCollection.php(1026): trigger_error('Passing lowercase HTTP method "post" is deprecated. Use uppercase HTTP method like "POST".', 16384)
 2 APPPATH\Config\Routes.php(88): CodeIgniter\Router\RouteCollection->match([...], 'user/edit', 'User\\UserController::editProfile')
 3 SYSTEMPATH\Router\RouteCollection.php(339): require('C:\\wamp64\\www\\ci-learn_affix\\app\\Config\\Routes.php')
 4 SYSTEMPATH\CodeIgniter.php(821): CodeIgniter\Router\RouteCollection->loadRoutes()
 5 SYSTEMPATH\CodeIgniter.php(455): CodeIgniter\CodeIgniter->tryToRouteIt(null)
 6 SYSTEMPATH\CodeIgniter.php(354): CodeIgniter\CodeIgniter->handleRequest(null, Object(Config\Cache), false)
 7 SYSTEMPATH\Boot.php(334): CodeIgniter\CodeIgniter->run()
 8 SYSTEMPATH\Boot.php(67): CodeIgniter\Boot::runCodeIgniter(Object(CodeIgniter\CodeIgniter))
 9 FCPATH\index.php(56): CodeIgniter\Boot::bootWeb(Object(Config\Paths))
DEBUG - 2025-04-17 11:06:35 --> Unsplash API Response for category "Programming": {"id":"d3Ysz1ziusM","slug":"man-in-black-long-sleeve-shirt-wearing-black-sunglasses-d3Ysz1ziusM","alternative_slugs":{"en":"man-in-black-long-sleeve-shirt-wearing-black-sunglasses-d3Ysz1ziusM","es":"hombre-con-camisa-negra-de-manga-larga-con-gafas-de-sol-negras-d3Ysz1ziusM","ja":"\u9ed2\u3044\u30b5\u30f3\u30b0\u30e9\u30b9\u3092\u304b\u3051\u305f\u9ed2\u3044\u9577\u8896\u30b7\u30e3\u30c4\u306e\u7537-d3Ysz1ziusM","fr":"homme-en-chemise-noire-a-manches-longues-portant-des-lunettes-de-soleil-noires-d3Ysz1ziusM","it":"uomo-in-camicia-nera-a-maniche-lunghe-che-indossa-occhiali-da-sole-neri-d3Ysz1ziusM","ko":"\uac80\uc740-\uc0c9-\uc120\uae00\ub77c\uc2a4\ub97c-\uc4f4-\uac80\uc740-\uc0c9-\uae34-\uc18c\ub9e4-\uc154\uce20\ub97c-\uc785\uc740-\ub0a8\uc790-d3Ysz1ziusM","de":"mann-in-schwarzem-langarmhemd-mit-schwarzer-sonnenbrille-d3Ysz1ziusM","pt":"homem-na-camisa-preta-de-manga-comprida-vestindo-oculos-de-sol-pretos-d3Ysz1ziusM"},"created_at":"2021-06-22T16:00:49Z","updated_at":"2025-04-17T09:33:44Z","promoted_at":null,"width":9504,"height":6336,"color":"#260c40","blur_hash":"L13I3s9DtRnporV#xwIkIdtJV=t9","description":"\u201cA language that doesn't affect the way you think about programming is not worth knowing.\u201d\n\u2015 Alan J. Perlis\n\nZakarya noori","alt_description":"man in black long sleeve shirt wearing black sunglasses","breadcrumbs":[],"urls":{"raw":"https:\/\/images.unsplash.com\/photo-1624377632657-3902bfd35958?ixid=M3w3Mzg4NTh8MHwxfHJhbmRvbXx8fHx8fHx8fDE3NDQ4ODc5OTV8&ixlib=rb-4.0.3","full":"https:\/\/images.unsplash.com\/photo-1624377632657-3902bfd35958?crop=entropy&cs=srgb&fm=jpg&ixid=M3w3Mzg4NTh8MHwxfHJhbmRvbXx8fHx8fHx8fDE3NDQ4ODc5OTV8&ixlib=rb-4.0.3&q=85","regular":"https:\/\/images.unsplash.com\/photo-1624377632657-3902bfd35958?crop=entropy&cs=tinysrgb&fit=max&fm=jpg&ixid=M3w3Mzg4NTh8MHwxfHJhbmRvbXx8fHx8fHx8fDE3NDQ4ODc5OTV8&ixlib=rb-4.0.3&q=80&w=1080","small":"https:\/\/images.unsplash.com\/photo-1624377632657-3902bfd35958?crop=entropy&cs=tinysrgb&fit=max&fm=jpg&ixid=M3w3Mzg4NTh8MHwxfHJhbmRvbXx8fHx8fHx8fDE3NDQ4ODc5OTV8&ixlib=rb-4.0.3&q=80&w=400","thumb":"https:\/\/images.unsplash.com\/photo-1624377632657-3902bfd35958?crop=entropy&cs=tinysrgb&fit=max&fm=jpg&ixid=M3w3Mzg4NTh8MHwxfHJhbmRvbXx8fHx8fHx8fDE3NDQ4ODc5OTV8&ixlib=rb-4.0.3&q=80&w=200","small_s3":"https:\/\/s3.us-west-2.amazonaws.com\/images.unsplash.com\/small\/photo-1624377632657-3902bfd35958"},"links":{"self":"https:\/\/api.unsplash.com\/photos\/man-in-black-long-sleeve-shirt-wearing-black-sunglasses-d3Ysz1ziusM","html":"https:\/\/unsplash.com\/photos\/man-in-black-long-sleeve-shirt-wearing-black-sunglasses-d3Ysz1ziusM","download":"https:\/\/unsplash.com\/photos\/d3Ysz1ziusM\/download?ixid=M3w3Mzg4NTh8MHwxfHJhbmRvbXx8fHx8fHx8fDE3NDQ4ODc5OTV8","download_location":"https:\/\/api.unsplash.com\/photos\/d3Ysz1ziusM\/download?ixid=M3w3Mzg4NTh8MHwxfHJhbmRvbXx8fHx8fHx8fDE3NDQ4ODc5OTV8"},"likes":65,"liked_by_user":false,"current_user_collections":[],"sponsorship":null,"topic_submissions":{"business-work":{"status":"approved","approved_on":"2021-07-13T12:31:15Z"}},"asset_type":"photo","user":{"id":"Ys7752KAoTc","updated_at":"2025-04-16T15:52:37Z","username":"afgprogrammer","name":"Mohammad Rahmani","first_name":"Mohammad","last_name":"Rahmani","twitter_username":"afgprogrammer","portfolio_url":"https:\/\/afgprogrammer.com","bio":"Full-Stack Software Developer.","location":"Kabul, Afghanistan","links":{"self":"https:\/\/api.unsplash.com\/users\/afgprogrammer","html":"https:\/\/unsplash.com\/@afgprogrammer","photos":"https:\/\/api.unsplash.com\/users\/afgprogrammer\/photos","likes":"https:\/\/api.unsplash.com\/users\/afgprogrammer\/likes","portfolio":"https:\/\/api.unsplash.com\/users\/afgprogrammer\/portfolio"},"profile_image":{"small":"https:\/\/images.unsplash.com\/profile-1650295951572-06009e823cd7image?ixlib=rb-4.0.3&crop=faces&fit=crop&w=32&h=32","medium":"https:\/\/images.unsplash.com\/profile-1650295951572-06009e823cd7image?ixlib=rb-4.0.3&crop=faces&fit=crop&w=64&h=64","large":"https:\/\/images.unsplash.com\/profile-1650295951572-06009e823cd7image?ixlib=rb-4.0.3&crop=faces&fit=crop&w=128&h=128"},"instagram_username":"afgprogrammer","total_collections":1,"total_likes":80,"total_photos":52,"total_promoted_photos":11,"total_illustrations":0,"total_promoted_illustrations":0,"accepted_tos":true,"for_hire":false,"social":{"instagram_username":"afgprogrammer","portfolio_url":"https:\/\/afgprogrammer.com","twitter_username":"afgprogrammer","paypal_email":null}},"exif":{"make":"SONY","model":"ILCE-7RM4","name":"SONY, ILCE-7RM4","exposure_time":"1\/100","aperture":"1.8","focal_length":"85.0","iso":800},"location":{"name":"Kabul, Kabul, Afghanistan","city":"Kabul","country":"Afghanistan","position":{"latitude":34.52813,"longitude":69.17233}},"meta":{"index":true},"public_domain":false,"tags":[{"type":"search","title":"office"},{"type":"search","title":"business"},{"type":"search","title":"coding"},{"type":"search","title":"programming"},{"type":"search","title":"code"},{"type":"search","title":"developer"},{"type":"search","title":"software"},{"type":"search","title":"programmer"},{"type":"search","title":"afghanistan"},{"type":"search","title":"software developer"},{"type":"search","title":"kabul"},{"type":"search","title":"visual studio code"},{"type":"search","title":"vscode"},{"type":"search","title":"developer life"},{"type":"search","title":"human"},{"type":"search","title":"computer"},{"type":"search","title":"keyboard"},{"type":"search","title":"electronics"}],"views":1186526,"downloads":7427,"topics":[{"id":"aeu6rL-j6ew","title":"Business & Work","slug":"business-work","visibility":"visible"}]}
DEBUG - 2025-04-17 11:06:35 --> No valid image found for category "Programming"
DEBUG - 2025-04-17 11:06:35 --> Fetched Image URL for category Programming: default-image.jpg
DEBUG - 2025-04-17 11:06:35 --> No valid image found for category Programming
DEBUG - 2025-04-17 11:06:38 --> Session: Class initialized using 'CodeIgniter\Session\Handlers\FileHandler' driver.
WARNING - 2025-04-17 11:06:38 --> [DEPRECATED] Passing lowercase HTTP method "get" is deprecated. Use uppercase HTTP method like "GET". in SYSTEMPATH\Router\RouteCollection.php on line 1026.
 1 SYSTEMPATH\Router\RouteCollection.php(1026): trigger_error('Passing lowercase HTTP method "get" is deprecated. Use uppercase HTTP method like "GET".', 16384)
 2 APPPATH\Config\Routes.php(88): CodeIgniter\Router\RouteCollection->match([...], 'user/edit', 'User\\UserController::editProfile')
 3 SYSTEMPATH\Router\RouteCollection.php(339): require('C:\\wamp64\\www\\ci-learn_affix\\app\\Config\\Routes.php')
 4 SYSTEMPATH\CodeIgniter.php(821): CodeIgniter\Router\RouteCollection->loadRoutes()
 5 SYSTEMPATH\CodeIgniter.php(455): CodeIgniter\CodeIgniter->tryToRouteIt(null)
 6 SYSTEMPATH\CodeIgniter.php(354): CodeIgniter\CodeIgniter->handleRequest(null, Object(Config\Cache), false)
 7 SYSTEMPATH\Boot.php(334): CodeIgniter\CodeIgniter->run()
 8 SYSTEMPATH\Boot.php(67): CodeIgniter\Boot::runCodeIgniter(Object(CodeIgniter\CodeIgniter))
 9 FCPATH\index.php(56): CodeIgniter\Boot::bootWeb(Object(Config\Paths))
WARNING - 2025-04-17 11:06:38 --> [DEPRECATED] Passing lowercase HTTP method "post" is deprecated. Use uppercase HTTP method like "POST". in SYSTEMPATH\Router\RouteCollection.php on line 1026.
 1 SYSTEMPATH\Router\RouteCollection.php(1026): trigger_error('Passing lowercase HTTP method "post" is deprecated. Use uppercase HTTP method like "POST".', 16384)
 2 APPPATH\Config\Routes.php(88): CodeIgniter\Router\RouteCollection->match([...], 'user/edit', 'User\\UserController::editProfile')
 3 SYSTEMPATH\Router\RouteCollection.php(339): require('C:\\wamp64\\www\\ci-learn_affix\\app\\Config\\Routes.php')
 4 SYSTEMPATH\CodeIgniter.php(821): CodeIgniter\Router\RouteCollection->loadRoutes()
 5 SYSTEMPATH\CodeIgniter.php(455): CodeIgniter\CodeIgniter->tryToRouteIt(null)
 6 SYSTEMPATH\CodeIgniter.php(354): CodeIgniter\CodeIgniter->handleRequest(null, Object(Config\Cache), false)
 7 SYSTEMPATH\Boot.php(334): CodeIgniter\CodeIgniter->run()
 8 SYSTEMPATH\Boot.php(67): CodeIgniter\Boot::runCodeIgniter(Object(CodeIgniter\CodeIgniter))
 9 FCPATH\index.php(56): CodeIgniter\Boot::bootWeb(Object(Config\Paths))
DEBUG - 2025-04-17 11:06:38 --> Unsplash API Response for category "AI & Video": {"id":"h3_rDazTIpU","slug":"black-and-gray-audio-mixer-h3_rDazTIpU","alternative_slugs":{"en":"black-and-gray-audio-mixer-h3_rDazTIpU","es":"mezclador-de-audio-negro-y-gris-h3_rDazTIpU","ja":"\u9ed2\u3068\u30b0\u30ec\u30fc\u306e\u30aa\u30fc\u30c7\u30a3\u30aa\u30df\u30ad\u30b5\u30fc-h3_rDazTIpU","fr":"melangeur-audio-noir-et-gris-h3_rDazTIpU","it":"mixer-audio-nero-e-grigio-h3_rDazTIpU","ko":"\uac80\uc815\uacfc-\ud68c\uc0c9-\uc624\ub514\uc624-\ubbf9\uc11c-h3_rDazTIpU","de":"schwarz-grauer-audio-mixer-h3_rDazTIpU","pt":"mixer-de-audio-preto-e-cinza-h3_rDazTIpU"},"created_at":"2019-03-23T23:06:12Z","updated_at":"2025-04-17T06:15:43Z","promoted_at":null,"width":5616,"height":3744,"color":"#c0a6a6","blur_hash":"LKHnsi4-oJt5^+M_t7Rk~UM{M|t8","description":null,"alt_description":"black and gray audio mixer","breadcrumbs":[],"urls":{"raw":"https:\/\/images.unsplash.com\/photo-1553377102-3c44d7e701bd?ixid=M3w3Mzg4NTh8MHwxfHJhbmRvbXx8fHx8fHx8fDE3NDQ4ODc5OTh8&ixlib=rb-4.0.3","full":"https:\/\/images.unsplash.com\/photo-1553377102-3c44d7e701bd?crop=entropy&cs=srgb&fm=jpg&ixid=M3w3Mzg4NTh8MHwxfHJhbmRvbXx8fHx8fHx8fDE3NDQ4ODc5OTh8&ixlib=rb-4.0.3&q=85","regular":"https:\/\/images.unsplash.com\/photo-1553377102-3c44d7e701bd?crop=entropy&cs=tinysrgb&fit=max&fm=jpg&ixid=M3w3Mzg4NTh8MHwxfHJhbmRvbXx8fHx8fHx8fDE3NDQ4ODc5OTh8&ixlib=rb-4.0.3&q=80&w=1080","small":"https:\/\/images.unsplash.com\/photo-1553377102-3c44d7e701bd?crop=entropy&cs=tinysrgb&fit=max&fm=jpg&ixid=M3w3Mzg4NTh8MHwxfHJhbmRvbXx8fHx8fHx8fDE3NDQ4ODc5OTh8&ixlib=rb-4.0.3&q=80&w=400","thumb":"https:\/\/images.unsplash.com\/photo-1553377102-3c44d7e701bd?crop=entropy&cs=tinysrgb&fit=max&fm=jpg&ixid=M3w3Mzg4NTh8MHwxfHJhbmRvbXx8fHx8fHx8fDE3NDQ4ODc5OTh8&ixlib=rb-4.0.3&q=80&w=200","small_s3":"https:\/\/s3.us-west-2.amazonaws.com\/images.unsplash.com\/small\/photo-1553377102-3c44d7e701bd"},"links":{"self":"https:\/\/api.unsplash.com\/photos\/black-and-gray-audio-mixer-h3_rDazTIpU","html":"https:\/\/unsplash.com\/photos\/black-and-gray-audio-mixer-h3_rDazTIpU","download":"https:\/\/unsplash.com\/photos\/h3_rDazTIpU\/download?ixid=M3w3Mzg4NTh8MHwxfHJhbmRvbXx8fHx8fHx8fDE3NDQ4ODc5OTh8","download_location":"https:\/\/api.unsplash.com\/photos\/h3_rDazTIpU\/download?ixid=M3w3Mzg4NTh8MHwxfHJhbmRvbXx8fHx8fHx8fDE3NDQ4ODc5OTh8"},"likes":68,"liked_by_user":false,"current_user_collections":[],"sponsorship":null,"topic_submissions":[],"asset_type":"photo","user":{"id":"XZFoiz6XD9o","updated_at":"2024-10-11T07:58:13Z","username":"onehunna","name":"Hunter Moranville","first_name":"Hunter","last_name":"Moranville","twitter_username":null,"portfolio_url":"https:\/\/huntermoranville.com","bio":"I'm an indie filmmaker producing my own films and taking pictures along the way. Instagram: hunter_moranville","location":"Los Angeles","links":{"self":"https:\/\/api.unsplash.com\/users\/onehunna","html":"https:\/\/unsplash.com\/@onehunna","photos":"https:\/\/api.unsplash.com\/users\/onehunna\/photos","likes":"https:\/\/api.unsplash.com\/users\/onehunna\/likes","portfolio":"https:\/\/api.unsplash.com\/users\/onehunna\/portfolio","following":"https:\/\/api.unsplash.com\/users\/onehunna\/following","followers":"https:\/\/api.unsplash.com\/users\/onehunna\/followers"},"profile_image":{"small":"https:\/\/images.unsplash.com\/profile-fb-1547985685-2d7af34a61ef.jpg?ixlib=rb-4.0.3&crop=faces&fit=crop&w=32&h=32","medium":"https:\/\/images.unsplash.com\/profile-fb-1547985685-2d7af34a61ef.jpg?ixlib=rb-4.0.3&crop=faces&fit=crop&w=64&h=64","large":"https:\/\/images.unsplash.com\/profile-fb-1547985685-2d7af34a61ef.jpg?ixlib=rb-4.0.3&crop=faces&fit=crop&w=128&h=128"},"instagram_username":"hunter_moranville","total_collections":0,"total_likes":2,"total_photos":23,"total_promoted_photos":1,"total_illustrations":0,"total_promoted_illustrations":0,"accepted_tos":true,"for_hire":true,"social":{"instagram_username":"hunter_moranville","portfolio_url":"https:\/\/huntermoranville.com","twitter_username":null,"paypal_email":null}},"exif":{"make":"Canon","model":"Canon EOS 5D Mark II","name":"Canon, EOS 5D Mark II","exposure_time":"1\/160","aperture":"2.8","focal_length":"28.0","iso":800},"location":{"name":null,"city":null,"country":null,"position":{"latitude":null,"longitude":null}},"meta":{"index":true},"public_domain":false,"tags":[{"type":"search","title":"video"},{"type":"search","title":"camera"},{"type":"search","title":"movie"},{"type":"search","title":"film"},{"type":"search","title":"production"},{"type":"search","title":"filmmaking"},{"type":"search","title":"video camera"},{"type":"search","title":"film set"},{"type":"search","title":"slate"},{"type":"search","title":"filmmaker"},{"type":"search","title":"tripod"},{"type":"search","title":"grip"},{"type":"search","title":"camera operator"},{"type":"search","title":"human"},{"type":"search","title":"grey"},{"type":"search","title":"furniture"},{"type":"search","title":"wood"},{"type":"search","title":"electronics"},{"type":"search","title":"machine"},{"type":"search","title":"couch"}],"views":496432,"downloads":1112,"topics":[]}
DEBUG - 2025-04-17 11:06:38 --> No valid image found for category "AI & Video"
DEBUG - 2025-04-17 11:06:38 --> Fetched Image URL for category AI & Video: default-image.jpg
DEBUG - 2025-04-17 11:06:38 --> No valid image found for category AI & Video
DEBUG - 2025-04-17 11:06:43 --> Unsplash API Response for category "Cybersecurity": {"id":"ZR2dtQ0hUhA","slug":"a-person-sitting-at-a-desk-with-a-laptop-on-it-ZR2dtQ0hUhA","alternative_slugs":{"en":"a-person-sitting-at-a-desk-with-a-laptop-on-it-ZR2dtQ0hUhA","es":"una-persona-sentada-en-un-escritorio-con-una-computadora-portatil-ZR2dtQ0hUhA","ja":"\u30e9\u30c3\u30d7\u30c8\u30c3\u30d7\u3092\u4e57\u305b\u3066\u673a\u306b\u5ea7\u3063\u3066\u3044\u308b\u4eba-ZR2dtQ0hUhA","fr":"une-personne-assise-a-un-bureau-avec-un-ordinateur-portable-dessus-ZR2dtQ0hUhA","it":"una-persona-seduta-a-una-scrivania-con-un-laptop-su-di-esso-ZR2dtQ0hUhA","ko":"\ub178\ud2b8\ubd81\uc744-\ub4e4\uace0-\ucc45\uc0c1\uc5d0-\uc549\uc544-\uc788\ub294-\uc0ac\ub78c-ZR2dtQ0hUhA","de":"eine-person-die-mit-einem-laptop-an-einem-schreibtisch-sitzt-ZR2dtQ0hUhA","pt":"uma-pessoa-sentada-em-uma-mesa-com-um-laptop-sobre-ele-ZR2dtQ0hUhA"},"created_at":"2022-08-16T10:14:42Z","updated_at":"2025-04-17T07:27:40Z","promoted_at":null,"width":3840,"height":2160,"color":"#d98c59","blur_hash":"LcPqvm*0?Ht7yDkCs9oLxGoeNaWC","description":null,"alt_description":"a person sitting at a desk with a laptop on it","breadcrumbs":[],"urls":{"raw":"https:\/\/images.unsplash.com\/photo-1660644807924-85fec223ed5c?ixid=M3w3Mzg4NTh8MHwxfHJhbmRvbXx8fHx8fHx8fDE3NDQ4ODgwMDN8&ixlib=rb-4.0.3","full":"https:\/\/images.unsplash.com\/photo-1660644807924-85fec223ed5c?crop=entropy&cs=srgb&fm=jpg&ixid=M3w3Mzg4NTh8MHwxfHJhbmRvbXx8fHx8fHx8fDE3NDQ4ODgwMDN8&ixlib=rb-4.0.3&q=85","regular":"https:\/\/images.unsplash.com\/photo-1660644807924-85fec223ed5c?crop=entropy&cs=tinysrgb&fit=max&fm=jpg&ixid=M3w3Mzg4NTh8MHwxfHJhbmRvbXx8fHx8fHx8fDE3NDQ4ODgwMDN8&ixlib=rb-4.0.3&q=80&w=1080","small":"https:\/\/images.unsplash.com\/photo-1660644807924-85fec223ed5c?crop=entropy&cs=tinysrgb&fit=max&fm=jpg&ixid=M3w3Mzg4NTh8MHwxfHJhbmRvbXx8fHx8fHx8fDE3NDQ4ODgwMDN8&ixlib=rb-4.0.3&q=80&w=400","thumb":"https:\/\/images.unsplash.com\/photo-1660644807924-85fec223ed5c?crop=entropy&cs=tinysrgb&fit=max&fm=jpg&ixid=M3w3Mzg4NTh8MHwxfHJhbmRvbXx8fHx8fHx8fDE3NDQ4ODgwMDN8&ixlib=rb-4.0.3&q=80&w=200","small_s3":"https:\/\/s3.us-west-2.amazonaws.com\/images.unsplash.com\/small\/photo-1660644807924-85fec223ed5c"},"links":{"self":"https:\/\/api.unsplash.com\/photos\/a-person-sitting-at-a-desk-with-a-laptop-on-it-ZR2dtQ0hUhA","html":"https:\/\/unsplash.com\/photos\/a-person-sitting-at-a-desk-with-a-laptop-on-it-ZR2dtQ0hUhA","download":"https:\/\/unsplash.com\/photos\/ZR2dtQ0hUhA\/download?ixid=M3w3Mzg4NTh8MHwxfHJhbmRvbXx8fHx8fHx8fDE3NDQ4ODgwMDN8","download_location":"https:\/\/api.unsplash.com\/photos\/ZR2dtQ0hUhA\/download?ixid=M3w3Mzg4NTh8MHwxfHJhbmRvbXx8fHx8fHx8fDE3NDQ4ODgwMDN8"},"likes":22,"liked_by_user":false,"current_user_collections":[],"sponsorship":null,"topic_submissions":[],"asset_type":"photo","user":{"id":"MMFIhkcHyuk","updated_at":"2025-02-12T07:19:52Z","username":"guerrillabuzz","name":"GuerrillaBuzz","first_name":"GuerrillaBuzz","last_name":null,"twitter_username":"guerrillabuzz","portfolio_url":"https:\/\/guerrillabuzz.com\/","bio":"Blockchain Marketing & PR Done Differently. As a non-traditional boutique PR agency, GuerrillaBuzz has been disrupting the blockchain marketing and PR landscape since 2017.\r\n https:\/\/guerrillabuzz.com\/","location":"Israel","links":{"self":"https:\/\/api.unsplash.com\/users\/guerrillabuzz","html":"https:\/\/unsplash.com\/@guerrillabuzz","photos":"https:\/\/api.unsplash.com\/users\/guerrillabuzz\/photos","likes":"https:\/\/api.unsplash.com\/users\/guerrillabuzz\/likes","portfolio":"https:\/\/api.unsplash.com\/users\/guerrillabuzz\/portfolio","following":"https:\/\/api.unsplash.com\/users\/guerrillabuzz\/following","followers":"https:\/\/api.unsplash.com\/users\/guerrillabuzz\/followers"},"profile_image":{"small":"https:\/\/images.unsplash.com\/profile-1660806072524-b812bee5b794image?ixlib=rb-4.0.3&crop=faces&fit=crop&w=32&h=32","medium":"https:\/\/images.unsplash.com\/profile-1660806072524-b812bee5b794image?ixlib=rb-4.0.3&crop=faces&fit=crop&w=64&h=64","large":"https:\/\/images.unsplash.com\/profile-1660806072524-b812bee5b794image?ixlib=rb-4.0.3&crop=faces&fit=crop&w=128&h=128"},"instagram_username":null,"total_collections":0,"total_likes":0,"total_photos":66,"total_promoted_photos":0,"total_illustrations":0,"total_promoted_illustrations":0,"accepted_tos":true,"for_hire":false,"social":{"instagram_username":null,"portfolio_url":"https:\/\/guerrillabuzz.com\/","twitter_username":"guerrillabuzz","paypal_email":null}},"exif":{"make":null,"model":null,"name":null,"exposure_time":null,"aperture":null,"focal_length":null,"iso":null},"location":{"name":null,"city":null,"country":null,"position":{"latitude":null,"longitude":null}},"meta":{"index":true},"public_domain":false,"tags":[{"type":"search","title":"texture"},{"type":"search","title":"art"},{"type":"search","title":"hacker"},{"type":"search","title":"pattern"},{"type":"search","title":"cyber security"},{"type":"search","title":"cybersecurity"},{"type":"search","title":"bitcoin"},{"type":"search","title":"crypto"},{"type":"search","title":"cryptocurrency"},{"type":"search","title":"digital image"},{"type":"search","title":"render"},{"type":"search","title":"hacking"},{"type":"search","title":"hackers"},{"type":"search","title":"nft"},{"type":"search","title":"web3"},{"type":"search","title":"theft"},{"type":"search","title":"vulnerability"},{"type":"search","title":"decentralized"},{"type":"search","title":"decentralization"},{"type":"search","title":"computer"}],"views":328902,"downloads":2067,"topics":[]}
DEBUG - 2025-04-17 11:06:43 --> No valid image found for category "Cybersecurity"
DEBUG - 2025-04-17 11:06:43 --> Fetched Image URL for category Cybersecurity: default-image.jpg
DEBUG - 2025-04-17 11:06:43 --> No valid image found for category Cybersecurity
DEBUG - 2025-04-17 11:06:43 --> Session: Class initialized using 'CodeIgniter\Session\Handlers\FileHandler' driver.
WARNING - 2025-04-17 11:06:43 --> [DEPRECATED] Passing lowercase HTTP method "get" is deprecated. Use uppercase HTTP method like "GET". in SYSTEMPATH\Router\RouteCollection.php on line 1026.
 1 SYSTEMPATH\Router\RouteCollection.php(1026): trigger_error('Passing lowercase HTTP method "get" is deprecated. Use uppercase HTTP method like "GET".', 16384)
 2 APPPATH\Config\Routes.php(88): CodeIgniter\Router\RouteCollection->match([...], 'user/edit', 'User\\UserController::editProfile')
 3 SYSTEMPATH\Router\RouteCollection.php(339): require('C:\\wamp64\\www\\ci-learn_affix\\app\\Config\\Routes.php')
 4 SYSTEMPATH\CodeIgniter.php(821): CodeIgniter\Router\RouteCollection->loadRoutes()
 5 SYSTEMPATH\CodeIgniter.php(455): CodeIgniter\CodeIgniter->tryToRouteIt(null)
 6 SYSTEMPATH\CodeIgniter.php(354): CodeIgniter\CodeIgniter->handleRequest(null, Object(Config\Cache), false)
 7 SYSTEMPATH\Boot.php(334): CodeIgniter\CodeIgniter->run()
 8 SYSTEMPATH\Boot.php(67): CodeIgniter\Boot::runCodeIgniter(Object(CodeIgniter\CodeIgniter))
 9 FCPATH\index.php(56): CodeIgniter\Boot::bootWeb(Object(Config\Paths))
WARNING - 2025-04-17 11:06:43 --> [DEPRECATED] Passing lowercase HTTP method "post" is deprecated. Use uppercase HTTP method like "POST". in SYSTEMPATH\Router\RouteCollection.php on line 1026.
 1 SYSTEMPATH\Router\RouteCollection.php(1026): trigger_error('Passing lowercase HTTP method "post" is deprecated. Use uppercase HTTP method like "POST".', 16384)
 2 APPPATH\Config\Routes.php(88): CodeIgniter\Router\RouteCollection->match([...], 'user/edit', 'User\\UserController::editProfile')
 3 SYSTEMPATH\Router\RouteCollection.php(339): require('C:\\wamp64\\www\\ci-learn_affix\\app\\Config\\Routes.php')
 4 SYSTEMPATH\CodeIgniter.php(821): CodeIgniter\Router\RouteCollection->loadRoutes()
 5 SYSTEMPATH\CodeIgniter.php(455): CodeIgniter\CodeIgniter->tryToRouteIt(null)
 6 SYSTEMPATH\CodeIgniter.php(354): CodeIgniter\CodeIgniter->handleRequest(null, Object(Config\Cache), false)
 7 SYSTEMPATH\Boot.php(334): CodeIgniter\CodeIgniter->run()
 8 SYSTEMPATH\Boot.php(67): CodeIgniter\Boot::runCodeIgniter(Object(CodeIgniter\CodeIgniter))
 9 FCPATH\index.php(56): CodeIgniter\Boot::bootWeb(Object(Config\Paths))
DEBUG - 2025-04-17 11:06:43 --> Session: Class initialized using 'CodeIgniter\Session\Handlers\FileHandler' driver.
DEBUG - 2025-04-17 11:06:44 --> Session: Class initialized using 'CodeIgniter\Session\Handlers\FileHandler' driver.
WARNING - 2025-04-17 11:06:44 --> [DEPRECATED] Passing lowercase HTTP method "get" is deprecated. Use uppercase HTTP method like "GET". in SYSTEMPATH\Router\RouteCollection.php on line 1026.
 1 SYSTEMPATH\Router\RouteCollection.php(1026): trigger_error('Passing lowercase HTTP method "get" is deprecated. Use uppercase HTTP method like "GET".', 16384)
 2 APPPATH\Config\Routes.php(88): CodeIgniter\Router\RouteCollection->match([...], 'user/edit', 'User\\UserController::editProfile')
 3 SYSTEMPATH\Router\RouteCollection.php(339): require('C:\\wamp64\\www\\ci-learn_affix\\app\\Config\\Routes.php')
 4 SYSTEMPATH\CodeIgniter.php(821): CodeIgniter\Router\RouteCollection->loadRoutes()
 5 SYSTEMPATH\CodeIgniter.php(455): CodeIgniter\CodeIgniter->tryToRouteIt(null)
 6 SYSTEMPATH\CodeIgniter.php(354): CodeIgniter\CodeIgniter->handleRequest(null, Object(Config\Cache), false)
 7 SYSTEMPATH\Boot.php(334): CodeIgniter\CodeIgniter->run()
 8 SYSTEMPATH\Boot.php(67): CodeIgniter\Boot::runCodeIgniter(Object(CodeIgniter\CodeIgniter))
 9 FCPATH\index.php(56): CodeIgniter\Boot::bootWeb(Object(Config\Paths))
WARNING - 2025-04-17 11:06:44 --> [DEPRECATED] Passing lowercase HTTP method "post" is deprecated. Use uppercase HTTP method like "POST". in SYSTEMPATH\Router\RouteCollection.php on line 1026.
 1 SYSTEMPATH\Router\RouteCollection.php(1026): trigger_error('Passing lowercase HTTP method "post" is deprecated. Use uppercase HTTP method like "POST".', 16384)
 2 APPPATH\Config\Routes.php(88): CodeIgniter\Router\RouteCollection->match([...], 'user/edit', 'User\\UserController::editProfile')
 3 SYSTEMPATH\Router\RouteCollection.php(339): require('C:\\wamp64\\www\\ci-learn_affix\\app\\Config\\Routes.php')
 4 SYSTEMPATH\CodeIgniter.php(821): CodeIgniter\Router\RouteCollection->loadRoutes()
 5 SYSTEMPATH\CodeIgniter.php(455): CodeIgniter\CodeIgniter->tryToRouteIt(null)
 6 SYSTEMPATH\CodeIgniter.php(354): CodeIgniter\CodeIgniter->handleRequest(null, Object(Config\Cache), false)
 7 SYSTEMPATH\Boot.php(334): CodeIgniter\CodeIgniter->run()
 8 SYSTEMPATH\Boot.php(67): CodeIgniter\Boot::runCodeIgniter(Object(CodeIgniter\CodeIgniter))
 9 FCPATH\index.php(56): CodeIgniter\Boot::bootWeb(Object(Config\Paths))
DEBUG - 2025-04-17 11:06:44 --> Session: Class initialized using 'CodeIgniter\Session\Handlers\FileHandler' driver.
WARNING - 2025-04-17 11:06:44 --> [DEPRECATED] Passing lowercase HTTP method "get" is deprecated. Use uppercase HTTP method like "GET". in SYSTEMPATH\Router\RouteCollection.php on line 1026.
 1 SYSTEMPATH\Router\RouteCollection.php(1026): trigger_error('Passing lowercase HTTP method "get" is deprecated. Use uppercase HTTP method like "GET".', 16384)
 2 APPPATH\Config\Routes.php(88): CodeIgniter\Router\RouteCollection->match([...], 'user/edit', 'User\\UserController::editProfile')
 3 SYSTEMPATH\Router\RouteCollection.php(339): require('C:\\wamp64\\www\\ci-learn_affix\\app\\Config\\Routes.php')
 4 SYSTEMPATH\CodeIgniter.php(821): CodeIgniter\Router\RouteCollection->loadRoutes()
 5 SYSTEMPATH\CodeIgniter.php(455): CodeIgniter\CodeIgniter->tryToRouteIt(null)
 6 SYSTEMPATH\CodeIgniter.php(354): CodeIgniter\CodeIgniter->handleRequest(null, Object(Config\Cache), false)
 7 SYSTEMPATH\Boot.php(334): CodeIgniter\CodeIgniter->run()
 8 SYSTEMPATH\Boot.php(67): CodeIgniter\Boot::runCodeIgniter(Object(CodeIgniter\CodeIgniter))
 9 FCPATH\index.php(56): CodeIgniter\Boot::bootWeb(Object(Config\Paths))
WARNING - 2025-04-17 11:06:44 --> [DEPRECATED] Passing lowercase HTTP method "post" is deprecated. Use uppercase HTTP method like "POST". in SYSTEMPATH\Router\RouteCollection.php on line 1026.
 1 SYSTEMPATH\Router\RouteCollection.php(1026): trigger_error('Passing lowercase HTTP method "post" is deprecated. Use uppercase HTTP method like "POST".', 16384)
 2 APPPATH\Config\Routes.php(88): CodeIgniter\Router\RouteCollection->match([...], 'user/edit', 'User\\UserController::editProfile')
 3 SYSTEMPATH\Router\RouteCollection.php(339): require('C:\\wamp64\\www\\ci-learn_affix\\app\\Config\\Routes.php')
 4 SYSTEMPATH\CodeIgniter.php(821): CodeIgniter\Router\RouteCollection->loadRoutes()
 5 SYSTEMPATH\CodeIgniter.php(455): CodeIgniter\CodeIgniter->tryToRouteIt(null)
 6 SYSTEMPATH\CodeIgniter.php(354): CodeIgniter\CodeIgniter->handleRequest(null, Object(Config\Cache), false)
 7 SYSTEMPATH\Boot.php(334): CodeIgniter\CodeIgniter->run()
 8 SYSTEMPATH\Boot.php(67): CodeIgniter\Boot::runCodeIgniter(Object(CodeIgniter\CodeIgniter))
 9 FCPATH\index.php(56): CodeIgniter\Boot::bootWeb(Object(Config\Paths))
DEBUG - 2025-04-17 11:06:44 --> Session: Class initialized using 'CodeIgniter\Session\Handlers\FileHandler' driver.
WARNING - 2025-04-17 11:06:44 --> [DEPRECATED] Passing lowercase HTTP method "get" is deprecated. Use uppercase HTTP method like "GET". in SYSTEMPATH\Router\RouteCollection.php on line 1026.
 1 SYSTEMPATH\Router\RouteCollection.php(1026): trigger_error('Passing lowercase HTTP method "get" is deprecated. Use uppercase HTTP method like "GET".', 16384)
 2 APPPATH\Config\Routes.php(88): CodeIgniter\Router\RouteCollection->match([...], 'user/edit', 'User\\UserController::editProfile')
 3 SYSTEMPATH\Router\RouteCollection.php(339): require('C:\\wamp64\\www\\ci-learn_affix\\app\\Config\\Routes.php')
 4 SYSTEMPATH\CodeIgniter.php(821): CodeIgniter\Router\RouteCollection->loadRoutes()
 5 SYSTEMPATH\CodeIgniter.php(455): CodeIgniter\CodeIgniter->tryToRouteIt(null)
 6 SYSTEMPATH\CodeIgniter.php(354): CodeIgniter\CodeIgniter->handleRequest(null, Object(Config\Cache), false)
 7 SYSTEMPATH\Boot.php(334): CodeIgniter\CodeIgniter->run()
 8 SYSTEMPATH\Boot.php(67): CodeIgniter\Boot::runCodeIgniter(Object(CodeIgniter\CodeIgniter))
 9 FCPATH\index.php(56): CodeIgniter\Boot::bootWeb(Object(Config\Paths))
WARNING - 2025-04-17 11:06:44 --> [DEPRECATED] Passing lowercase HTTP method "post" is deprecated. Use uppercase HTTP method like "POST". in SYSTEMPATH\Router\RouteCollection.php on line 1026.
 1 SYSTEMPATH\Router\RouteCollection.php(1026): trigger_error('Passing lowercase HTTP method "post" is deprecated. Use uppercase HTTP method like "POST".', 16384)
 2 APPPATH\Config\Routes.php(88): CodeIgniter\Router\RouteCollection->match([...], 'user/edit', 'User\\UserController::editProfile')
 3 SYSTEMPATH\Router\RouteCollection.php(339): require('C:\\wamp64\\www\\ci-learn_affix\\app\\Config\\Routes.php')
 4 SYSTEMPATH\CodeIgniter.php(821): CodeIgniter\Router\RouteCollection->loadRoutes()
 5 SYSTEMPATH\CodeIgniter.php(455): CodeIgniter\CodeIgniter->tryToRouteIt(null)
 6 SYSTEMPATH\CodeIgniter.php(354): CodeIgniter\CodeIgniter->handleRequest(null, Object(Config\Cache), false)
 7 SYSTEMPATH\Boot.php(334): CodeIgniter\CodeIgniter->run()
 8 SYSTEMPATH\Boot.php(67): CodeIgniter\Boot::runCodeIgniter(Object(CodeIgniter\CodeIgniter))
 9 FCPATH\index.php(56): CodeIgniter\Boot::bootWeb(Object(Config\Paths))
DEBUG - 2025-04-17 11:06:44 --> Session: Class initialized using 'CodeIgniter\Session\Handlers\FileHandler' driver.
WARNING - 2025-04-17 11:06:44 --> [DEPRECATED] Passing lowercase HTTP method "get" is deprecated. Use uppercase HTTP method like "GET". in SYSTEMPATH\Router\RouteCollection.php on line 1026.
 1 SYSTEMPATH\Router\RouteCollection.php(1026): trigger_error('Passing lowercase HTTP method "get" is deprecated. Use uppercase HTTP method like "GET".', 16384)
 2 APPPATH\Config\Routes.php(88): CodeIgniter\Router\RouteCollection->match([...], 'user/edit', 'User\\UserController::editProfile')
 3 SYSTEMPATH\Router\RouteCollection.php(339): require('C:\\wamp64\\www\\ci-learn_affix\\app\\Config\\Routes.php')
 4 SYSTEMPATH\CodeIgniter.php(821): CodeIgniter\Router\RouteCollection->loadRoutes()
 5 SYSTEMPATH\CodeIgniter.php(455): CodeIgniter\CodeIgniter->tryToRouteIt(null)
 6 SYSTEMPATH\CodeIgniter.php(354): CodeIgniter\CodeIgniter->handleRequest(null, Object(Config\Cache), false)
 7 SYSTEMPATH\Boot.php(334): CodeIgniter\CodeIgniter->run()
 8 SYSTEMPATH\Boot.php(67): CodeIgniter\Boot::runCodeIgniter(Object(CodeIgniter\CodeIgniter))
 9 FCPATH\index.php(56): CodeIgniter\Boot::bootWeb(Object(Config\Paths))
WARNING - 2025-04-17 11:06:44 --> [DEPRECATED] Passing lowercase HTTP method "post" is deprecated. Use uppercase HTTP method like "POST". in SYSTEMPATH\Router\RouteCollection.php on line 1026.
 1 SYSTEMPATH\Router\RouteCollection.php(1026): trigger_error('Passing lowercase HTTP method "post" is deprecated. Use uppercase HTTP method like "POST".', 16384)
 2 APPPATH\Config\Routes.php(88): CodeIgniter\Router\RouteCollection->match([...], 'user/edit', 'User\\UserController::editProfile')
 3 SYSTEMPATH\Router\RouteCollection.php(339): require('C:\\wamp64\\www\\ci-learn_affix\\app\\Config\\Routes.php')
 4 SYSTEMPATH\CodeIgniter.php(821): CodeIgniter\Router\RouteCollection->loadRoutes()
 5 SYSTEMPATH\CodeIgniter.php(455): CodeIgniter\CodeIgniter->tryToRouteIt(null)
 6 SYSTEMPATH\CodeIgniter.php(354): CodeIgniter\CodeIgniter->handleRequest(null, Object(Config\Cache), false)
 7 SYSTEMPATH\Boot.php(334): CodeIgniter\CodeIgniter->run()
 8 SYSTEMPATH\Boot.php(67): CodeIgniter\Boot::runCodeIgniter(Object(CodeIgniter\CodeIgniter))
 9 FCPATH\index.php(56): CodeIgniter\Boot::bootWeb(Object(Config\Paths))
DEBUG - 2025-04-17 11:06:44 --> Session: Class initialized using 'CodeIgniter\Session\Handlers\FileHandler' driver.
DEBUG - 2025-04-17 11:06:44 --> Session: Class initialized using 'CodeIgniter\Session\Handlers\FileHandler' driver.
WARNING - 2025-04-17 11:06:44 --> [DEPRECATED] Passing lowercase HTTP method "get" is deprecated. Use uppercase HTTP method like "GET". in SYSTEMPATH\Router\RouteCollection.php on line 1026.
 1 SYSTEMPATH\Router\RouteCollection.php(1026): trigger_error('Passing lowercase HTTP method "get" is deprecated. Use uppercase HTTP method like "GET".', 16384)
 2 APPPATH\Config\Routes.php(88): CodeIgniter\Router\RouteCollection->match([...], 'user/edit', 'User\\UserController::editProfile')
 3 SYSTEMPATH\Router\RouteCollection.php(339): require('C:\\wamp64\\www\\ci-learn_affix\\app\\Config\\Routes.php')
 4 SYSTEMPATH\CodeIgniter.php(821): CodeIgniter\Router\RouteCollection->loadRoutes()
 5 SYSTEMPATH\CodeIgniter.php(455): CodeIgniter\CodeIgniter->tryToRouteIt(null)
 6 SYSTEMPATH\CodeIgniter.php(354): CodeIgniter\CodeIgniter->handleRequest(null, Object(Config\Cache), false)
 7 SYSTEMPATH\Boot.php(334): CodeIgniter\CodeIgniter->run()
 8 SYSTEMPATH\Boot.php(67): CodeIgniter\Boot::runCodeIgniter(Object(CodeIgniter\CodeIgniter))
 9 FCPATH\index.php(56): CodeIgniter\Boot::bootWeb(Object(Config\Paths))
WARNING - 2025-04-17 11:06:44 --> [DEPRECATED] Passing lowercase HTTP method "post" is deprecated. Use uppercase HTTP method like "POST". in SYSTEMPATH\Router\RouteCollection.php on line 1026.
 1 SYSTEMPATH\Router\RouteCollection.php(1026): trigger_error('Passing lowercase HTTP method "post" is deprecated. Use uppercase HTTP method like "POST".', 16384)
 2 APPPATH\Config\Routes.php(88): CodeIgniter\Router\RouteCollection->match([...], 'user/edit', 'User\\UserController::editProfile')
 3 SYSTEMPATH\Router\RouteCollection.php(339): require('C:\\wamp64\\www\\ci-learn_affix\\app\\Config\\Routes.php')
 4 SYSTEMPATH\CodeIgniter.php(821): CodeIgniter\Router\RouteCollection->loadRoutes()
 5 SYSTEMPATH\CodeIgniter.php(455): CodeIgniter\CodeIgniter->tryToRouteIt(null)
 6 SYSTEMPATH\CodeIgniter.php(354): CodeIgniter\CodeIgniter->handleRequest(null, Object(Config\Cache), false)
 7 SYSTEMPATH\Boot.php(334): CodeIgniter\CodeIgniter->run()
 8 SYSTEMPATH\Boot.php(67): CodeIgniter\Boot::runCodeIgniter(Object(CodeIgniter\CodeIgniter))
 9 FCPATH\index.php(56): CodeIgniter\Boot::bootWeb(Object(Config\Paths))
DEBUG - 2025-04-17 11:06:48 --> Session: Class initialized using 'CodeIgniter\Session\Handlers\FileHandler' driver.
WARNING - 2025-04-17 11:06:48 --> [DEPRECATED] Passing lowercase HTTP method "get" is deprecated. Use uppercase HTTP method like "GET". in SYSTEMPATH\Router\RouteCollection.php on line 1026.
 1 SYSTEMPATH\Router\RouteCollection.php(1026): trigger_error('Passing lowercase HTTP method "get" is deprecated. Use uppercase HTTP method like "GET".', 16384)
 2 APPPATH\Config\Routes.php(88): CodeIgniter\Router\RouteCollection->match([...], 'user/edit', 'User\\UserController::editProfile')
 3 SYSTEMPATH\Router\RouteCollection.php(339): require('C:\\wamp64\\www\\ci-learn_affix\\app\\Config\\Routes.php')
 4 SYSTEMPATH\CodeIgniter.php(821): CodeIgniter\Router\RouteCollection->loadRoutes()
 5 SYSTEMPATH\CodeIgniter.php(455): CodeIgniter\CodeIgniter->tryToRouteIt(null)
 6 SYSTEMPATH\CodeIgniter.php(354): CodeIgniter\CodeIgniter->handleRequest(null, Object(Config\Cache), false)
 7 SYSTEMPATH\Boot.php(334): CodeIgniter\CodeIgniter->run()
 8 SYSTEMPATH\Boot.php(67): CodeIgniter\Boot::runCodeIgniter(Object(CodeIgniter\CodeIgniter))
 9 FCPATH\index.php(56): CodeIgniter\Boot::bootWeb(Object(Config\Paths))
WARNING - 2025-04-17 11:06:48 --> [DEPRECATED] Passing lowercase HTTP method "post" is deprecated. Use uppercase HTTP method like "POST". in SYSTEMPATH\Router\RouteCollection.php on line 1026.
 1 SYSTEMPATH\Router\RouteCollection.php(1026): trigger_error('Passing lowercase HTTP method "post" is deprecated. Use uppercase HTTP method like "POST".', 16384)
 2 APPPATH\Config\Routes.php(88): CodeIgniter\Router\RouteCollection->match([...], 'user/edit', 'User\\UserController::editProfile')
 3 SYSTEMPATH\Router\RouteCollection.php(339): require('C:\\wamp64\\www\\ci-learn_affix\\app\\Config\\Routes.php')
 4 SYSTEMPATH\CodeIgniter.php(821): CodeIgniter\Router\RouteCollection->loadRoutes()
 5 SYSTEMPATH\CodeIgniter.php(455): CodeIgniter\CodeIgniter->tryToRouteIt(null)
 6 SYSTEMPATH\CodeIgniter.php(354): CodeIgniter\CodeIgniter->handleRequest(null, Object(Config\Cache), false)
 7 SYSTEMPATH\Boot.php(334): CodeIgniter\CodeIgniter->run()
 8 SYSTEMPATH\Boot.php(67): CodeIgniter\Boot::runCodeIgniter(Object(CodeIgniter\CodeIgniter))
 9 FCPATH\index.php(56): CodeIgniter\Boot::bootWeb(Object(Config\Paths))
DEBUG - 2025-04-17 11:06:50 --> Unsplash API Response for category "Programming": {"id":"0JvWk8ox_rQ","slug":"black-laptop-computer-turned-on-showing-microsoft-word-0JvWk8ox_rQ","alternative_slugs":{"en":"black-laptop-computer-turned-on-showing-microsoft-word-0JvWk8ox_rQ","es":"computadora-portatil-negra-encendida-que-muestra-microsoft-word-0JvWk8ox_rQ","ja":"\u9ed2\u306e\u30e9\u30c3\u30d7\u30c8\u30c3\u30d7-\u30b3\u30f3\u30d4\u30e5\u30fc\u30bf\u306e\u96fb\u6e90\u304c\u5165\u308amicrosoft-word-\u304c\u8868\u793a\u3055\u308c\u308b-0JvWk8ox_rQ","fr":"ordinateur-portable-noir-allume-affichant-microsoft-word-0JvWk8ox_rQ","it":"computer-portatile-nero-acceso-che-mostra-microsoft-word-0JvWk8ox_rQ","ko":"\uac80\uc740-\ub178\ud2b8\ubd81-\ucef4\ud4e8\ud130\uac00-\ucf1c\uc838-\ub9c8\uc774\ud06c\ub85c-\uc18c\ud504\ud2b8-\uc6cc\ub4dc\ub97c-\ubcf4\uc5ec\uc90d\ub2c8\ub2e4-0JvWk8ox_rQ","de":"schwarzer-laptop-mit-microsoft-word-eingeschaltet-0JvWk8ox_rQ","pt":"computador-portatil-preto-ativado-mostrando-o-microsoft-word-0JvWk8ox_rQ"},"created_at":"2021-06-12T17:52:31Z","updated_at":"2025-04-17T09:33:14Z","promoted_at":"2021-06-16T13:06:01Z","width":6336,"height":9504,"color":"#262626","blur_hash":"L02FfRJ0Imne?]tnV?w~OXX3s?$_","description":"\u201cMake it work, make it right, make it fast.\u201d \u2013 Kent Beck\n\nhttps:\/\/afgprogrammer.com","alt_description":"black laptop computer turned on showing microsoft word","breadcrumbs":[],"urls":{"raw":"https:\/\/images.unsplash.com\/photo-1623520333087-62b8793e3d23?ixid=M3w3Mzg4NTh8MHwxfHJhbmRvbXx8fHx8fHx8fDE3NDQ4ODgwMTB8&ixlib=rb-4.0.3","full":"https:\/\/images.unsplash.com\/photo-1623520333087-62b8793e3d23?crop=entropy&cs=srgb&fm=jpg&ixid=M3w3Mzg4NTh8MHwxfHJhbmRvbXx8fHx8fHx8fDE3NDQ4ODgwMTB8&ixlib=rb-4.0.3&q=85","regular":"https:\/\/images.unsplash.com\/photo-1623520333087-62b8793e3d23?crop=entropy&cs=tinysrgb&fit=max&fm=jpg&ixid=M3w3Mzg4NTh8MHwxfHJhbmRvbXx8fHx8fHx8fDE3NDQ4ODgwMTB8&ixlib=rb-4.0.3&q=80&w=1080","small":"https:\/\/images.unsplash.com\/photo-1623520333087-62b8793e3d23?crop=entropy&cs=tinysrgb&fit=max&fm=jpg&ixid=M3w3Mzg4NTh8MHwxfHJhbmRvbXx8fHx8fHx8fDE3NDQ4ODgwMTB8&ixlib=rb-4.0.3&q=80&w=400","thumb":"https:\/\/images.unsplash.com\/photo-1623520333087-62b8793e3d23?crop=entropy&cs=tinysrgb&fit=max&fm=jpg&ixid=M3w3Mzg4NTh8MHwxfHJhbmRvbXx8fHx8fHx8fDE3NDQ4ODgwMTB8&ixlib=rb-4.0.3&q=80&w=200","small_s3":"https:\/\/s3.us-west-2.amazonaws.com\/images.unsplash.com\/small\/photo-1623520333087-62b8793e3d23"},"links":{"self":"https:\/\/api.unsplash.com\/photos\/black-laptop-computer-turned-on-showing-microsoft-word-0JvWk8ox_rQ","html":"https:\/\/unsplash.com\/photos\/black-laptop-computer-turned-on-showing-microsoft-word-0JvWk8ox_rQ","download":"https:\/\/unsplash.com\/photos\/0JvWk8ox_rQ\/download?ixid=M3w3Mzg4NTh8MHwxfHJhbmRvbXx8fHx8fHx8fDE3NDQ4ODgwMTB8","download_location":"https:\/\/api.unsplash.com\/photos\/0JvWk8ox_rQ\/download?ixid=M3w3Mzg4NTh8MHwxfHJhbmRvbXx8fHx8fHx8fDE3NDQ4ODgwMTB8"},"likes":104,"liked_by_user":false,"current_user_collections":[],"sponsorship":null,"topic_submissions":{"business-work":{"status":"rejected"}},"asset_type":"photo","user":{"id":"Ys7752KAoTc","updated_at":"2025-04-16T15:52:37Z","username":"afgprogrammer","name":"Mohammad Rahmani","first_name":"Mohammad","last_name":"Rahmani","twitter_username":"afgprogrammer","portfolio_url":"https:\/\/afgprogrammer.com","bio":"Full-Stack Software Developer.","location":"Kabul, Afghanistan","links":{"self":"https:\/\/api.unsplash.com\/users\/afgprogrammer","html":"https:\/\/unsplash.com\/@afgprogrammer","photos":"https:\/\/api.unsplash.com\/users\/afgprogrammer\/photos","likes":"https:\/\/api.unsplash.com\/users\/afgprogrammer\/likes","portfolio":"https:\/\/api.unsplash.com\/users\/afgprogrammer\/portfolio"},"profile_image":{"small":"https:\/\/images.unsplash.com\/profile-1650295951572-06009e823cd7image?ixlib=rb-4.0.3&crop=faces&fit=crop&w=32&h=32","medium":"https:\/\/images.unsplash.com\/profile-1650295951572-06009e823cd7image?ixlib=rb-4.0.3&crop=faces&fit=crop&w=64&h=64","large":"https:\/\/images.unsplash.com\/profile-1650295951572-06009e823cd7image?ixlib=rb-4.0.3&crop=faces&fit=crop&w=128&h=128"},"instagram_username":"afgprogrammer","total_collections":1,"total_likes":80,"total_photos":52,"total_promoted_photos":11,"total_illustrations":0,"total_promoted_illustrations":0,"accepted_tos":true,"for_hire":false,"social":{"instagram_username":"afgprogrammer","portfolio_url":"https:\/\/afgprogrammer.com","twitter_username":"afgprogrammer","paypal_email":null}},"exif":{"make":"SONY","model":"ILCE-7RM4","name":"SONY, ILCE-7RM4","exposure_time":"1\/60","aperture":"1.8","focal_length":"85.0","iso":640},"location":{"name":"Kabul, Kabul, Afghanistan","city":"Kabul","country":"Afghanistan","position":{"latitude":34.52813,"longitude":69.17233}},"meta":{"index":true},"public_domain":false,"tags":[{"type":"search","title":"coding"},{"type":"search","title":"programming"},{"type":"search","title":"code"},{"type":"search","title":"working"},{"type":"search","title":"developer"},{"type":"search","title":"software"},{"type":"search","title":"keyboard"},{"type":"search","title":"programmer"},{"type":"search","title":"screen"},{"type":"search","title":"macbook pro"},{"type":"search","title":"visual studio code"},{"type":"search","title":"vscode"},{"type":"search","title":"developer life"},{"type":"search","title":"computer"},{"type":"search","title":"laptop"},{"type":"search","title":"electronics"},{"type":"search","title":"computer keyboard"},{"type":"search","title":"hardware"},{"type":"search","title":"afghanistan"},{"type":"search","title":"computer hardware"}],"views":1205672,"downloads":9318,"topics":[]}
DEBUG - 2025-04-17 11:06:50 --> No valid image found for category "Programming"
DEBUG - 2025-04-17 11:06:50 --> Fetched Image URL for category Programming: default-image.jpg
DEBUG - 2025-04-17 11:06:50 --> No valid image found for category Programming
DEBUG - 2025-04-17 11:06:57 --> Unsplash API Response for category "AI & Video": {"id":"5NHG7XLmWoE","slug":"person-holding-black-smartphone-recording-a-video-5NHG7XLmWoE","alternative_slugs":{"en":"person-holding-black-smartphone-recording-a-video-5NHG7XLmWoE","es":"persona-sosteniendo-un-telefono-inteligente-negro-grabando-un-video-5NHG7XLmWoE","ja":"\u9ed2\u3044\u30b9\u30de\u30fc\u30c8\u30d5\u30a9\u30f3\u3092\u6301\u3063\u3066\u30d3\u30c7\u30aa\u3092\u9332\u753b\u3057\u3066\u3044\u308b\u4eba-5NHG7XLmWoE","fr":"personne-tenant-un-smartphone-noir-enregistrant-une-video-5NHG7XLmWoE","it":"persona-che-tiene-uno-smartphone-nero-che-registra-un-video-5NHG7XLmWoE","ko":"\uac80\uc740\uc0c9-\uc2a4\ub9c8\ud2b8\ud3f0\uc744-\ub4e4\uace0-\ub3d9\uc601\uc0c1\uc744-\ub179\ud654\ud558\ub294-\uc0ac\ub78c-5NHG7XLmWoE","de":"person-mit-schwarzem-smartphone-die-ein-video-aufnimmt-5NHG7XLmWoE","pt":"pessoa-segurando-smartphone-preto-gravando-um-video-5NHG7XLmWoE"},"created_at":"2017-09-18T00:37:34Z","updated_at":"2025-04-17T08:39:15Z","promoted_at":null,"width":5151,"height":3434,"color":"#f3f3f3","blur_hash":"LsFr#HIU4n%L~qM|D%t7t7ofRkWB","description":null,"alt_description":"person holding black smartphone recording a video","breadcrumbs":[],"urls":{"raw":"https:\/\/images.unsplash.com\/photo-1505695044222-61d7ff153f23?ixid=M3w3Mzg4NTh8MHwxfHJhbmRvbXx8fHx8fHx8fDE3NDQ4ODgwMTV8&ixlib=rb-4.0.3","full":"https:\/\/images.unsplash.com\/photo-1505695044222-61d7ff153f23?crop=entropy&cs=srgb&fm=jpg&ixid=M3w3Mzg4NTh8MHwxfHJhbmRvbXx8fHx8fHx8fDE3NDQ4ODgwMTV8&ixlib=rb-4.0.3&q=85","regular":"https:\/\/images.unsplash.com\/photo-1505695044222-61d7ff153f23?crop=entropy&cs=tinysrgb&fit=max&fm=jpg&ixid=M3w3Mzg4NTh8MHwxfHJhbmRvbXx8fHx8fHx8fDE3NDQ4ODgwMTV8&ixlib=rb-4.0.3&q=80&w=1080","small":"https:\/\/images.unsplash.com\/photo-1505695044222-61d7ff153f23?crop=entropy&cs=tinysrgb&fit=max&fm=jpg&ixid=M3w3Mzg4NTh8MHwxfHJhbmRvbXx8fHx8fHx8fDE3NDQ4ODgwMTV8&ixlib=rb-4.0.3&q=80&w=400","thumb":"https:\/\/images.unsplash.com\/photo-1505695044222-61d7ff153f23?crop=entropy&cs=tinysrgb&fit=max&fm=jpg&ixid=M3w3Mzg4NTh8MHwxfHJhbmRvbXx8fHx8fHx8fDE3NDQ4ODgwMTV8&ixlib=rb-4.0.3&q=80&w=200","small_s3":"https:\/\/s3.us-west-2.amazonaws.com\/images.unsplash.com\/small\/photo-1505695044222-61d7ff153f23"},"links":{"self":"https:\/\/api.unsplash.com\/photos\/person-holding-black-smartphone-recording-a-video-5NHG7XLmWoE","html":"https:\/\/unsplash.com\/photos\/person-holding-black-smartphone-recording-a-video-5NHG7XLmWoE","download":"https:\/\/unsplash.com\/photos\/5NHG7XLmWoE\/download?ixid=M3w3Mzg4NTh8MHwxfHJhbmRvbXx8fHx8fHx8fDE3NDQ4ODgwMTV8","download_location":"https:\/\/api.unsplash.com\/photos\/5NHG7XLmWoE\/download?ixid=M3w3Mzg4NTh8MHwxfHJhbmRvbXx8fHx8fHx8fDE3NDQ4ODgwMTV8"},"likes":13,"liked_by_user":false,"current_user_collections":[],"sponsorship":null,"topic_submissions":[],"asset_type":"photo","user":{"id":"vsZait6dtqc","updated_at":"2025-02-27T14:13:54Z","username":"chuttersnap","name":"CHUTTERSNAP","first_name":"CHUTTERSNAP","last_name":null,"twitter_username":null,"portfolio_url":"http:\/\/chuttersnap.com","bio":"Unsplash Ambassador","location":"Singapore","links":{"self":"https:\/\/api.unsplash.com\/users\/chuttersnap","html":"https:\/\/unsplash.com\/@chuttersnap","photos":"https:\/\/api.unsplash.com\/users\/chuttersnap\/photos","likes":"https:\/\/api.unsplash.com\/users\/chuttersnap\/likes","portfolio":"https:\/\/api.unsplash.com\/users\/chuttersnap\/portfolio","following":"https:\/\/api.unsplash.com\/users\/chuttersnap\/following","followers":"https:\/\/api.unsplash.com\/users\/chuttersnap\/followers"},"profile_image":{"small":"https:\/\/images.unsplash.com\/profile-1519037305094-44617d4cf506?ixlib=rb-4.0.3&crop=faces&fit=crop&w=32&h=32","medium":"https:\/\/images.unsplash.com\/profile-1519037305094-44617d4cf506?ixlib=rb-4.0.3&crop=faces&fit=crop&w=64&h=64","large":"https:\/\/images.unsplash.com\/profile-1519037305094-44617d4cf506?ixlib=rb-4.0.3&crop=faces&fit=crop&w=128&h=128"},"instagram_username":"chuttersnap","total_collections":0,"total_likes":1345,"total_photos":5152,"total_promoted_photos":1179,"total_illustrations":0,"total_promoted_illustrations":0,"accepted_tos":true,"for_hire":true,"social":{"instagram_username":"chuttersnap","portfolio_url":"http:\/\/chuttersnap.com","twitter_username":null,"paypal_email":null}},"exif":{"make":"NIKON CORPORATION","model":"NIKON D7500","name":"NIKON CORPORATION, NIKON D7500","exposure_time":"1\/125","aperture":"2.8","focal_length":"180.0","iso":2000},"location":{"name":null,"city":null,"country":null,"position":{"latitude":null,"longitude":null}},"meta":{"index":true},"public_domain":false,"tags":[{"type":"search","title":"photo"},{"type":"search","title":"dark"},{"type":"search","title":"night"},{"type":"search","title":"light"},{"type":"search","title":"phone"},{"type":"search","title":"video"},{"type":"search","title":"silhouette"},{"type":"search","title":"filming"},{"type":"search","title":"grey"}],"views":1330569,"downloads":2081,"topics":[]}
DEBUG - 2025-04-17 11:06:57 --> No valid image found for category "AI & Video"
DEBUG - 2025-04-17 11:06:57 --> Fetched Image URL for category AI & Video: default-image.jpg
DEBUG - 2025-04-17 11:06:57 --> No valid image found for category AI & Video
DEBUG - 2025-04-17 11:06:59 --> Unsplash API Response for category "Cybersecurity": {"id":"AqSXHKhi-jQ","slug":"a-pile-of-books-sitting-on-top-of-a-table-AqSXHKhi-jQ","alternative_slugs":{"en":"a-pile-of-books-sitting-on-top-of-a-table-AqSXHKhi-jQ","es":"una-pila-de-libros-encima-de-una-mesa-AqSXHKhi-jQ","ja":"\u30c6\u30fc\u30d6\u30eb\u306e\u4e0a\u306b\u306f\u672c\u306e\u5c71\u304c\u7f6e\u304b\u308c\u3066\u3044\u307e\u3059-AqSXHKhi-jQ","fr":"une-pile-de-livres-posee-sur-une-table-AqSXHKhi-jQ","it":"una-pila-di-libri-seduti-sopra-un-tavolo-AqSXHKhi-jQ","ko":"\ud0c1\uc790-\uc704\uc5d0-\ub193\uc778-\ucc45-\ub354\ubbf8-AqSXHKhi-jQ","de":"ein-stapel-bucher-liegt-auf-einem-tisch-AqSXHKhi-jQ","pt":"uma-pilha-de-livros-sentados-em-cima-de-uma-mesa-AqSXHKhi-jQ"},"created_at":"2024-11-22T20:55:25Z","updated_at":"2025-04-17T08:20:47Z","promoted_at":null,"width":6000,"height":4000,"color":"#402626","blur_hash":"L3AR-U}D9a#lT^=y2uAVACKi=JNI","description":null,"alt_description":"A pile of books sitting on top of a table","breadcrumbs":[],"urls":{"raw":"https:\/\/images.unsplash.com\/photo-1732304720849-be9450ac78b7?ixid=M3w3Mzg4NTh8MHwxfHJhbmRvbXx8fHx8fHx8fDE3NDQ4ODgwMTl8&ixlib=rb-4.0.3","full":"https:\/\/images.unsplash.com\/photo-1732304720849-be9450ac78b7?crop=entropy&cs=srgb&fm=jpg&ixid=M3w3Mzg4NTh8MHwxfHJhbmRvbXx8fHx8fHx8fDE3NDQ4ODgwMTl8&ixlib=rb-4.0.3&q=85","regular":"https:\/\/images.unsplash.com\/photo-1732304720849-be9450ac78b7?crop=entropy&cs=tinysrgb&fit=max&fm=jpg&ixid=M3w3Mzg4NTh8MHwxfHJhbmRvbXx8fHx8fHx8fDE3NDQ4ODgwMTl8&ixlib=rb-4.0.3&q=80&w=1080","small":"https:\/\/images.unsplash.com\/photo-1732304720849-be9450ac78b7?crop=entropy&cs=tinysrgb&fit=max&fm=jpg&ixid=M3w3Mzg4NTh8MHwxfHJhbmRvbXx8fHx8fHx8fDE3NDQ4ODgwMTl8&ixlib=rb-4.0.3&q=80&w=400","thumb":"https:\/\/images.unsplash.com\/photo-1732304720849-be9450ac78b7?crop=entropy&cs=tinysrgb&fit=max&fm=jpg&ixid=M3w3Mzg4NTh8MHwxfHJhbmRvbXx8fHx8fHx8fDE3NDQ4ODgwMTl8&ixlib=rb-4.0.3&q=80&w=200","small_s3":"https:\/\/s3.us-west-2.amazonaws.com\/images.unsplash.com\/small\/photo-1732304720849-be9450ac78b7"},"links":{"self":"https:\/\/api.unsplash.com\/photos\/a-pile-of-books-sitting-on-top-of-a-table-AqSXHKhi-jQ","html":"https:\/\/unsplash.com\/photos\/a-pile-of-books-sitting-on-top-of-a-table-AqSXHKhi-jQ","download":"https:\/\/unsplash.com\/photos\/AqSXHKhi-jQ\/download?ixid=M3w3Mzg4NTh8MHwxfHJhbmRvbXx8fHx8fHx8fDE3NDQ4ODgwMTl8","download_location":"https:\/\/api.unsplash.com\/photos\/AqSXHKhi-jQ\/download?ixid=M3w3Mzg4NTh8MHwxfHJhbmRvbXx8fHx8fHx8fDE3NDQ4ODgwMTl8"},"likes":0,"liked_by_user":false,"current_user_collections":[],"sponsorship":null,"topic_submissions":[],"asset_type":"photo","user":{"id":"4z2pojM5rS8","updated_at":"2025-04-16T19:29:23Z","username":"232_038t","name":"Thorium","first_name":"Thorium","last_name":null,"twitter_username":null,"portfolio_url":null,"bio":"Just a student who likes to take photographs as a hobby.","location":null,"links":{"self":"https:\/\/api.unsplash.com\/users\/232_038t","html":"https:\/\/unsplash.com\/@232_038t","photos":"https:\/\/api.unsplash.com\/users\/232_038t\/photos","likes":"https:\/\/api.unsplash.com\/users\/232_038t\/likes","portfolio":"https:\/\/api.unsplash.com\/users\/232_038t\/portfolio"},"profile_image":{"small":"https:\/\/images.unsplash.com\/profile-1730096735773-b583571ec662image?ixlib=rb-4.0.3&crop=faces&fit=crop&w=32&h=32","medium":"https:\/\/images.unsplash.com\/profile-1730096735773-b583571ec662image?ixlib=rb-4.0.3&crop=faces&fit=crop&w=64&h=64","large":"https:\/\/images.unsplash.com\/profile-1730096735773-b583571ec662image?ixlib=rb-4.0.3&crop=faces&fit=crop&w=128&h=128"},"instagram_username":null,"total_collections":0,"total_likes":0,"total_photos":114,"total_promoted_photos":0,"total_illustrations":0,"total_promoted_illustrations":0,"accepted_tos":true,"for_hire":false,"social":{"instagram_username":null,"portfolio_url":null,"twitter_username":null,"paypal_email":null}},"exif":{"make":"SONY","model":"ILCE-6000","name":"SONY, ILCE-6000","exposure_time":"1\/15","aperture":"7.1","focal_length":"50.0","iso":400},"location":{"name":null,"city":null,"country":null,"position":{"latitude":0,"longitude":0}},"meta":{"index":true},"public_domain":false,"tags":[{"type":"search","title":"computer"},{"type":"search","title":"book"},{"type":"search","title":"education"},{"type":"search","title":"library"},{"type":"search","title":"study"},{"type":"search","title":"learning"},{"type":"search","title":"science"},{"type":"search","title":"reading"},{"type":"search","title":"engineering"},{"type":"search","title":"cybersecurity"},{"type":"search","title":"bookshelf"},{"type":"search","title":"data science"},{"type":"search","title":"bookstore"},{"type":"search","title":"colourful"},{"type":"search","title":"literature"},{"type":"search","title":"pages"},{"type":"search","title":"novel"},{"type":"search","title":"bookworm"},{"type":"search","title":"paperback"},{"type":"search","title":"paper"}],"views":27958,"downloads":167,"topics":[]}
DEBUG - 2025-04-17 11:06:59 --> No valid image found for category "Cybersecurity"
DEBUG - 2025-04-17 11:06:59 --> Fetched Image URL for category Cybersecurity: default-image.jpg
DEBUG - 2025-04-17 11:06:59 --> No valid image found for category Cybersecurity
DEBUG - 2025-04-17 11:07:00 --> Session: Class initialized using 'CodeIgniter\Session\Handlers\FileHandler' driver.
WARNING - 2025-04-17 11:07:00 --> [DEPRECATED] Passing lowercase HTTP method "get" is deprecated. Use uppercase HTTP method like "GET". in SYSTEMPATH\Router\RouteCollection.php on line 1026.
 1 SYSTEMPATH\Router\RouteCollection.php(1026): trigger_error('Passing lowercase HTTP method "get" is deprecated. Use uppercase HTTP method like "GET".', 16384)
 2 APPPATH\Config\Routes.php(88): CodeIgniter\Router\RouteCollection->match([...], 'user/edit', 'User\\UserController::editProfile')
 3 SYSTEMPATH\Router\RouteCollection.php(339): require('C:\\wamp64\\www\\ci-learn_affix\\app\\Config\\Routes.php')
 4 SYSTEMPATH\CodeIgniter.php(821): CodeIgniter\Router\RouteCollection->loadRoutes()
 5 SYSTEMPATH\CodeIgniter.php(455): CodeIgniter\CodeIgniter->tryToRouteIt(null)
 6 SYSTEMPATH\CodeIgniter.php(354): CodeIgniter\CodeIgniter->handleRequest(null, Object(Config\Cache), false)
 7 SYSTEMPATH\Boot.php(334): CodeIgniter\CodeIgniter->run()
 8 SYSTEMPATH\Boot.php(67): CodeIgniter\Boot::runCodeIgniter(Object(CodeIgniter\CodeIgniter))
 9 FCPATH\index.php(56): CodeIgniter\Boot::bootWeb(Object(Config\Paths))
WARNING - 2025-04-17 11:07:00 --> [DEPRECATED] Passing lowercase HTTP method "post" is deprecated. Use uppercase HTTP method like "POST". in SYSTEMPATH\Router\RouteCollection.php on line 1026.
 1 SYSTEMPATH\Router\RouteCollection.php(1026): trigger_error('Passing lowercase HTTP method "post" is deprecated. Use uppercase HTTP method like "POST".', 16384)
 2 APPPATH\Config\Routes.php(88): CodeIgniter\Router\RouteCollection->match([...], 'user/edit', 'User\\UserController::editProfile')
 3 SYSTEMPATH\Router\RouteCollection.php(339): require('C:\\wamp64\\www\\ci-learn_affix\\app\\Config\\Routes.php')
 4 SYSTEMPATH\CodeIgniter.php(821): CodeIgniter\Router\RouteCollection->loadRoutes()
 5 SYSTEMPATH\CodeIgniter.php(455): CodeIgniter\CodeIgniter->tryToRouteIt(null)
 6 SYSTEMPATH\CodeIgniter.php(354): CodeIgniter\CodeIgniter->handleRequest(null, Object(Config\Cache), false)
 7 SYSTEMPATH\Boot.php(334): CodeIgniter\CodeIgniter->run()
 8 SYSTEMPATH\Boot.php(67): CodeIgniter\Boot::runCodeIgniter(Object(CodeIgniter\CodeIgniter))
 9 FCPATH\index.php(56): CodeIgniter\Boot::bootWeb(Object(Config\Paths))
DEBUG - 2025-04-17 11:07:00 --> Session: Class initialized using 'CodeIgniter\Session\Handlers\FileHandler' driver.
WARNING - 2025-04-17 11:07:00 --> [DEPRECATED] Passing lowercase HTTP method "get" is deprecated. Use uppercase HTTP method like "GET". in SYSTEMPATH\Router\RouteCollection.php on line 1026.
 1 SYSTEMPATH\Router\RouteCollection.php(1026): trigger_error('Passing lowercase HTTP method "get" is deprecated. Use uppercase HTTP method like "GET".', 16384)
 2 APPPATH\Config\Routes.php(88): CodeIgniter\Router\RouteCollection->match([...], 'user/edit', 'User\\UserController::editProfile')
 3 SYSTEMPATH\Router\RouteCollection.php(339): require('C:\\wamp64\\www\\ci-learn_affix\\app\\Config\\Routes.php')
 4 SYSTEMPATH\CodeIgniter.php(821): CodeIgniter\Router\RouteCollection->loadRoutes()
 5 SYSTEMPATH\CodeIgniter.php(455): CodeIgniter\CodeIgniter->tryToRouteIt(null)
 6 SYSTEMPATH\CodeIgniter.php(354): CodeIgniter\CodeIgniter->handleRequest(null, Object(Config\Cache), false)
 7 SYSTEMPATH\Boot.php(334): CodeIgniter\CodeIgniter->run()
 8 SYSTEMPATH\Boot.php(67): CodeIgniter\Boot::runCodeIgniter(Object(CodeIgniter\CodeIgniter))
 9 FCPATH\index.php(56): CodeIgniter\Boot::bootWeb(Object(Config\Paths))
WARNING - 2025-04-17 11:07:00 --> [DEPRECATED] Passing lowercase HTTP method "post" is deprecated. Use uppercase HTTP method like "POST". in SYSTEMPATH\Router\RouteCollection.php on line 1026.
 1 SYSTEMPATH\Router\RouteCollection.php(1026): trigger_error('Passing lowercase HTTP method "post" is deprecated. Use uppercase HTTP method like "POST".', 16384)
 2 APPPATH\Config\Routes.php(88): CodeIgniter\Router\RouteCollection->match([...], 'user/edit', 'User\\UserController::editProfile')
 3 SYSTEMPATH\Router\RouteCollection.php(339): require('C:\\wamp64\\www\\ci-learn_affix\\app\\Config\\Routes.php')
 4 SYSTEMPATH\CodeIgniter.php(821): CodeIgniter\Router\RouteCollection->loadRoutes()
 5 SYSTEMPATH\CodeIgniter.php(455): CodeIgniter\CodeIgniter->tryToRouteIt(null)
 6 SYSTEMPATH\CodeIgniter.php(354): CodeIgniter\CodeIgniter->handleRequest(null, Object(Config\Cache), false)
 7 SYSTEMPATH\Boot.php(334): CodeIgniter\CodeIgniter->run()
 8 SYSTEMPATH\Boot.php(67): CodeIgniter\Boot::runCodeIgniter(Object(CodeIgniter\CodeIgniter))
 9 FCPATH\index.php(56): CodeIgniter\Boot::bootWeb(Object(Config\Paths))
DEBUG - 2025-04-17 11:07:00 --> Session: Class initialized using 'CodeIgniter\Session\Handlers\FileHandler' driver.
WARNING - 2025-04-17 11:07:00 --> [DEPRECATED] Passing lowercase HTTP method "get" is deprecated. Use uppercase HTTP method like "GET". in SYSTEMPATH\Router\RouteCollection.php on line 1026.
 1 SYSTEMPATH\Router\RouteCollection.php(1026): trigger_error('Passing lowercase HTTP method "get" is deprecated. Use uppercase HTTP method like "GET".', 16384)
 2 APPPATH\Config\Routes.php(88): CodeIgniter\Router\RouteCollection->match([...], 'user/edit', 'User\\UserController::editProfile')
 3 SYSTEMPATH\Router\RouteCollection.php(339): require('C:\\wamp64\\www\\ci-learn_affix\\app\\Config\\Routes.php')
 4 SYSTEMPATH\CodeIgniter.php(821): CodeIgniter\Router\RouteCollection->loadRoutes()
 5 SYSTEMPATH\CodeIgniter.php(455): CodeIgniter\CodeIgniter->tryToRouteIt(null)
 6 SYSTEMPATH\CodeIgniter.php(354): CodeIgniter\CodeIgniter->handleRequest(null, Object(Config\Cache), false)
 7 SYSTEMPATH\Boot.php(334): CodeIgniter\CodeIgniter->run()
 8 SYSTEMPATH\Boot.php(67): CodeIgniter\Boot::runCodeIgniter(Object(CodeIgniter\CodeIgniter))
 9 FCPATH\index.php(56): CodeIgniter\Boot::bootWeb(Object(Config\Paths))
WARNING - 2025-04-17 11:07:00 --> [DEPRECATED] Passing lowercase HTTP method "post" is deprecated. Use uppercase HTTP method like "POST". in SYSTEMPATH\Router\RouteCollection.php on line 1026.
 1 SYSTEMPATH\Router\RouteCollection.php(1026): trigger_error('Passing lowercase HTTP method "post" is deprecated. Use uppercase HTTP method like "POST".', 16384)
 2 APPPATH\Config\Routes.php(88): CodeIgniter\Router\RouteCollection->match([...], 'user/edit', 'User\\UserController::editProfile')
 3 SYSTEMPATH\Router\RouteCollection.php(339): require('C:\\wamp64\\www\\ci-learn_affix\\app\\Config\\Routes.php')
 4 SYSTEMPATH\CodeIgniter.php(821): CodeIgniter\Router\RouteCollection->loadRoutes()
 5 SYSTEMPATH\CodeIgniter.php(455): CodeIgniter\CodeIgniter->tryToRouteIt(null)
 6 SYSTEMPATH\CodeIgniter.php(354): CodeIgniter\CodeIgniter->handleRequest(null, Object(Config\Cache), false)
 7 SYSTEMPATH\Boot.php(334): CodeIgniter\CodeIgniter->run()
 8 SYSTEMPATH\Boot.php(67): CodeIgniter\Boot::runCodeIgniter(Object(CodeIgniter\CodeIgniter))
 9 FCPATH\index.php(56): CodeIgniter\Boot::bootWeb(Object(Config\Paths))
DEBUG - 2025-04-17 11:07:00 --> Session: Class initialized using 'CodeIgniter\Session\Handlers\FileHandler' driver.
WARNING - 2025-04-17 11:07:00 --> [DEPRECATED] Passing lowercase HTTP method "get" is deprecated. Use uppercase HTTP method like "GET". in SYSTEMPATH\Router\RouteCollection.php on line 1026.
 1 SYSTEMPATH\Router\RouteCollection.php(1026): trigger_error('Passing lowercase HTTP method "get" is deprecated. Use uppercase HTTP method like "GET".', 16384)
 2 APPPATH\Config\Routes.php(88): CodeIgniter\Router\RouteCollection->match([...], 'user/edit', 'User\\UserController::editProfile')
 3 SYSTEMPATH\Router\RouteCollection.php(339): require('C:\\wamp64\\www\\ci-learn_affix\\app\\Config\\Routes.php')
 4 SYSTEMPATH\CodeIgniter.php(821): CodeIgniter\Router\RouteCollection->loadRoutes()
 5 SYSTEMPATH\CodeIgniter.php(455): CodeIgniter\CodeIgniter->tryToRouteIt(null)
 6 SYSTEMPATH\CodeIgniter.php(354): CodeIgniter\CodeIgniter->handleRequest(null, Object(Config\Cache), false)
 7 SYSTEMPATH\Boot.php(334): CodeIgniter\CodeIgniter->run()
 8 SYSTEMPATH\Boot.php(67): CodeIgniter\Boot::runCodeIgniter(Object(CodeIgniter\CodeIgniter))
 9 FCPATH\index.php(56): CodeIgniter\Boot::bootWeb(Object(Config\Paths))
WARNING - 2025-04-17 11:07:00 --> [DEPRECATED] Passing lowercase HTTP method "post" is deprecated. Use uppercase HTTP method like "POST". in SYSTEMPATH\Router\RouteCollection.php on line 1026.
 1 SYSTEMPATH\Router\RouteCollection.php(1026): trigger_error('Passing lowercase HTTP method "post" is deprecated. Use uppercase HTTP method like "POST".', 16384)
 2 APPPATH\Config\Routes.php(88): CodeIgniter\Router\RouteCollection->match([...], 'user/edit', 'User\\UserController::editProfile')
 3 SYSTEMPATH\Router\RouteCollection.php(339): require('C:\\wamp64\\www\\ci-learn_affix\\app\\Config\\Routes.php')
 4 SYSTEMPATH\CodeIgniter.php(821): CodeIgniter\Router\RouteCollection->loadRoutes()
 5 SYSTEMPATH\CodeIgniter.php(455): CodeIgniter\CodeIgniter->tryToRouteIt(null)
 6 SYSTEMPATH\CodeIgniter.php(354): CodeIgniter\CodeIgniter->handleRequest(null, Object(Config\Cache), false)
 7 SYSTEMPATH\Boot.php(334): CodeIgniter\CodeIgniter->run()
 8 SYSTEMPATH\Boot.php(67): CodeIgniter\Boot::runCodeIgniter(Object(CodeIgniter\CodeIgniter))
 9 FCPATH\index.php(56): CodeIgniter\Boot::bootWeb(Object(Config\Paths))
DEBUG - 2025-04-17 11:07:00 --> Session: Class initialized using 'CodeIgniter\Session\Handlers\FileHandler' driver.
DEBUG - 2025-04-17 11:07:00 --> Session: Class initialized using 'CodeIgniter\Session\Handlers\FileHandler' driver.
WARNING - 2025-04-17 11:07:00 --> [DEPRECATED] Passing lowercase HTTP method "get" is deprecated. Use uppercase HTTP method like "GET". in SYSTEMPATH\Router\RouteCollection.php on line 1026.
 1 SYSTEMPATH\Router\RouteCollection.php(1026): trigger_error('Passing lowercase HTTP method "get" is deprecated. Use uppercase HTTP method like "GET".', 16384)
 2 APPPATH\Config\Routes.php(88): CodeIgniter\Router\RouteCollection->match([...], 'user/edit', 'User\\UserController::editProfile')
 3 SYSTEMPATH\Router\RouteCollection.php(339): require('C:\\wamp64\\www\\ci-learn_affix\\app\\Config\\Routes.php')
 4 SYSTEMPATH\CodeIgniter.php(821): CodeIgniter\Router\RouteCollection->loadRoutes()
 5 SYSTEMPATH\CodeIgniter.php(455): CodeIgniter\CodeIgniter->tryToRouteIt(null)
 6 SYSTEMPATH\CodeIgniter.php(354): CodeIgniter\CodeIgniter->handleRequest(null, Object(Config\Cache), false)
 7 SYSTEMPATH\Boot.php(334): CodeIgniter\CodeIgniter->run()
 8 SYSTEMPATH\Boot.php(67): CodeIgniter\Boot::runCodeIgniter(Object(CodeIgniter\CodeIgniter))
 9 FCPATH\index.php(56): CodeIgniter\Boot::bootWeb(Object(Config\Paths))
WARNING - 2025-04-17 11:07:00 --> [DEPRECATED] Passing lowercase HTTP method "post" is deprecated. Use uppercase HTTP method like "POST". in SYSTEMPATH\Router\RouteCollection.php on line 1026.
 1 SYSTEMPATH\Router\RouteCollection.php(1026): trigger_error('Passing lowercase HTTP method "post" is deprecated. Use uppercase HTTP method like "POST".', 16384)
 2 APPPATH\Config\Routes.php(88): CodeIgniter\Router\RouteCollection->match([...], 'user/edit', 'User\\UserController::editProfile')
 3 SYSTEMPATH\Router\RouteCollection.php(339): require('C:\\wamp64\\www\\ci-learn_affix\\app\\Config\\Routes.php')
 4 SYSTEMPATH\CodeIgniter.php(821): CodeIgniter\Router\RouteCollection->loadRoutes()
 5 SYSTEMPATH\CodeIgniter.php(455): CodeIgniter\CodeIgniter->tryToRouteIt(null)
 6 SYSTEMPATH\CodeIgniter.php(354): CodeIgniter\CodeIgniter->handleRequest(null, Object(Config\Cache), false)
 7 SYSTEMPATH\Boot.php(334): CodeIgniter\CodeIgniter->run()
 8 SYSTEMPATH\Boot.php(67): CodeIgniter\Boot::runCodeIgniter(Object(CodeIgniter\CodeIgniter))
 9 FCPATH\index.php(56): CodeIgniter\Boot::bootWeb(Object(Config\Paths))
DEBUG - 2025-04-17 11:07:12 --> Session: Class initialized using 'CodeIgniter\Session\Handlers\FileHandler' driver.
WARNING - 2025-04-17 11:07:12 --> [DEPRECATED] Passing lowercase HTTP method "get" is deprecated. Use uppercase HTTP method like "GET". in SYSTEMPATH\Router\RouteCollection.php on line 1026.
 1 SYSTEMPATH\Router\RouteCollection.php(1026): trigger_error('Passing lowercase HTTP method "get" is deprecated. Use uppercase HTTP method like "GET".', 16384)
 2 APPPATH\Config\Routes.php(88): CodeIgniter\Router\RouteCollection->match([...], 'user/edit', 'User\\UserController::editProfile')
 3 SYSTEMPATH\Router\RouteCollection.php(339): require('C:\\wamp64\\www\\ci-learn_affix\\app\\Config\\Routes.php')
 4 SYSTEMPATH\CodeIgniter.php(821): CodeIgniter\Router\RouteCollection->loadRoutes()
 5 SYSTEMPATH\CodeIgniter.php(455): CodeIgniter\CodeIgniter->tryToRouteIt(null)
 6 SYSTEMPATH\CodeIgniter.php(354): CodeIgniter\CodeIgniter->handleRequest(null, Object(Config\Cache), false)
 7 SYSTEMPATH\Boot.php(334): CodeIgniter\CodeIgniter->run()
 8 SYSTEMPATH\Boot.php(67): CodeIgniter\Boot::runCodeIgniter(Object(CodeIgniter\CodeIgniter))
 9 FCPATH\index.php(56): CodeIgniter\Boot::bootWeb(Object(Config\Paths))
WARNING - 2025-04-17 11:07:12 --> [DEPRECATED] Passing lowercase HTTP method "post" is deprecated. Use uppercase HTTP method like "POST". in SYSTEMPATH\Router\RouteCollection.php on line 1026.
 1 SYSTEMPATH\Router\RouteCollection.php(1026): trigger_error('Passing lowercase HTTP method "post" is deprecated. Use uppercase HTTP method like "POST".', 16384)
 2 APPPATH\Config\Routes.php(88): CodeIgniter\Router\RouteCollection->match([...], 'user/edit', 'User\\UserController::editProfile')
 3 SYSTEMPATH\Router\RouteCollection.php(339): require('C:\\wamp64\\www\\ci-learn_affix\\app\\Config\\Routes.php')
 4 SYSTEMPATH\CodeIgniter.php(821): CodeIgniter\Router\RouteCollection->loadRoutes()
 5 SYSTEMPATH\CodeIgniter.php(455): CodeIgniter\CodeIgniter->tryToRouteIt(null)
 6 SYSTEMPATH\CodeIgniter.php(354): CodeIgniter\CodeIgniter->handleRequest(null, Object(Config\Cache), false)
 7 SYSTEMPATH\Boot.php(334): CodeIgniter\CodeIgniter->run()
 8 SYSTEMPATH\Boot.php(67): CodeIgniter\Boot::runCodeIgniter(Object(CodeIgniter\CodeIgniter))
 9 FCPATH\index.php(56): CodeIgniter\Boot::bootWeb(Object(Config\Paths))
DEBUG - 2025-04-17 11:07:13 --> Session: Class initialized using 'CodeIgniter\Session\Handlers\FileHandler' driver.
DEBUG - 2025-04-17 11:07:13 --> Session: Class initialized using 'CodeIgniter\Session\Handlers\FileHandler' driver.
WARNING - 2025-04-17 11:07:13 --> [DEPRECATED] Passing lowercase HTTP method "get" is deprecated. Use uppercase HTTP method like "GET". in SYSTEMPATH\Router\RouteCollection.php on line 1026.
 1 SYSTEMPATH\Router\RouteCollection.php(1026): trigger_error('Passing lowercase HTTP method "get" is deprecated. Use uppercase HTTP method like "GET".', 16384)
 2 APPPATH\Config\Routes.php(88): CodeIgniter\Router\RouteCollection->match([...], 'user/edit', 'User\\UserController::editProfile')
 3 SYSTEMPATH\Router\RouteCollection.php(339): require('C:\\wamp64\\www\\ci-learn_affix\\app\\Config\\Routes.php')
 4 SYSTEMPATH\CodeIgniter.php(821): CodeIgniter\Router\RouteCollection->loadRoutes()
 5 SYSTEMPATH\CodeIgniter.php(455): CodeIgniter\CodeIgniter->tryToRouteIt(null)
 6 SYSTEMPATH\CodeIgniter.php(354): CodeIgniter\CodeIgniter->handleRequest(null, Object(Config\Cache), false)
 7 SYSTEMPATH\Boot.php(334): CodeIgniter\CodeIgniter->run()
 8 SYSTEMPATH\Boot.php(67): CodeIgniter\Boot::runCodeIgniter(Object(CodeIgniter\CodeIgniter))
 9 FCPATH\index.php(56): CodeIgniter\Boot::bootWeb(Object(Config\Paths))
WARNING - 2025-04-17 11:07:13 --> [DEPRECATED] Passing lowercase HTTP method "post" is deprecated. Use uppercase HTTP method like "POST". in SYSTEMPATH\Router\RouteCollection.php on line 1026.
 1 SYSTEMPATH\Router\RouteCollection.php(1026): trigger_error('Passing lowercase HTTP method "post" is deprecated. Use uppercase HTTP method like "POST".', 16384)
 2 APPPATH\Config\Routes.php(88): CodeIgniter\Router\RouteCollection->match([...], 'user/edit', 'User\\UserController::editProfile')
 3 SYSTEMPATH\Router\RouteCollection.php(339): require('C:\\wamp64\\www\\ci-learn_affix\\app\\Config\\Routes.php')
 4 SYSTEMPATH\CodeIgniter.php(821): CodeIgniter\Router\RouteCollection->loadRoutes()
 5 SYSTEMPATH\CodeIgniter.php(455): CodeIgniter\CodeIgniter->tryToRouteIt(null)
 6 SYSTEMPATH\CodeIgniter.php(354): CodeIgniter\CodeIgniter->handleRequest(null, Object(Config\Cache), false)
 7 SYSTEMPATH\Boot.php(334): CodeIgniter\CodeIgniter->run()
 8 SYSTEMPATH\Boot.php(67): CodeIgniter\Boot::runCodeIgniter(Object(CodeIgniter\CodeIgniter))
 9 FCPATH\index.php(56): CodeIgniter\Boot::bootWeb(Object(Config\Paths))
DEBUG - 2025-04-17 11:07:21 --> Session: Class initialized using 'CodeIgniter\Session\Handlers\FileHandler' driver.
WARNING - 2025-04-17 11:07:21 --> [DEPRECATED] Passing lowercase HTTP method "get" is deprecated. Use uppercase HTTP method like "GET". in SYSTEMPATH\Router\RouteCollection.php on line 1026.
 1 SYSTEMPATH\Router\RouteCollection.php(1026): trigger_error('Passing lowercase HTTP method "get" is deprecated. Use uppercase HTTP method like "GET".', 16384)
 2 APPPATH\Config\Routes.php(88): CodeIgniter\Router\RouteCollection->match([...], 'user/edit', 'User\\UserController::editProfile')
 3 SYSTEMPATH\Router\RouteCollection.php(339): require('C:\\wamp64\\www\\ci-learn_affix\\app\\Config\\Routes.php')
 4 SYSTEMPATH\CodeIgniter.php(821): CodeIgniter\Router\RouteCollection->loadRoutes()
 5 SYSTEMPATH\CodeIgniter.php(455): CodeIgniter\CodeIgniter->tryToRouteIt(null)
 6 SYSTEMPATH\CodeIgniter.php(354): CodeIgniter\CodeIgniter->handleRequest(null, Object(Config\Cache), false)
 7 SYSTEMPATH\Boot.php(334): CodeIgniter\CodeIgniter->run()
 8 SYSTEMPATH\Boot.php(67): CodeIgniter\Boot::runCodeIgniter(Object(CodeIgniter\CodeIgniter))
 9 FCPATH\index.php(56): CodeIgniter\Boot::bootWeb(Object(Config\Paths))
WARNING - 2025-04-17 11:07:21 --> [DEPRECATED] Passing lowercase HTTP method "post" is deprecated. Use uppercase HTTP method like "POST". in SYSTEMPATH\Router\RouteCollection.php on line 1026.
 1 SYSTEMPATH\Router\RouteCollection.php(1026): trigger_error('Passing lowercase HTTP method "post" is deprecated. Use uppercase HTTP method like "POST".', 16384)
 2 APPPATH\Config\Routes.php(88): CodeIgniter\Router\RouteCollection->match([...], 'user/edit', 'User\\UserController::editProfile')
 3 SYSTEMPATH\Router\RouteCollection.php(339): require('C:\\wamp64\\www\\ci-learn_affix\\app\\Config\\Routes.php')
 4 SYSTEMPATH\CodeIgniter.php(821): CodeIgniter\Router\RouteCollection->loadRoutes()
 5 SYSTEMPATH\CodeIgniter.php(455): CodeIgniter\CodeIgniter->tryToRouteIt(null)
 6 SYSTEMPATH\CodeIgniter.php(354): CodeIgniter\CodeIgniter->handleRequest(null, Object(Config\Cache), false)
 7 SYSTEMPATH\Boot.php(334): CodeIgniter\CodeIgniter->run()
 8 SYSTEMPATH\Boot.php(67): CodeIgniter\Boot::runCodeIgniter(Object(CodeIgniter\CodeIgniter))
 9 FCPATH\index.php(56): CodeIgniter\Boot::bootWeb(Object(Config\Paths))
DEBUG - 2025-04-17 11:07:22 --> Session: Class initialized using 'CodeIgniter\Session\Handlers\FileHandler' driver.
DEBUG - 2025-04-17 11:07:22 --> Session: Class initialized using 'CodeIgniter\Session\Handlers\FileHandler' driver.
WARNING - 2025-04-17 11:07:22 --> [DEPRECATED] Passing lowercase HTTP method "get" is deprecated. Use uppercase HTTP method like "GET". in SYSTEMPATH\Router\RouteCollection.php on line 1026.
 1 SYSTEMPATH\Router\RouteCollection.php(1026): trigger_error('Passing lowercase HTTP method "get" is deprecated. Use uppercase HTTP method like "GET".', 16384)
 2 APPPATH\Config\Routes.php(88): CodeIgniter\Router\RouteCollection->match([...], 'user/edit', 'User\\UserController::editProfile')
 3 SYSTEMPATH\Router\RouteCollection.php(339): require('C:\\wamp64\\www\\ci-learn_affix\\app\\Config\\Routes.php')
 4 SYSTEMPATH\CodeIgniter.php(821): CodeIgniter\Router\RouteCollection->loadRoutes()
 5 SYSTEMPATH\CodeIgniter.php(455): CodeIgniter\CodeIgniter->tryToRouteIt(null)
 6 SYSTEMPATH\CodeIgniter.php(354): CodeIgniter\CodeIgniter->handleRequest(null, Object(Config\Cache), false)
 7 SYSTEMPATH\Boot.php(334): CodeIgniter\CodeIgniter->run()
 8 SYSTEMPATH\Boot.php(67): CodeIgniter\Boot::runCodeIgniter(Object(CodeIgniter\CodeIgniter))
 9 FCPATH\index.php(56): CodeIgniter\Boot::bootWeb(Object(Config\Paths))
WARNING - 2025-04-17 11:07:22 --> [DEPRECATED] Passing lowercase HTTP method "post" is deprecated. Use uppercase HTTP method like "POST". in SYSTEMPATH\Router\RouteCollection.php on line 1026.
 1 SYSTEMPATH\Router\RouteCollection.php(1026): trigger_error('Passing lowercase HTTP method "post" is deprecated. Use uppercase HTTP method like "POST".', 16384)
 2 APPPATH\Config\Routes.php(88): CodeIgniter\Router\RouteCollection->match([...], 'user/edit', 'User\\UserController::editProfile')
 3 SYSTEMPATH\Router\RouteCollection.php(339): require('C:\\wamp64\\www\\ci-learn_affix\\app\\Config\\Routes.php')
 4 SYSTEMPATH\CodeIgniter.php(821): CodeIgniter\Router\RouteCollection->loadRoutes()
 5 SYSTEMPATH\CodeIgniter.php(455): CodeIgniter\CodeIgniter->tryToRouteIt(null)
 6 SYSTEMPATH\CodeIgniter.php(354): CodeIgniter\CodeIgniter->handleRequest(null, Object(Config\Cache), false)
 7 SYSTEMPATH\Boot.php(334): CodeIgniter\CodeIgniter->run()
 8 SYSTEMPATH\Boot.php(67): CodeIgniter\Boot::runCodeIgniter(Object(CodeIgniter\CodeIgniter))
 9 FCPATH\index.php(56): CodeIgniter\Boot::bootWeb(Object(Config\Paths))
DEBUG - 2025-04-17 11:07:22 --> Session: Class initialized using 'CodeIgniter\Session\Handlers\FileHandler' driver.
WARNING - 2025-04-17 11:07:22 --> [DEPRECATED] Passing lowercase HTTP method "get" is deprecated. Use uppercase HTTP method like "GET". in SYSTEMPATH\Router\RouteCollection.php on line 1026.
 1 SYSTEMPATH\Router\RouteCollection.php(1026): trigger_error('Passing lowercase HTTP method "get" is deprecated. Use uppercase HTTP method like "GET".', 16384)
 2 APPPATH\Config\Routes.php(88): CodeIgniter\Router\RouteCollection->match([...], 'user/edit', 'User\\UserController::editProfile')
 3 SYSTEMPATH\Router\RouteCollection.php(339): require('C:\\wamp64\\www\\ci-learn_affix\\app\\Config\\Routes.php')
 4 SYSTEMPATH\CodeIgniter.php(821): CodeIgniter\Router\RouteCollection->loadRoutes()
 5 SYSTEMPATH\CodeIgniter.php(455): CodeIgniter\CodeIgniter->tryToRouteIt(null)
 6 SYSTEMPATH\CodeIgniter.php(354): CodeIgniter\CodeIgniter->handleRequest(null, Object(Config\Cache), false)
 7 SYSTEMPATH\Boot.php(334): CodeIgniter\CodeIgniter->run()
 8 SYSTEMPATH\Boot.php(67): CodeIgniter\Boot::runCodeIgniter(Object(CodeIgniter\CodeIgniter))
 9 FCPATH\index.php(56): CodeIgniter\Boot::bootWeb(Object(Config\Paths))
WARNING - 2025-04-17 11:07:22 --> [DEPRECATED] Passing lowercase HTTP method "post" is deprecated. Use uppercase HTTP method like "POST". in SYSTEMPATH\Router\RouteCollection.php on line 1026.
 1 SYSTEMPATH\Router\RouteCollection.php(1026): trigger_error('Passing lowercase HTTP method "post" is deprecated. Use uppercase HTTP method like "POST".', 16384)
 2 APPPATH\Config\Routes.php(88): CodeIgniter\Router\RouteCollection->match([...], 'user/edit', 'User\\UserController::editProfile')
 3 SYSTEMPATH\Router\RouteCollection.php(339): require('C:\\wamp64\\www\\ci-learn_affix\\app\\Config\\Routes.php')
 4 SYSTEMPATH\CodeIgniter.php(821): CodeIgniter\Router\RouteCollection->loadRoutes()
 5 SYSTEMPATH\CodeIgniter.php(455): CodeIgniter\CodeIgniter->tryToRouteIt(null)
 6 SYSTEMPATH\CodeIgniter.php(354): CodeIgniter\CodeIgniter->handleRequest(null, Object(Config\Cache), false)
 7 SYSTEMPATH\Boot.php(334): CodeIgniter\CodeIgniter->run()
 8 SYSTEMPATH\Boot.php(67): CodeIgniter\Boot::runCodeIgniter(Object(CodeIgniter\CodeIgniter))
 9 FCPATH\index.php(56): CodeIgniter\Boot::bootWeb(Object(Config\Paths))
DEBUG - 2025-04-17 11:07:22 --> Session: Class initialized using 'CodeIgniter\Session\Handlers\FileHandler' driver.
WARNING - 2025-04-17 11:07:22 --> [DEPRECATED] Passing lowercase HTTP method "get" is deprecated. Use uppercase HTTP method like "GET". in SYSTEMPATH\Router\RouteCollection.php on line 1026.
 1 SYSTEMPATH\Router\RouteCollection.php(1026): trigger_error('Passing lowercase HTTP method "get" is deprecated. Use uppercase HTTP method like "GET".', 16384)
 2 APPPATH\Config\Routes.php(88): CodeIgniter\Router\RouteCollection->match([...], 'user/edit', 'User\\UserController::editProfile')
 3 SYSTEMPATH\Router\RouteCollection.php(339): require('C:\\wamp64\\www\\ci-learn_affix\\app\\Config\\Routes.php')
 4 SYSTEMPATH\CodeIgniter.php(821): CodeIgniter\Router\RouteCollection->loadRoutes()
 5 SYSTEMPATH\CodeIgniter.php(455): CodeIgniter\CodeIgniter->tryToRouteIt(null)
 6 SYSTEMPATH\CodeIgniter.php(354): CodeIgniter\CodeIgniter->handleRequest(null, Object(Config\Cache), false)
 7 SYSTEMPATH\Boot.php(334): CodeIgniter\CodeIgniter->run()
 8 SYSTEMPATH\Boot.php(67): CodeIgniter\Boot::runCodeIgniter(Object(CodeIgniter\CodeIgniter))
 9 FCPATH\index.php(56): CodeIgniter\Boot::bootWeb(Object(Config\Paths))
WARNING - 2025-04-17 11:07:22 --> [DEPRECATED] Passing lowercase HTTP method "post" is deprecated. Use uppercase HTTP method like "POST". in SYSTEMPATH\Router\RouteCollection.php on line 1026.
 1 SYSTEMPATH\Router\RouteCollection.php(1026): trigger_error('Passing lowercase HTTP method "post" is deprecated. Use uppercase HTTP method like "POST".', 16384)
 2 APPPATH\Config\Routes.php(88): CodeIgniter\Router\RouteCollection->match([...], 'user/edit', 'User\\UserController::editProfile')
 3 SYSTEMPATH\Router\RouteCollection.php(339): require('C:\\wamp64\\www\\ci-learn_affix\\app\\Config\\Routes.php')
 4 SYSTEMPATH\CodeIgniter.php(821): CodeIgniter\Router\RouteCollection->loadRoutes()
 5 SYSTEMPATH\CodeIgniter.php(455): CodeIgniter\CodeIgniter->tryToRouteIt(null)
 6 SYSTEMPATH\CodeIgniter.php(354): CodeIgniter\CodeIgniter->handleRequest(null, Object(Config\Cache), false)
 7 SYSTEMPATH\Boot.php(334): CodeIgniter\CodeIgniter->run()
 8 SYSTEMPATH\Boot.php(67): CodeIgniter\Boot::runCodeIgniter(Object(CodeIgniter\CodeIgniter))
 9 FCPATH\index.php(56): CodeIgniter\Boot::bootWeb(Object(Config\Paths))
DEBUG - 2025-04-17 11:07:22 --> Session: Class initialized using 'CodeIgniter\Session\Handlers\FileHandler' driver.
WARNING - 2025-04-17 11:07:22 --> [DEPRECATED] Passing lowercase HTTP method "get" is deprecated. Use uppercase HTTP method like "GET". in SYSTEMPATH\Router\RouteCollection.php on line 1026.
 1 SYSTEMPATH\Router\RouteCollection.php(1026): trigger_error('Passing lowercase HTTP method "get" is deprecated. Use uppercase HTTP method like "GET".', 16384)
 2 APPPATH\Config\Routes.php(88): CodeIgniter\Router\RouteCollection->match([...], 'user/edit', 'User\\UserController::editProfile')
 3 SYSTEMPATH\Router\RouteCollection.php(339): require('C:\\wamp64\\www\\ci-learn_affix\\app\\Config\\Routes.php')
 4 SYSTEMPATH\CodeIgniter.php(821): CodeIgniter\Router\RouteCollection->loadRoutes()
 5 SYSTEMPATH\CodeIgniter.php(455): CodeIgniter\CodeIgniter->tryToRouteIt(null)
 6 SYSTEMPATH\CodeIgniter.php(354): CodeIgniter\CodeIgniter->handleRequest(null, Object(Config\Cache), false)
 7 SYSTEMPATH\Boot.php(334): CodeIgniter\CodeIgniter->run()
 8 SYSTEMPATH\Boot.php(67): CodeIgniter\Boot::runCodeIgniter(Object(CodeIgniter\CodeIgniter))
 9 FCPATH\index.php(56): CodeIgniter\Boot::bootWeb(Object(Config\Paths))
WARNING - 2025-04-17 11:07:22 --> [DEPRECATED] Passing lowercase HTTP method "post" is deprecated. Use uppercase HTTP method like "POST". in SYSTEMPATH\Router\RouteCollection.php on line 1026.
 1 SYSTEMPATH\Router\RouteCollection.php(1026): trigger_error('Passing lowercase HTTP method "post" is deprecated. Use uppercase HTTP method like "POST".', 16384)
 2 APPPATH\Config\Routes.php(88): CodeIgniter\Router\RouteCollection->match([...], 'user/edit', 'User\\UserController::editProfile')
 3 SYSTEMPATH\Router\RouteCollection.php(339): require('C:\\wamp64\\www\\ci-learn_affix\\app\\Config\\Routes.php')
 4 SYSTEMPATH\CodeIgniter.php(821): CodeIgniter\Router\RouteCollection->loadRoutes()
 5 SYSTEMPATH\CodeIgniter.php(455): CodeIgniter\CodeIgniter->tryToRouteIt(null)
 6 SYSTEMPATH\CodeIgniter.php(354): CodeIgniter\CodeIgniter->handleRequest(null, Object(Config\Cache), false)
 7 SYSTEMPATH\Boot.php(334): CodeIgniter\CodeIgniter->run()
 8 SYSTEMPATH\Boot.php(67): CodeIgniter\Boot::runCodeIgniter(Object(CodeIgniter\CodeIgniter))
 9 FCPATH\index.php(56): CodeIgniter\Boot::bootWeb(Object(Config\Paths))
DEBUG - 2025-04-17 11:07:22 --> Session: Class initialized using 'CodeIgniter\Session\Handlers\FileHandler' driver.
WARNING - 2025-04-17 11:07:22 --> [DEPRECATED] Passing lowercase HTTP method "get" is deprecated. Use uppercase HTTP method like "GET". in SYSTEMPATH\Router\RouteCollection.php on line 1026.
 1 SYSTEMPATH\Router\RouteCollection.php(1026): trigger_error('Passing lowercase HTTP method "get" is deprecated. Use uppercase HTTP method like "GET".', 16384)
 2 APPPATH\Config\Routes.php(88): CodeIgniter\Router\RouteCollection->match([...], 'user/edit', 'User\\UserController::editProfile')
 3 SYSTEMPATH\Router\RouteCollection.php(339): require('C:\\wamp64\\www\\ci-learn_affix\\app\\Config\\Routes.php')
 4 SYSTEMPATH\CodeIgniter.php(821): CodeIgniter\Router\RouteCollection->loadRoutes()
 5 SYSTEMPATH\CodeIgniter.php(455): CodeIgniter\CodeIgniter->tryToRouteIt(null)
 6 SYSTEMPATH\CodeIgniter.php(354): CodeIgniter\CodeIgniter->handleRequest(null, Object(Config\Cache), false)
 7 SYSTEMPATH\Boot.php(334): CodeIgniter\CodeIgniter->run()
 8 SYSTEMPATH\Boot.php(67): CodeIgniter\Boot::runCodeIgniter(Object(CodeIgniter\CodeIgniter))
 9 FCPATH\index.php(56): CodeIgniter\Boot::bootWeb(Object(Config\Paths))
WARNING - 2025-04-17 11:07:22 --> [DEPRECATED] Passing lowercase HTTP method "post" is deprecated. Use uppercase HTTP method like "POST". in SYSTEMPATH\Router\RouteCollection.php on line 1026.
 1 SYSTEMPATH\Router\RouteCollection.php(1026): trigger_error('Passing lowercase HTTP method "post" is deprecated. Use uppercase HTTP method like "POST".', 16384)
 2 APPPATH\Config\Routes.php(88): CodeIgniter\Router\RouteCollection->match([...], 'user/edit', 'User\\UserController::editProfile')
 3 SYSTEMPATH\Router\RouteCollection.php(339): require('C:\\wamp64\\www\\ci-learn_affix\\app\\Config\\Routes.php')
 4 SYSTEMPATH\CodeIgniter.php(821): CodeIgniter\Router\RouteCollection->loadRoutes()
 5 SYSTEMPATH\CodeIgniter.php(455): CodeIgniter\CodeIgniter->tryToRouteIt(null)
 6 SYSTEMPATH\CodeIgniter.php(354): CodeIgniter\CodeIgniter->handleRequest(null, Object(Config\Cache), false)
 7 SYSTEMPATH\Boot.php(334): CodeIgniter\CodeIgniter->run()
 8 SYSTEMPATH\Boot.php(67): CodeIgniter\Boot::runCodeIgniter(Object(CodeIgniter\CodeIgniter))
 9 FCPATH\index.php(56): CodeIgniter\Boot::bootWeb(Object(Config\Paths))
DEBUG - 2025-04-17 11:07:38 --> Session: Class initialized using 'CodeIgniter\Session\Handlers\FileHandler' driver.
INFO - 2025-04-17 11:07:38 --> CSRF token verified.
WARNING - 2025-04-17 11:07:38 --> [DEPRECATED] Passing lowercase HTTP method "get" is deprecated. Use uppercase HTTP method like "GET". in SYSTEMPATH\Router\RouteCollection.php on line 1026.
 1 SYSTEMPATH\Router\RouteCollection.php(1026): trigger_error('Passing lowercase HTTP method "get" is deprecated. Use uppercase HTTP method like "GET".', 16384)
 2 APPPATH\Config\Routes.php(88): CodeIgniter\Router\RouteCollection->match([...], 'user/edit', 'User\\UserController::editProfile')
 3 SYSTEMPATH\Router\RouteCollection.php(339): require('C:\\wamp64\\www\\ci-learn_affix\\app\\Config\\Routes.php')
 4 SYSTEMPATH\CodeIgniter.php(821): CodeIgniter\Router\RouteCollection->loadRoutes()
 5 SYSTEMPATH\CodeIgniter.php(455): CodeIgniter\CodeIgniter->tryToRouteIt(null)
 6 SYSTEMPATH\CodeIgniter.php(354): CodeIgniter\CodeIgniter->handleRequest(null, Object(Config\Cache), false)
 7 SYSTEMPATH\Boot.php(334): CodeIgniter\CodeIgniter->run()
 8 SYSTEMPATH\Boot.php(67): CodeIgniter\Boot::runCodeIgniter(Object(CodeIgniter\CodeIgniter))
 9 FCPATH\index.php(56): CodeIgniter\Boot::bootWeb(Object(Config\Paths))
WARNING - 2025-04-17 11:07:38 --> [DEPRECATED] Passing lowercase HTTP method "post" is deprecated. Use uppercase HTTP method like "POST". in SYSTEMPATH\Router\RouteCollection.php on line 1026.
 1 SYSTEMPATH\Router\RouteCollection.php(1026): trigger_error('Passing lowercase HTTP method "post" is deprecated. Use uppercase HTTP method like "POST".', 16384)
 2 APPPATH\Config\Routes.php(88): CodeIgniter\Router\RouteCollection->match([...], 'user/edit', 'User\\UserController::editProfile')
 3 SYSTEMPATH\Router\RouteCollection.php(339): require('C:\\wamp64\\www\\ci-learn_affix\\app\\Config\\Routes.php')
 4 SYSTEMPATH\CodeIgniter.php(821): CodeIgniter\Router\RouteCollection->loadRoutes()
 5 SYSTEMPATH\CodeIgniter.php(455): CodeIgniter\CodeIgniter->tryToRouteIt(null)
 6 SYSTEMPATH\CodeIgniter.php(354): CodeIgniter\CodeIgniter->handleRequest(null, Object(Config\Cache), false)
 7 SYSTEMPATH\Boot.php(334): CodeIgniter\CodeIgniter->run()
 8 SYSTEMPATH\Boot.php(67): CodeIgniter\Boot::runCodeIgniter(Object(CodeIgniter\CodeIgniter))
 9 FCPATH\index.php(56): CodeIgniter\Boot::bootWeb(Object(Config\Paths))
DEBUG - 2025-04-17 11:07:40 --> Session: Class initialized using 'CodeIgniter\Session\Handlers\FileHandler' driver.
WARNING - 2025-04-17 11:07:40 --> [DEPRECATED] Passing lowercase HTTP method "get" is deprecated. Use uppercase HTTP method like "GET". in SYSTEMPATH\Router\RouteCollection.php on line 1026.
 1 SYSTEMPATH\Router\RouteCollection.php(1026): trigger_error('Passing lowercase HTTP method "get" is deprecated. Use uppercase HTTP method like "GET".', 16384)
 2 APPPATH\Config\Routes.php(88): CodeIgniter\Router\RouteCollection->match([...], 'user/edit', 'User\\UserController::editProfile')
 3 SYSTEMPATH\Router\RouteCollection.php(339): require('C:\\wamp64\\www\\ci-learn_affix\\app\\Config\\Routes.php')
 4 SYSTEMPATH\CodeIgniter.php(821): CodeIgniter\Router\RouteCollection->loadRoutes()
 5 SYSTEMPATH\CodeIgniter.php(455): CodeIgniter\CodeIgniter->tryToRouteIt(null)
 6 SYSTEMPATH\CodeIgniter.php(354): CodeIgniter\CodeIgniter->handleRequest(null, Object(Config\Cache), false)
 7 SYSTEMPATH\Boot.php(334): CodeIgniter\CodeIgniter->run()
 8 SYSTEMPATH\Boot.php(67): CodeIgniter\Boot::runCodeIgniter(Object(CodeIgniter\CodeIgniter))
 9 FCPATH\index.php(56): CodeIgniter\Boot::bootWeb(Object(Config\Paths))
WARNING - 2025-04-17 11:07:40 --> [DEPRECATED] Passing lowercase HTTP method "post" is deprecated. Use uppercase HTTP method like "POST". in SYSTEMPATH\Router\RouteCollection.php on line 1026.
 1 SYSTEMPATH\Router\RouteCollection.php(1026): trigger_error('Passing lowercase HTTP method "post" is deprecated. Use uppercase HTTP method like "POST".', 16384)
 2 APPPATH\Config\Routes.php(88): CodeIgniter\Router\RouteCollection->match([...], 'user/edit', 'User\\UserController::editProfile')
 3 SYSTEMPATH\Router\RouteCollection.php(339): require('C:\\wamp64\\www\\ci-learn_affix\\app\\Config\\Routes.php')
 4 SYSTEMPATH\CodeIgniter.php(821): CodeIgniter\Router\RouteCollection->loadRoutes()
 5 SYSTEMPATH\CodeIgniter.php(455): CodeIgniter\CodeIgniter->tryToRouteIt(null)
 6 SYSTEMPATH\CodeIgniter.php(354): CodeIgniter\CodeIgniter->handleRequest(null, Object(Config\Cache), false)
 7 SYSTEMPATH\Boot.php(334): CodeIgniter\CodeIgniter->run()
 8 SYSTEMPATH\Boot.php(67): CodeIgniter\Boot::runCodeIgniter(Object(CodeIgniter\CodeIgniter))
 9 FCPATH\index.php(56): CodeIgniter\Boot::bootWeb(Object(Config\Paths))
DEBUG - 2025-04-17 11:07:40 --> Session: Class initialized using 'CodeIgniter\Session\Handlers\FileHandler' driver.
WARNING - 2025-04-17 11:07:40 --> [DEPRECATED] Passing lowercase HTTP method "get" is deprecated. Use uppercase HTTP method like "GET". in SYSTEMPATH\Router\RouteCollection.php on line 1026.
 1 SYSTEMPATH\Router\RouteCollection.php(1026): trigger_error('Passing lowercase HTTP method "get" is deprecated. Use uppercase HTTP method like "GET".', 16384)
 2 APPPATH\Config\Routes.php(88): CodeIgniter\Router\RouteCollection->match([...], 'user/edit', 'User\\UserController::editProfile')
 3 SYSTEMPATH\Router\RouteCollection.php(339): require('C:\\wamp64\\www\\ci-learn_affix\\app\\Config\\Routes.php')
 4 SYSTEMPATH\CodeIgniter.php(821): CodeIgniter\Router\RouteCollection->loadRoutes()
 5 SYSTEMPATH\CodeIgniter.php(455): CodeIgniter\CodeIgniter->tryToRouteIt(null)
 6 SYSTEMPATH\CodeIgniter.php(354): CodeIgniter\CodeIgniter->handleRequest(null, Object(Config\Cache), false)
 7 SYSTEMPATH\Boot.php(334): CodeIgniter\CodeIgniter->run()
 8 SYSTEMPATH\Boot.php(67): CodeIgniter\Boot::runCodeIgniter(Object(CodeIgniter\CodeIgniter))
 9 FCPATH\index.php(56): CodeIgniter\Boot::bootWeb(Object(Config\Paths))
WARNING - 2025-04-17 11:07:40 --> [DEPRECATED] Passing lowercase HTTP method "post" is deprecated. Use uppercase HTTP method like "POST". in SYSTEMPATH\Router\RouteCollection.php on line 1026.
 1 SYSTEMPATH\Router\RouteCollection.php(1026): trigger_error('Passing lowercase HTTP method "post" is deprecated. Use uppercase HTTP method like "POST".', 16384)
 2 APPPATH\Config\Routes.php(88): CodeIgniter\Router\RouteCollection->match([...], 'user/edit', 'User\\UserController::editProfile')
 3 SYSTEMPATH\Router\RouteCollection.php(339): require('C:\\wamp64\\www\\ci-learn_affix\\app\\Config\\Routes.php')
 4 SYSTEMPATH\CodeIgniter.php(821): CodeIgniter\Router\RouteCollection->loadRoutes()
 5 SYSTEMPATH\CodeIgniter.php(455): CodeIgniter\CodeIgniter->tryToRouteIt(null)
 6 SYSTEMPATH\CodeIgniter.php(354): CodeIgniter\CodeIgniter->handleRequest(null, Object(Config\Cache), false)
 7 SYSTEMPATH\Boot.php(334): CodeIgniter\CodeIgniter->run()
 8 SYSTEMPATH\Boot.php(67): CodeIgniter\Boot::runCodeIgniter(Object(CodeIgniter\CodeIgniter))
 9 FCPATH\index.php(56): CodeIgniter\Boot::bootWeb(Object(Config\Paths))
DEBUG - 2025-04-17 11:07:40 --> Session: Class initialized using 'CodeIgniter\Session\Handlers\FileHandler' driver.
WARNING - 2025-04-17 11:07:40 --> [DEPRECATED] Passing lowercase HTTP method "get" is deprecated. Use uppercase HTTP method like "GET". in SYSTEMPATH\Router\RouteCollection.php on line 1026.
 1 SYSTEMPATH\Router\RouteCollection.php(1026): trigger_error('Passing lowercase HTTP method "get" is deprecated. Use uppercase HTTP method like "GET".', 16384)
 2 APPPATH\Config\Routes.php(88): CodeIgniter\Router\RouteCollection->match([...], 'user/edit', 'User\\UserController::editProfile')
 3 SYSTEMPATH\Router\RouteCollection.php(339): require('C:\\wamp64\\www\\ci-learn_affix\\app\\Config\\Routes.php')
 4 SYSTEMPATH\CodeIgniter.php(821): CodeIgniter\Router\RouteCollection->loadRoutes()
 5 SYSTEMPATH\CodeIgniter.php(455): CodeIgniter\CodeIgniter->tryToRouteIt(null)
 6 SYSTEMPATH\CodeIgniter.php(354): CodeIgniter\CodeIgniter->handleRequest(null, Object(Config\Cache), false)
 7 SYSTEMPATH\Boot.php(334): CodeIgniter\CodeIgniter->run()
 8 SYSTEMPATH\Boot.php(67): CodeIgniter\Boot::runCodeIgniter(Object(CodeIgniter\CodeIgniter))
 9 FCPATH\index.php(56): CodeIgniter\Boot::bootWeb(Object(Config\Paths))
WARNING - 2025-04-17 11:07:40 --> [DEPRECATED] Passing lowercase HTTP method "post" is deprecated. Use uppercase HTTP method like "POST". in SYSTEMPATH\Router\RouteCollection.php on line 1026.
 1 SYSTEMPATH\Router\RouteCollection.php(1026): trigger_error('Passing lowercase HTTP method "post" is deprecated. Use uppercase HTTP method like "POST".', 16384)
 2 APPPATH\Config\Routes.php(88): CodeIgniter\Router\RouteCollection->match([...], 'user/edit', 'User\\UserController::editProfile')
 3 SYSTEMPATH\Router\RouteCollection.php(339): require('C:\\wamp64\\www\\ci-learn_affix\\app\\Config\\Routes.php')
 4 SYSTEMPATH\CodeIgniter.php(821): CodeIgniter\Router\RouteCollection->loadRoutes()
 5 SYSTEMPATH\CodeIgniter.php(455): CodeIgniter\CodeIgniter->tryToRouteIt(null)
 6 SYSTEMPATH\CodeIgniter.php(354): CodeIgniter\CodeIgniter->handleRequest(null, Object(Config\Cache), false)
 7 SYSTEMPATH\Boot.php(334): CodeIgniter\CodeIgniter->run()
 8 SYSTEMPATH\Boot.php(67): CodeIgniter\Boot::runCodeIgniter(Object(CodeIgniter\CodeIgniter))
 9 FCPATH\index.php(56): CodeIgniter\Boot::bootWeb(Object(Config\Paths))
DEBUG - 2025-04-17 11:07:40 --> Session: Class initialized using 'CodeIgniter\Session\Handlers\FileHandler' driver.
DEBUG - 2025-04-17 11:07:41 --> Session: Class initialized using 'CodeIgniter\Session\Handlers\FileHandler' driver.
WARNING - 2025-04-17 11:07:41 --> [DEPRECATED] Passing lowercase HTTP method "get" is deprecated. Use uppercase HTTP method like "GET". in SYSTEMPATH\Router\RouteCollection.php on line 1026.
 1 SYSTEMPATH\Router\RouteCollection.php(1026): trigger_error('Passing lowercase HTTP method "get" is deprecated. Use uppercase HTTP method like "GET".', 16384)
 2 APPPATH\Config\Routes.php(88): CodeIgniter\Router\RouteCollection->match([...], 'user/edit', 'User\\UserController::editProfile')
 3 SYSTEMPATH\Router\RouteCollection.php(339): require('C:\\wamp64\\www\\ci-learn_affix\\app\\Config\\Routes.php')
 4 SYSTEMPATH\CodeIgniter.php(821): CodeIgniter\Router\RouteCollection->loadRoutes()
 5 SYSTEMPATH\CodeIgniter.php(455): CodeIgniter\CodeIgniter->tryToRouteIt(null)
 6 SYSTEMPATH\CodeIgniter.php(354): CodeIgniter\CodeIgniter->handleRequest(null, Object(Config\Cache), false)
 7 SYSTEMPATH\Boot.php(334): CodeIgniter\CodeIgniter->run()
 8 SYSTEMPATH\Boot.php(67): CodeIgniter\Boot::runCodeIgniter(Object(CodeIgniter\CodeIgniter))
 9 FCPATH\index.php(56): CodeIgniter\Boot::bootWeb(Object(Config\Paths))
WARNING - 2025-04-17 11:07:41 --> [DEPRECATED] Passing lowercase HTTP method "post" is deprecated. Use uppercase HTTP method like "POST". in SYSTEMPATH\Router\RouteCollection.php on line 1026.
 1 SYSTEMPATH\Router\RouteCollection.php(1026): trigger_error('Passing lowercase HTTP method "post" is deprecated. Use uppercase HTTP method like "POST".', 16384)
 2 APPPATH\Config\Routes.php(88): CodeIgniter\Router\RouteCollection->match([...], 'user/edit', 'User\\UserController::editProfile')
 3 SYSTEMPATH\Router\RouteCollection.php(339): require('C:\\wamp64\\www\\ci-learn_affix\\app\\Config\\Routes.php')
 4 SYSTEMPATH\CodeIgniter.php(821): CodeIgniter\Router\RouteCollection->loadRoutes()
 5 SYSTEMPATH\CodeIgniter.php(455): CodeIgniter\CodeIgniter->tryToRouteIt(null)
 6 SYSTEMPATH\CodeIgniter.php(354): CodeIgniter\CodeIgniter->handleRequest(null, Object(Config\Cache), false)
 7 SYSTEMPATH\Boot.php(334): CodeIgniter\CodeIgniter->run()
 8 SYSTEMPATH\Boot.php(67): CodeIgniter\Boot::runCodeIgniter(Object(CodeIgniter\CodeIgniter))
 9 FCPATH\index.php(56): CodeIgniter\Boot::bootWeb(Object(Config\Paths))
DEBUG - 2025-04-17 11:07:41 --> Session: Class initialized using 'CodeIgniter\Session\Handlers\FileHandler' driver.
WARNING - 2025-04-17 11:07:41 --> [DEPRECATED] Passing lowercase HTTP method "get" is deprecated. Use uppercase HTTP method like "GET". in SYSTEMPATH\Router\RouteCollection.php on line 1026.
 1 SYSTEMPATH\Router\RouteCollection.php(1026): trigger_error('Passing lowercase HTTP method "get" is deprecated. Use uppercase HTTP method like "GET".', 16384)
 2 APPPATH\Config\Routes.php(88): CodeIgniter\Router\RouteCollection->match([...], 'user/edit', 'User\\UserController::editProfile')
 3 SYSTEMPATH\Router\RouteCollection.php(339): require('C:\\wamp64\\www\\ci-learn_affix\\app\\Config\\Routes.php')
 4 SYSTEMPATH\CodeIgniter.php(821): CodeIgniter\Router\RouteCollection->loadRoutes()
 5 SYSTEMPATH\CodeIgniter.php(455): CodeIgniter\CodeIgniter->tryToRouteIt(null)
 6 SYSTEMPATH\CodeIgniter.php(354): CodeIgniter\CodeIgniter->handleRequest(null, Object(Config\Cache), false)
 7 SYSTEMPATH\Boot.php(334): CodeIgniter\CodeIgniter->run()
 8 SYSTEMPATH\Boot.php(67): CodeIgniter\Boot::runCodeIgniter(Object(CodeIgniter\CodeIgniter))
 9 FCPATH\index.php(56): CodeIgniter\Boot::bootWeb(Object(Config\Paths))
WARNING - 2025-04-17 11:07:41 --> [DEPRECATED] Passing lowercase HTTP method "post" is deprecated. Use uppercase HTTP method like "POST". in SYSTEMPATH\Router\RouteCollection.php on line 1026.
 1 SYSTEMPATH\Router\RouteCollection.php(1026): trigger_error('Passing lowercase HTTP method "post" is deprecated. Use uppercase HTTP method like "POST".', 16384)
 2 APPPATH\Config\Routes.php(88): CodeIgniter\Router\RouteCollection->match([...], 'user/edit', 'User\\UserController::editProfile')
 3 SYSTEMPATH\Router\RouteCollection.php(339): require('C:\\wamp64\\www\\ci-learn_affix\\app\\Config\\Routes.php')
 4 SYSTEMPATH\CodeIgniter.php(821): CodeIgniter\Router\RouteCollection->loadRoutes()
 5 SYSTEMPATH\CodeIgniter.php(455): CodeIgniter\CodeIgniter->tryToRouteIt(null)
 6 SYSTEMPATH\CodeIgniter.php(354): CodeIgniter\CodeIgniter->handleRequest(null, Object(Config\Cache), false)
 7 SYSTEMPATH\Boot.php(334): CodeIgniter\CodeIgniter->run()
 8 SYSTEMPATH\Boot.php(67): CodeIgniter\Boot::runCodeIgniter(Object(CodeIgniter\CodeIgniter))
 9 FCPATH\index.php(56): CodeIgniter\Boot::bootWeb(Object(Config\Paths))
DEBUG - 2025-04-17 11:07:41 --> Session: Class initialized using 'CodeIgniter\Session\Handlers\FileHandler' driver.
WARNING - 2025-04-17 11:07:41 --> [DEPRECATED] Passing lowercase HTTP method "get" is deprecated. Use uppercase HTTP method like "GET". in SYSTEMPATH\Router\RouteCollection.php on line 1026.
 1 SYSTEMPATH\Router\RouteCollection.php(1026): trigger_error('Passing lowercase HTTP method "get" is deprecated. Use uppercase HTTP method like "GET".', 16384)
 2 APPPATH\Config\Routes.php(88): CodeIgniter\Router\RouteCollection->match([...], 'user/edit', 'User\\UserController::editProfile')
 3 SYSTEMPATH\Router\RouteCollection.php(339): require('C:\\wamp64\\www\\ci-learn_affix\\app\\Config\\Routes.php')
 4 SYSTEMPATH\CodeIgniter.php(821): CodeIgniter\Router\RouteCollection->loadRoutes()
 5 SYSTEMPATH\CodeIgniter.php(455): CodeIgniter\CodeIgniter->tryToRouteIt(null)
 6 SYSTEMPATH\CodeIgniter.php(354): CodeIgniter\CodeIgniter->handleRequest(null, Object(Config\Cache), false)
 7 SYSTEMPATH\Boot.php(334): CodeIgniter\CodeIgniter->run()
 8 SYSTEMPATH\Boot.php(67): CodeIgniter\Boot::runCodeIgniter(Object(CodeIgniter\CodeIgniter))
 9 FCPATH\index.php(56): CodeIgniter\Boot::bootWeb(Object(Config\Paths))
WARNING - 2025-04-17 11:07:41 --> [DEPRECATED] Passing lowercase HTTP method "post" is deprecated. Use uppercase HTTP method like "POST". in SYSTEMPATH\Router\RouteCollection.php on line 1026.
 1 SYSTEMPATH\Router\RouteCollection.php(1026): trigger_error('Passing lowercase HTTP method "post" is deprecated. Use uppercase HTTP method like "POST".', 16384)
 2 APPPATH\Config\Routes.php(88): CodeIgniter\Router\RouteCollection->match([...], 'user/edit', 'User\\UserController::editProfile')
 3 SYSTEMPATH\Router\RouteCollection.php(339): require('C:\\wamp64\\www\\ci-learn_affix\\app\\Config\\Routes.php')
 4 SYSTEMPATH\CodeIgniter.php(821): CodeIgniter\Router\RouteCollection->loadRoutes()
 5 SYSTEMPATH\CodeIgniter.php(455): CodeIgniter\CodeIgniter->tryToRouteIt(null)
 6 SYSTEMPATH\CodeIgniter.php(354): CodeIgniter\CodeIgniter->handleRequest(null, Object(Config\Cache), false)
 7 SYSTEMPATH\Boot.php(334): CodeIgniter\CodeIgniter->run()
 8 SYSTEMPATH\Boot.php(67): CodeIgniter\Boot::runCodeIgniter(Object(CodeIgniter\CodeIgniter))
 9 FCPATH\index.php(56): CodeIgniter\Boot::bootWeb(Object(Config\Paths))
DEBUG - 2025-04-17 11:07:56 --> Session: Class initialized using 'CodeIgniter\Session\Handlers\FileHandler' driver.
WARNING - 2025-04-17 11:07:56 --> [DEPRECATED] Passing lowercase HTTP method "get" is deprecated. Use uppercase HTTP method like "GET". in SYSTEMPATH\Router\RouteCollection.php on line 1026.
 1 SYSTEMPATH\Router\RouteCollection.php(1026): trigger_error('Passing lowercase HTTP method "get" is deprecated. Use uppercase HTTP method like "GET".', 16384)
 2 APPPATH\Config\Routes.php(88): CodeIgniter\Router\RouteCollection->match([...], 'user/edit', 'User\\UserController::editProfile')
 3 SYSTEMPATH\Router\RouteCollection.php(339): require('C:\\wamp64\\www\\ci-learn_affix\\app\\Config\\Routes.php')
 4 SYSTEMPATH\CodeIgniter.php(821): CodeIgniter\Router\RouteCollection->loadRoutes()
 5 SYSTEMPATH\CodeIgniter.php(455): CodeIgniter\CodeIgniter->tryToRouteIt(null)
 6 SYSTEMPATH\CodeIgniter.php(354): CodeIgniter\CodeIgniter->handleRequest(null, Object(Config\Cache), false)
 7 SYSTEMPATH\Boot.php(334): CodeIgniter\CodeIgniter->run()
 8 SYSTEMPATH\Boot.php(67): CodeIgniter\Boot::runCodeIgniter(Object(CodeIgniter\CodeIgniter))
 9 FCPATH\index.php(56): CodeIgniter\Boot::bootWeb(Object(Config\Paths))
WARNING - 2025-04-17 11:07:56 --> [DEPRECATED] Passing lowercase HTTP method "post" is deprecated. Use uppercase HTTP method like "POST". in SYSTEMPATH\Router\RouteCollection.php on line 1026.
 1 SYSTEMPATH\Router\RouteCollection.php(1026): trigger_error('Passing lowercase HTTP method "post" is deprecated. Use uppercase HTTP method like "POST".', 16384)
 2 APPPATH\Config\Routes.php(88): CodeIgniter\Router\RouteCollection->match([...], 'user/edit', 'User\\UserController::editProfile')
 3 SYSTEMPATH\Router\RouteCollection.php(339): require('C:\\wamp64\\www\\ci-learn_affix\\app\\Config\\Routes.php')
 4 SYSTEMPATH\CodeIgniter.php(821): CodeIgniter\Router\RouteCollection->loadRoutes()
 5 SYSTEMPATH\CodeIgniter.php(455): CodeIgniter\CodeIgniter->tryToRouteIt(null)
 6 SYSTEMPATH\CodeIgniter.php(354): CodeIgniter\CodeIgniter->handleRequest(null, Object(Config\Cache), false)
 7 SYSTEMPATH\Boot.php(334): CodeIgniter\CodeIgniter->run()
 8 SYSTEMPATH\Boot.php(67): CodeIgniter\Boot::runCodeIgniter(Object(CodeIgniter\CodeIgniter))
 9 FCPATH\index.php(56): CodeIgniter\Boot::bootWeb(Object(Config\Paths))
DEBUG - 2025-04-17 11:07:57 --> Session: Class initialized using 'CodeIgniter\Session\Handlers\FileHandler' driver.
WARNING - 2025-04-17 11:07:57 --> [DEPRECATED] Passing lowercase HTTP method "get" is deprecated. Use uppercase HTTP method like "GET". in SYSTEMPATH\Router\RouteCollection.php on line 1026.
 1 SYSTEMPATH\Router\RouteCollection.php(1026): trigger_error('Passing lowercase HTTP method "get" is deprecated. Use uppercase HTTP method like "GET".', 16384)
 2 APPPATH\Config\Routes.php(88): CodeIgniter\Router\RouteCollection->match([...], 'user/edit', 'User\\UserController::editProfile')
 3 SYSTEMPATH\Router\RouteCollection.php(339): require('C:\\wamp64\\www\\ci-learn_affix\\app\\Config\\Routes.php')
 4 SYSTEMPATH\CodeIgniter.php(821): CodeIgniter\Router\RouteCollection->loadRoutes()
 5 SYSTEMPATH\CodeIgniter.php(455): CodeIgniter\CodeIgniter->tryToRouteIt(null)
 6 SYSTEMPATH\CodeIgniter.php(354): CodeIgniter\CodeIgniter->handleRequest(null, Object(Config\Cache), false)
 7 SYSTEMPATH\Boot.php(334): CodeIgniter\CodeIgniter->run()
 8 SYSTEMPATH\Boot.php(67): CodeIgniter\Boot::runCodeIgniter(Object(CodeIgniter\CodeIgniter))
 9 FCPATH\index.php(56): CodeIgniter\Boot::bootWeb(Object(Config\Paths))
WARNING - 2025-04-17 11:07:57 --> [DEPRECATED] Passing lowercase HTTP method "post" is deprecated. Use uppercase HTTP method like "POST". in SYSTEMPATH\Router\RouteCollection.php on line 1026.
 1 SYSTEMPATH\Router\RouteCollection.php(1026): trigger_error('Passing lowercase HTTP method "post" is deprecated. Use uppercase HTTP method like "POST".', 16384)
 2 APPPATH\Config\Routes.php(88): CodeIgniter\Router\RouteCollection->match([...], 'user/edit', 'User\\UserController::editProfile')
 3 SYSTEMPATH\Router\RouteCollection.php(339): require('C:\\wamp64\\www\\ci-learn_affix\\app\\Config\\Routes.php')
 4 SYSTEMPATH\CodeIgniter.php(821): CodeIgniter\Router\RouteCollection->loadRoutes()
 5 SYSTEMPATH\CodeIgniter.php(455): CodeIgniter\CodeIgniter->tryToRouteIt(null)
 6 SYSTEMPATH\CodeIgniter.php(354): CodeIgniter\CodeIgniter->handleRequest(null, Object(Config\Cache), false)
 7 SYSTEMPATH\Boot.php(334): CodeIgniter\CodeIgniter->run()
 8 SYSTEMPATH\Boot.php(67): CodeIgniter\Boot::runCodeIgniter(Object(CodeIgniter\CodeIgniter))
 9 FCPATH\index.php(56): CodeIgniter\Boot::bootWeb(Object(Config\Paths))
DEBUG - 2025-04-17 11:07:57 --> Session: Class initialized using 'CodeIgniter\Session\Handlers\FileHandler' driver.
WARNING - 2025-04-17 11:07:57 --> [DEPRECATED] Passing lowercase HTTP method "get" is deprecated. Use uppercase HTTP method like "GET". in SYSTEMPATH\Router\RouteCollection.php on line 1026.
 1 SYSTEMPATH\Router\RouteCollection.php(1026): trigger_error('Passing lowercase HTTP method "get" is deprecated. Use uppercase HTTP method like "GET".', 16384)
 2 APPPATH\Config\Routes.php(88): CodeIgniter\Router\RouteCollection->match([...], 'user/edit', 'User\\UserController::editProfile')
 3 SYSTEMPATH\Router\RouteCollection.php(339): require('C:\\wamp64\\www\\ci-learn_affix\\app\\Config\\Routes.php')
 4 SYSTEMPATH\CodeIgniter.php(821): CodeIgniter\Router\RouteCollection->loadRoutes()
 5 SYSTEMPATH\CodeIgniter.php(455): CodeIgniter\CodeIgniter->tryToRouteIt(null)
 6 SYSTEMPATH\CodeIgniter.php(354): CodeIgniter\CodeIgniter->handleRequest(null, Object(Config\Cache), false)
 7 SYSTEMPATH\Boot.php(334): CodeIgniter\CodeIgniter->run()
 8 SYSTEMPATH\Boot.php(67): CodeIgniter\Boot::runCodeIgniter(Object(CodeIgniter\CodeIgniter))
 9 FCPATH\index.php(56): CodeIgniter\Boot::bootWeb(Object(Config\Paths))
WARNING - 2025-04-17 11:07:57 --> [DEPRECATED] Passing lowercase HTTP method "post" is deprecated. Use uppercase HTTP method like "POST". in SYSTEMPATH\Router\RouteCollection.php on line 1026.
 1 SYSTEMPATH\Router\RouteCollection.php(1026): trigger_error('Passing lowercase HTTP method "post" is deprecated. Use uppercase HTTP method like "POST".', 16384)
 2 APPPATH\Config\Routes.php(88): CodeIgniter\Router\RouteCollection->match([...], 'user/edit', 'User\\UserController::editProfile')
 3 SYSTEMPATH\Router\RouteCollection.php(339): require('C:\\wamp64\\www\\ci-learn_affix\\app\\Config\\Routes.php')
 4 SYSTEMPATH\CodeIgniter.php(821): CodeIgniter\Router\RouteCollection->loadRoutes()
 5 SYSTEMPATH\CodeIgniter.php(455): CodeIgniter\CodeIgniter->tryToRouteIt(null)
 6 SYSTEMPATH\CodeIgniter.php(354): CodeIgniter\CodeIgniter->handleRequest(null, Object(Config\Cache), false)
 7 SYSTEMPATH\Boot.php(334): CodeIgniter\CodeIgniter->run()
 8 SYSTEMPATH\Boot.php(67): CodeIgniter\Boot::runCodeIgniter(Object(CodeIgniter\CodeIgniter))
 9 FCPATH\index.php(56): CodeIgniter\Boot::bootWeb(Object(Config\Paths))
DEBUG - 2025-04-17 11:07:57 --> Session: Class initialized using 'CodeIgniter\Session\Handlers\FileHandler' driver.
DEBUG - 2025-04-17 11:07:57 --> Session: Class initialized using 'CodeIgniter\Session\Handlers\FileHandler' driver.
WARNING - 2025-04-17 11:07:57 --> [DEPRECATED] Passing lowercase HTTP method "get" is deprecated. Use uppercase HTTP method like "GET". in SYSTEMPATH\Router\RouteCollection.php on line 1026.
 1 SYSTEMPATH\Router\RouteCollection.php(1026): trigger_error('Passing lowercase HTTP method "get" is deprecated. Use uppercase HTTP method like "GET".', 16384)
 2 APPPATH\Config\Routes.php(88): CodeIgniter\Router\RouteCollection->match([...], 'user/edit', 'User\\UserController::editProfile')
 3 SYSTEMPATH\Router\RouteCollection.php(339): require('C:\\wamp64\\www\\ci-learn_affix\\app\\Config\\Routes.php')
 4 SYSTEMPATH\CodeIgniter.php(821): CodeIgniter\Router\RouteCollection->loadRoutes()
 5 SYSTEMPATH\CodeIgniter.php(455): CodeIgniter\CodeIgniter->tryToRouteIt(null)
 6 SYSTEMPATH\CodeIgniter.php(354): CodeIgniter\CodeIgniter->handleRequest(null, Object(Config\Cache), false)
 7 SYSTEMPATH\Boot.php(334): CodeIgniter\CodeIgniter->run()
 8 SYSTEMPATH\Boot.php(67): CodeIgniter\Boot::runCodeIgniter(Object(CodeIgniter\CodeIgniter))
 9 FCPATH\index.php(56): CodeIgniter\Boot::bootWeb(Object(Config\Paths))
WARNING - 2025-04-17 11:07:57 --> [DEPRECATED] Passing lowercase HTTP method "post" is deprecated. Use uppercase HTTP method like "POST". in SYSTEMPATH\Router\RouteCollection.php on line 1026.
 1 SYSTEMPATH\Router\RouteCollection.php(1026): trigger_error('Passing lowercase HTTP method "post" is deprecated. Use uppercase HTTP method like "POST".', 16384)
 2 APPPATH\Config\Routes.php(88): CodeIgniter\Router\RouteCollection->match([...], 'user/edit', 'User\\UserController::editProfile')
 3 SYSTEMPATH\Router\RouteCollection.php(339): require('C:\\wamp64\\www\\ci-learn_affix\\app\\Config\\Routes.php')
 4 SYSTEMPATH\CodeIgniter.php(821): CodeIgniter\Router\RouteCollection->loadRoutes()
 5 SYSTEMPATH\CodeIgniter.php(455): CodeIgniter\CodeIgniter->tryToRouteIt(null)
 6 SYSTEMPATH\CodeIgniter.php(354): CodeIgniter\CodeIgniter->handleRequest(null, Object(Config\Cache), false)
 7 SYSTEMPATH\Boot.php(334): CodeIgniter\CodeIgniter->run()
 8 SYSTEMPATH\Boot.php(67): CodeIgniter\Boot::runCodeIgniter(Object(CodeIgniter\CodeIgniter))
 9 FCPATH\index.php(56): CodeIgniter\Boot::bootWeb(Object(Config\Paths))
DEBUG - 2025-04-17 11:07:57 --> Session: Class initialized using 'CodeIgniter\Session\Handlers\FileHandler' driver.
WARNING - 2025-04-17 11:07:57 --> [DEPRECATED] Passing lowercase HTTP method "get" is deprecated. Use uppercase HTTP method like "GET". in SYSTEMPATH\Router\RouteCollection.php on line 1026.
 1 SYSTEMPATH\Router\RouteCollection.php(1026): trigger_error('Passing lowercase HTTP method "get" is deprecated. Use uppercase HTTP method like "GET".', 16384)
 2 APPPATH\Config\Routes.php(88): CodeIgniter\Router\RouteCollection->match([...], 'user/edit', 'User\\UserController::editProfile')
 3 SYSTEMPATH\Router\RouteCollection.php(339): require('C:\\wamp64\\www\\ci-learn_affix\\app\\Config\\Routes.php')
 4 SYSTEMPATH\CodeIgniter.php(821): CodeIgniter\Router\RouteCollection->loadRoutes()
 5 SYSTEMPATH\CodeIgniter.php(455): CodeIgniter\CodeIgniter->tryToRouteIt(null)
 6 SYSTEMPATH\CodeIgniter.php(354): CodeIgniter\CodeIgniter->handleRequest(null, Object(Config\Cache), false)
 7 SYSTEMPATH\Boot.php(334): CodeIgniter\CodeIgniter->run()
 8 SYSTEMPATH\Boot.php(67): CodeIgniter\Boot::runCodeIgniter(Object(CodeIgniter\CodeIgniter))
 9 FCPATH\index.php(56): CodeIgniter\Boot::bootWeb(Object(Config\Paths))
WARNING - 2025-04-17 11:07:57 --> [DEPRECATED] Passing lowercase HTTP method "post" is deprecated. Use uppercase HTTP method like "POST". in SYSTEMPATH\Router\RouteCollection.php on line 1026.
 1 SYSTEMPATH\Router\RouteCollection.php(1026): trigger_error('Passing lowercase HTTP method "post" is deprecated. Use uppercase HTTP method like "POST".', 16384)
 2 APPPATH\Config\Routes.php(88): CodeIgniter\Router\RouteCollection->match([...], 'user/edit', 'User\\UserController::editProfile')
 3 SYSTEMPATH\Router\RouteCollection.php(339): require('C:\\wamp64\\www\\ci-learn_affix\\app\\Config\\Routes.php')
 4 SYSTEMPATH\CodeIgniter.php(821): CodeIgniter\Router\RouteCollection->loadRoutes()
 5 SYSTEMPATH\CodeIgniter.php(455): CodeIgniter\CodeIgniter->tryToRouteIt(null)
 6 SYSTEMPATH\CodeIgniter.php(354): CodeIgniter\CodeIgniter->handleRequest(null, Object(Config\Cache), false)
 7 SYSTEMPATH\Boot.php(334): CodeIgniter\CodeIgniter->run()
 8 SYSTEMPATH\Boot.php(67): CodeIgniter\Boot::runCodeIgniter(Object(CodeIgniter\CodeIgniter))
 9 FCPATH\index.php(56): CodeIgniter\Boot::bootWeb(Object(Config\Paths))
DEBUG - 2025-04-17 11:07:57 --> Session: Class initialized using 'CodeIgniter\Session\Handlers\FileHandler' driver.
WARNING - 2025-04-17 11:07:57 --> [DEPRECATED] Passing lowercase HTTP method "get" is deprecated. Use uppercase HTTP method like "GET". in SYSTEMPATH\Router\RouteCollection.php on line 1026.
 1 SYSTEMPATH\Router\RouteCollection.php(1026): trigger_error('Passing lowercase HTTP method "get" is deprecated. Use uppercase HTTP method like "GET".', 16384)
 2 APPPATH\Config\Routes.php(88): CodeIgniter\Router\RouteCollection->match([...], 'user/edit', 'User\\UserController::editProfile')
 3 SYSTEMPATH\Router\RouteCollection.php(339): require('C:\\wamp64\\www\\ci-learn_affix\\app\\Config\\Routes.php')
 4 SYSTEMPATH\CodeIgniter.php(821): CodeIgniter\Router\RouteCollection->loadRoutes()
 5 SYSTEMPATH\CodeIgniter.php(455): CodeIgniter\CodeIgniter->tryToRouteIt(null)
 6 SYSTEMPATH\CodeIgniter.php(354): CodeIgniter\CodeIgniter->handleRequest(null, Object(Config\Cache), false)
 7 SYSTEMPATH\Boot.php(334): CodeIgniter\CodeIgniter->run()
 8 SYSTEMPATH\Boot.php(67): CodeIgniter\Boot::runCodeIgniter(Object(CodeIgniter\CodeIgniter))
 9 FCPATH\index.php(56): CodeIgniter\Boot::bootWeb(Object(Config\Paths))
WARNING - 2025-04-17 11:07:57 --> [DEPRECATED] Passing lowercase HTTP method "post" is deprecated. Use uppercase HTTP method like "POST". in SYSTEMPATH\Router\RouteCollection.php on line 1026.
 1 SYSTEMPATH\Router\RouteCollection.php(1026): trigger_error('Passing lowercase HTTP method "post" is deprecated. Use uppercase HTTP method like "POST".', 16384)
 2 APPPATH\Config\Routes.php(88): CodeIgniter\Router\RouteCollection->match([...], 'user/edit', 'User\\UserController::editProfile')
 3 SYSTEMPATH\Router\RouteCollection.php(339): require('C:\\wamp64\\www\\ci-learn_affix\\app\\Config\\Routes.php')
 4 SYSTEMPATH\CodeIgniter.php(821): CodeIgniter\Router\RouteCollection->loadRoutes()
 5 SYSTEMPATH\CodeIgniter.php(455): CodeIgniter\CodeIgniter->tryToRouteIt(null)
 6 SYSTEMPATH\CodeIgniter.php(354): CodeIgniter\CodeIgniter->handleRequest(null, Object(Config\Cache), false)
 7 SYSTEMPATH\Boot.php(334): CodeIgniter\CodeIgniter->run()
 8 SYSTEMPATH\Boot.php(67): CodeIgniter\Boot::runCodeIgniter(Object(CodeIgniter\CodeIgniter))
 9 FCPATH\index.php(56): CodeIgniter\Boot::bootWeb(Object(Config\Paths))
DEBUG - 2025-04-17 11:08:14 --> Session: Class initialized using 'CodeIgniter\Session\Handlers\FileHandler' driver.
INFO - 2025-04-17 11:08:14 --> CSRF token verified.
WARNING - 2025-04-17 11:08:14 --> [DEPRECATED] Passing lowercase HTTP method "get" is deprecated. Use uppercase HTTP method like "GET". in SYSTEMPATH\Router\RouteCollection.php on line 1026.
 1 SYSTEMPATH\Router\RouteCollection.php(1026): trigger_error('Passing lowercase HTTP method "get" is deprecated. Use uppercase HTTP method like "GET".', 16384)
 2 APPPATH\Config\Routes.php(88): CodeIgniter\Router\RouteCollection->match([...], 'user/edit', 'User\\UserController::editProfile')
 3 SYSTEMPATH\Router\RouteCollection.php(339): require('C:\\wamp64\\www\\ci-learn_affix\\app\\Config\\Routes.php')
 4 SYSTEMPATH\CodeIgniter.php(821): CodeIgniter\Router\RouteCollection->loadRoutes()
 5 SYSTEMPATH\CodeIgniter.php(455): CodeIgniter\CodeIgniter->tryToRouteIt(null)
 6 SYSTEMPATH\CodeIgniter.php(354): CodeIgniter\CodeIgniter->handleRequest(null, Object(Config\Cache), false)
 7 SYSTEMPATH\Boot.php(334): CodeIgniter\CodeIgniter->run()
 8 SYSTEMPATH\Boot.php(67): CodeIgniter\Boot::runCodeIgniter(Object(CodeIgniter\CodeIgniter))
 9 FCPATH\index.php(56): CodeIgniter\Boot::bootWeb(Object(Config\Paths))
WARNING - 2025-04-17 11:08:14 --> [DEPRECATED] Passing lowercase HTTP method "post" is deprecated. Use uppercase HTTP method like "POST". in SYSTEMPATH\Router\RouteCollection.php on line 1026.
 1 SYSTEMPATH\Router\RouteCollection.php(1026): trigger_error('Passing lowercase HTTP method "post" is deprecated. Use uppercase HTTP method like "POST".', 16384)
 2 APPPATH\Config\Routes.php(88): CodeIgniter\Router\RouteCollection->match([...], 'user/edit', 'User\\UserController::editProfile')
 3 SYSTEMPATH\Router\RouteCollection.php(339): require('C:\\wamp64\\www\\ci-learn_affix\\app\\Config\\Routes.php')
 4 SYSTEMPATH\CodeIgniter.php(821): CodeIgniter\Router\RouteCollection->loadRoutes()
 5 SYSTEMPATH\CodeIgniter.php(455): CodeIgniter\CodeIgniter->tryToRouteIt(null)
 6 SYSTEMPATH\CodeIgniter.php(354): CodeIgniter\CodeIgniter->handleRequest(null, Object(Config\Cache), false)
 7 SYSTEMPATH\Boot.php(334): CodeIgniter\CodeIgniter->run()
 8 SYSTEMPATH\Boot.php(67): CodeIgniter\Boot::runCodeIgniter(Object(CodeIgniter\CodeIgniter))
 9 FCPATH\index.php(56): CodeIgniter\Boot::bootWeb(Object(Config\Paths))
DEBUG - 2025-04-17 11:08:18 --> Session: Class initialized using 'CodeIgniter\Session\Handlers\FileHandler' driver.
WARNING - 2025-04-17 11:08:18 --> [DEPRECATED] Passing lowercase HTTP method "get" is deprecated. Use uppercase HTTP method like "GET". in SYSTEMPATH\Router\RouteCollection.php on line 1026.
 1 SYSTEMPATH\Router\RouteCollection.php(1026): trigger_error('Passing lowercase HTTP method "get" is deprecated. Use uppercase HTTP method like "GET".', 16384)
 2 APPPATH\Config\Routes.php(88): CodeIgniter\Router\RouteCollection->match([...], 'user/edit', 'User\\UserController::editProfile')
 3 SYSTEMPATH\Router\RouteCollection.php(339): require('C:\\wamp64\\www\\ci-learn_affix\\app\\Config\\Routes.php')
 4 SYSTEMPATH\CodeIgniter.php(821): CodeIgniter\Router\RouteCollection->loadRoutes()
 5 SYSTEMPATH\CodeIgniter.php(455): CodeIgniter\CodeIgniter->tryToRouteIt(null)
 6 SYSTEMPATH\CodeIgniter.php(354): CodeIgniter\CodeIgniter->handleRequest(null, Object(Config\Cache), false)
 7 SYSTEMPATH\Boot.php(334): CodeIgniter\CodeIgniter->run()
 8 SYSTEMPATH\Boot.php(67): CodeIgniter\Boot::runCodeIgniter(Object(CodeIgniter\CodeIgniter))
 9 FCPATH\index.php(56): CodeIgniter\Boot::bootWeb(Object(Config\Paths))
WARNING - 2025-04-17 11:08:18 --> [DEPRECATED] Passing lowercase HTTP method "post" is deprecated. Use uppercase HTTP method like "POST". in SYSTEMPATH\Router\RouteCollection.php on line 1026.
 1 SYSTEMPATH\Router\RouteCollection.php(1026): trigger_error('Passing lowercase HTTP method "post" is deprecated. Use uppercase HTTP method like "POST".', 16384)
 2 APPPATH\Config\Routes.php(88): CodeIgniter\Router\RouteCollection->match([...], 'user/edit', 'User\\UserController::editProfile')
 3 SYSTEMPATH\Router\RouteCollection.php(339): require('C:\\wamp64\\www\\ci-learn_affix\\app\\Config\\Routes.php')
 4 SYSTEMPATH\CodeIgniter.php(821): CodeIgniter\Router\RouteCollection->loadRoutes()
 5 SYSTEMPATH\CodeIgniter.php(455): CodeIgniter\CodeIgniter->tryToRouteIt(null)
 6 SYSTEMPATH\CodeIgniter.php(354): CodeIgniter\CodeIgniter->handleRequest(null, Object(Config\Cache), false)
 7 SYSTEMPATH\Boot.php(334): CodeIgniter\CodeIgniter->run()
 8 SYSTEMPATH\Boot.php(67): CodeIgniter\Boot::runCodeIgniter(Object(CodeIgniter\CodeIgniter))
 9 FCPATH\index.php(56): CodeIgniter\Boot::bootWeb(Object(Config\Paths))
DEBUG - 2025-04-17 11:08:19 --> Session: Class initialized using 'CodeIgniter\Session\Handlers\FileHandler' driver.
WARNING - 2025-04-17 11:08:19 --> [DEPRECATED] Passing lowercase HTTP method "get" is deprecated. Use uppercase HTTP method like "GET". in SYSTEMPATH\Router\RouteCollection.php on line 1026.
 1 SYSTEMPATH\Router\RouteCollection.php(1026): trigger_error('Passing lowercase HTTP method "get" is deprecated. Use uppercase HTTP method like "GET".', 16384)
 2 APPPATH\Config\Routes.php(88): CodeIgniter\Router\RouteCollection->match([...], 'user/edit', 'User\\UserController::editProfile')
 3 SYSTEMPATH\Router\RouteCollection.php(339): require('C:\\wamp64\\www\\ci-learn_affix\\app\\Config\\Routes.php')
 4 SYSTEMPATH\CodeIgniter.php(821): CodeIgniter\Router\RouteCollection->loadRoutes()
 5 SYSTEMPATH\CodeIgniter.php(455): CodeIgniter\CodeIgniter->tryToRouteIt(null)
 6 SYSTEMPATH\CodeIgniter.php(354): CodeIgniter\CodeIgniter->handleRequest(null, Object(Config\Cache), false)
 7 SYSTEMPATH\Boot.php(334): CodeIgniter\CodeIgniter->run()
 8 SYSTEMPATH\Boot.php(67): CodeIgniter\Boot::runCodeIgniter(Object(CodeIgniter\CodeIgniter))
 9 FCPATH\index.php(56): CodeIgniter\Boot::bootWeb(Object(Config\Paths))
WARNING - 2025-04-17 11:08:19 --> [DEPRECATED] Passing lowercase HTTP method "post" is deprecated. Use uppercase HTTP method like "POST". in SYSTEMPATH\Router\RouteCollection.php on line 1026.
 1 SYSTEMPATH\Router\RouteCollection.php(1026): trigger_error('Passing lowercase HTTP method "post" is deprecated. Use uppercase HTTP method like "POST".', 16384)
 2 APPPATH\Config\Routes.php(88): CodeIgniter\Router\RouteCollection->match([...], 'user/edit', 'User\\UserController::editProfile')
 3 SYSTEMPATH\Router\RouteCollection.php(339): require('C:\\wamp64\\www\\ci-learn_affix\\app\\Config\\Routes.php')
 4 SYSTEMPATH\CodeIgniter.php(821): CodeIgniter\Router\RouteCollection->loadRoutes()
 5 SYSTEMPATH\CodeIgniter.php(455): CodeIgniter\CodeIgniter->tryToRouteIt(null)
 6 SYSTEMPATH\CodeIgniter.php(354): CodeIgniter\CodeIgniter->handleRequest(null, Object(Config\Cache), false)
 7 SYSTEMPATH\Boot.php(334): CodeIgniter\CodeIgniter->run()
 8 SYSTEMPATH\Boot.php(67): CodeIgniter\Boot::runCodeIgniter(Object(CodeIgniter\CodeIgniter))
 9 FCPATH\index.php(56): CodeIgniter\Boot::bootWeb(Object(Config\Paths))
DEBUG - 2025-04-17 11:08:19 --> Session: Class initialized using 'CodeIgniter\Session\Handlers\FileHandler' driver.
WARNING - 2025-04-17 11:08:19 --> [DEPRECATED] Passing lowercase HTTP method "get" is deprecated. Use uppercase HTTP method like "GET". in SYSTEMPATH\Router\RouteCollection.php on line 1026.
 1 SYSTEMPATH\Router\RouteCollection.php(1026): trigger_error('Passing lowercase HTTP method "get" is deprecated. Use uppercase HTTP method like "GET".', 16384)
 2 APPPATH\Config\Routes.php(88): CodeIgniter\Router\RouteCollection->match([...], 'user/edit', 'User\\UserController::editProfile')
 3 SYSTEMPATH\Router\RouteCollection.php(339): require('C:\\wamp64\\www\\ci-learn_affix\\app\\Config\\Routes.php')
 4 SYSTEMPATH\CodeIgniter.php(821): CodeIgniter\Router\RouteCollection->loadRoutes()
 5 SYSTEMPATH\CodeIgniter.php(455): CodeIgniter\CodeIgniter->tryToRouteIt(null)
 6 SYSTEMPATH\CodeIgniter.php(354): CodeIgniter\CodeIgniter->handleRequest(null, Object(Config\Cache), false)
 7 SYSTEMPATH\Boot.php(334): CodeIgniter\CodeIgniter->run()
 8 SYSTEMPATH\Boot.php(67): CodeIgniter\Boot::runCodeIgniter(Object(CodeIgniter\CodeIgniter))
 9 FCPATH\index.php(56): CodeIgniter\Boot::bootWeb(Object(Config\Paths))
WARNING - 2025-04-17 11:08:19 --> [DEPRECATED] Passing lowercase HTTP method "post" is deprecated. Use uppercase HTTP method like "POST". in SYSTEMPATH\Router\RouteCollection.php on line 1026.
 1 SYSTEMPATH\Router\RouteCollection.php(1026): trigger_error('Passing lowercase HTTP method "post" is deprecated. Use uppercase HTTP method like "POST".', 16384)
 2 APPPATH\Config\Routes.php(88): CodeIgniter\Router\RouteCollection->match([...], 'user/edit', 'User\\UserController::editProfile')
 3 SYSTEMPATH\Router\RouteCollection.php(339): require('C:\\wamp64\\www\\ci-learn_affix\\app\\Config\\Routes.php')
 4 SYSTEMPATH\CodeIgniter.php(821): CodeIgniter\Router\RouteCollection->loadRoutes()
 5 SYSTEMPATH\CodeIgniter.php(455): CodeIgniter\CodeIgniter->tryToRouteIt(null)
 6 SYSTEMPATH\CodeIgniter.php(354): CodeIgniter\CodeIgniter->handleRequest(null, Object(Config\Cache), false)
 7 SYSTEMPATH\Boot.php(334): CodeIgniter\CodeIgniter->run()
 8 SYSTEMPATH\Boot.php(67): CodeIgniter\Boot::runCodeIgniter(Object(CodeIgniter\CodeIgniter))
 9 FCPATH\index.php(56): CodeIgniter\Boot::bootWeb(Object(Config\Paths))
DEBUG - 2025-04-17 11:08:19 --> Session: Class initialized using 'CodeIgniter\Session\Handlers\FileHandler' driver.
WARNING - 2025-04-17 11:08:19 --> [DEPRECATED] Passing lowercase HTTP method "get" is deprecated. Use uppercase HTTP method like "GET". in SYSTEMPATH\Router\RouteCollection.php on line 1026.
 1 SYSTEMPATH\Router\RouteCollection.php(1026): trigger_error('Passing lowercase HTTP method "get" is deprecated. Use uppercase HTTP method like "GET".', 16384)
 2 APPPATH\Config\Routes.php(88): CodeIgniter\Router\RouteCollection->match([...], 'user/edit', 'User\\UserController::editProfile')
 3 SYSTEMPATH\Router\RouteCollection.php(339): require('C:\\wamp64\\www\\ci-learn_affix\\app\\Config\\Routes.php')
 4 SYSTEMPATH\CodeIgniter.php(821): CodeIgniter\Router\RouteCollection->loadRoutes()
 5 SYSTEMPATH\CodeIgniter.php(455): CodeIgniter\CodeIgniter->tryToRouteIt(null)
 6 SYSTEMPATH\CodeIgniter.php(354): CodeIgniter\CodeIgniter->handleRequest(null, Object(Config\Cache), false)
 7 SYSTEMPATH\Boot.php(334): CodeIgniter\CodeIgniter->run()
 8 SYSTEMPATH\Boot.php(67): CodeIgniter\Boot::runCodeIgniter(Object(CodeIgniter\CodeIgniter))
 9 FCPATH\index.php(56): CodeIgniter\Boot::bootWeb(Object(Config\Paths))
WARNING - 2025-04-17 11:08:19 --> [DEPRECATED] Passing lowercase HTTP method "post" is deprecated. Use uppercase HTTP method like "POST". in SYSTEMPATH\Router\RouteCollection.php on line 1026.
 1 SYSTEMPATH\Router\RouteCollection.php(1026): trigger_error('Passing lowercase HTTP method "post" is deprecated. Use uppercase HTTP method like "POST".', 16384)
 2 APPPATH\Config\Routes.php(88): CodeIgniter\Router\RouteCollection->match([...], 'user/edit', 'User\\UserController::editProfile')
 3 SYSTEMPATH\Router\RouteCollection.php(339): require('C:\\wamp64\\www\\ci-learn_affix\\app\\Config\\Routes.php')
 4 SYSTEMPATH\CodeIgniter.php(821): CodeIgniter\Router\RouteCollection->loadRoutes()
 5 SYSTEMPATH\CodeIgniter.php(455): CodeIgniter\CodeIgniter->tryToRouteIt(null)
 6 SYSTEMPATH\CodeIgniter.php(354): CodeIgniter\CodeIgniter->handleRequest(null, Object(Config\Cache), false)
 7 SYSTEMPATH\Boot.php(334): CodeIgniter\CodeIgniter->run()
 8 SYSTEMPATH\Boot.php(67): CodeIgniter\Boot::runCodeIgniter(Object(CodeIgniter\CodeIgniter))
 9 FCPATH\index.php(56): CodeIgniter\Boot::bootWeb(Object(Config\Paths))
DEBUG - 2025-04-17 11:08:19 --> Session: Class initialized using 'CodeIgniter\Session\Handlers\FileHandler' driver.
DEBUG - 2025-04-17 11:08:19 --> Session: Class initialized using 'CodeIgniter\Session\Handlers\FileHandler' driver.
WARNING - 2025-04-17 11:08:19 --> [DEPRECATED] Passing lowercase HTTP method "get" is deprecated. Use uppercase HTTP method like "GET". in SYSTEMPATH\Router\RouteCollection.php on line 1026.
 1 SYSTEMPATH\Router\RouteCollection.php(1026): trigger_error('Passing lowercase HTTP method "get" is deprecated. Use uppercase HTTP method like "GET".', 16384)
 2 APPPATH\Config\Routes.php(88): CodeIgniter\Router\RouteCollection->match([...], 'user/edit', 'User\\UserController::editProfile')
 3 SYSTEMPATH\Router\RouteCollection.php(339): require('C:\\wamp64\\www\\ci-learn_affix\\app\\Config\\Routes.php')
 4 SYSTEMPATH\CodeIgniter.php(821): CodeIgniter\Router\RouteCollection->loadRoutes()
 5 SYSTEMPATH\CodeIgniter.php(455): CodeIgniter\CodeIgniter->tryToRouteIt(null)
 6 SYSTEMPATH\CodeIgniter.php(354): CodeIgniter\CodeIgniter->handleRequest(null, Object(Config\Cache), false)
 7 SYSTEMPATH\Boot.php(334): CodeIgniter\CodeIgniter->run()
 8 SYSTEMPATH\Boot.php(67): CodeIgniter\Boot::runCodeIgniter(Object(CodeIgniter\CodeIgniter))
 9 FCPATH\index.php(56): CodeIgniter\Boot::bootWeb(Object(Config\Paths))
WARNING - 2025-04-17 11:08:19 --> [DEPRECATED] Passing lowercase HTTP method "post" is deprecated. Use uppercase HTTP method like "POST". in SYSTEMPATH\Router\RouteCollection.php on line 1026.
 1 SYSTEMPATH\Router\RouteCollection.php(1026): trigger_error('Passing lowercase HTTP method "post" is deprecated. Use uppercase HTTP method like "POST".', 16384)
 2 APPPATH\Config\Routes.php(88): CodeIgniter\Router\RouteCollection->match([...], 'user/edit', 'User\\UserController::editProfile')
 3 SYSTEMPATH\Router\RouteCollection.php(339): require('C:\\wamp64\\www\\ci-learn_affix\\app\\Config\\Routes.php')
 4 SYSTEMPATH\CodeIgniter.php(821): CodeIgniter\Router\RouteCollection->loadRoutes()
 5 SYSTEMPATH\CodeIgniter.php(455): CodeIgniter\CodeIgniter->tryToRouteIt(null)
 6 SYSTEMPATH\CodeIgniter.php(354): CodeIgniter\CodeIgniter->handleRequest(null, Object(Config\Cache), false)
 7 SYSTEMPATH\Boot.php(334): CodeIgniter\CodeIgniter->run()
 8 SYSTEMPATH\Boot.php(67): CodeIgniter\Boot::runCodeIgniter(Object(CodeIgniter\CodeIgniter))
 9 FCPATH\index.php(56): CodeIgniter\Boot::bootWeb(Object(Config\Paths))
DEBUG - 2025-04-17 11:08:19 --> Session: Class initialized using 'CodeIgniter\Session\Handlers\FileHandler' driver.
WARNING - 2025-04-17 11:08:19 --> [DEPRECATED] Passing lowercase HTTP method "get" is deprecated. Use uppercase HTTP method like "GET". in SYSTEMPATH\Router\RouteCollection.php on line 1026.
 1 SYSTEMPATH\Router\RouteCollection.php(1026): trigger_error('Passing lowercase HTTP method "get" is deprecated. Use uppercase HTTP method like "GET".', 16384)
 2 APPPATH\Config\Routes.php(88): CodeIgniter\Router\RouteCollection->match([...], 'user/edit', 'User\\UserController::editProfile')
 3 SYSTEMPATH\Router\RouteCollection.php(339): require('C:\\wamp64\\www\\ci-learn_affix\\app\\Config\\Routes.php')
 4 SYSTEMPATH\CodeIgniter.php(821): CodeIgniter\Router\RouteCollection->loadRoutes()
 5 SYSTEMPATH\CodeIgniter.php(455): CodeIgniter\CodeIgniter->tryToRouteIt(null)
 6 SYSTEMPATH\CodeIgniter.php(354): CodeIgniter\CodeIgniter->handleRequest(null, Object(Config\Cache), false)
 7 SYSTEMPATH\Boot.php(334): CodeIgniter\CodeIgniter->run()
 8 SYSTEMPATH\Boot.php(67): CodeIgniter\Boot::runCodeIgniter(Object(CodeIgniter\CodeIgniter))
 9 FCPATH\index.php(56): CodeIgniter\Boot::bootWeb(Object(Config\Paths))
WARNING - 2025-04-17 11:08:19 --> [DEPRECATED] Passing lowercase HTTP method "post" is deprecated. Use uppercase HTTP method like "POST". in SYSTEMPATH\Router\RouteCollection.php on line 1026.
 1 SYSTEMPATH\Router\RouteCollection.php(1026): trigger_error('Passing lowercase HTTP method "post" is deprecated. Use uppercase HTTP method like "POST".', 16384)
 2 APPPATH\Config\Routes.php(88): CodeIgniter\Router\RouteCollection->match([...], 'user/edit', 'User\\UserController::editProfile')
 3 SYSTEMPATH\Router\RouteCollection.php(339): require('C:\\wamp64\\www\\ci-learn_affix\\app\\Config\\Routes.php')
 4 SYSTEMPATH\CodeIgniter.php(821): CodeIgniter\Router\RouteCollection->loadRoutes()
 5 SYSTEMPATH\CodeIgniter.php(455): CodeIgniter\CodeIgniter->tryToRouteIt(null)
 6 SYSTEMPATH\CodeIgniter.php(354): CodeIgniter\CodeIgniter->handleRequest(null, Object(Config\Cache), false)
 7 SYSTEMPATH\Boot.php(334): CodeIgniter\CodeIgniter->run()
 8 SYSTEMPATH\Boot.php(67): CodeIgniter\Boot::runCodeIgniter(Object(CodeIgniter\CodeIgniter))
 9 FCPATH\index.php(56): CodeIgniter\Boot::bootWeb(Object(Config\Paths))
DEBUG - 2025-04-17 11:08:33 --> Session: Class initialized using 'CodeIgniter\Session\Handlers\FileHandler' driver.
INFO - 2025-04-17 11:08:33 --> CSRF token verified.
WARNING - 2025-04-17 11:08:33 --> [DEPRECATED] Passing lowercase HTTP method "get" is deprecated. Use uppercase HTTP method like "GET". in SYSTEMPATH\Router\RouteCollection.php on line 1026.
 1 SYSTEMPATH\Router\RouteCollection.php(1026): trigger_error('Passing lowercase HTTP method "get" is deprecated. Use uppercase HTTP method like "GET".', 16384)
 2 APPPATH\Config\Routes.php(88): CodeIgniter\Router\RouteCollection->match([...], 'user/edit', 'User\\UserController::editProfile')
 3 SYSTEMPATH\Router\RouteCollection.php(339): require('C:\\wamp64\\www\\ci-learn_affix\\app\\Config\\Routes.php')
 4 SYSTEMPATH\CodeIgniter.php(821): CodeIgniter\Router\RouteCollection->loadRoutes()
 5 SYSTEMPATH\CodeIgniter.php(455): CodeIgniter\CodeIgniter->tryToRouteIt(null)
 6 SYSTEMPATH\CodeIgniter.php(354): CodeIgniter\CodeIgniter->handleRequest(null, Object(Config\Cache), false)
 7 SYSTEMPATH\Boot.php(334): CodeIgniter\CodeIgniter->run()
 8 SYSTEMPATH\Boot.php(67): CodeIgniter\Boot::runCodeIgniter(Object(CodeIgniter\CodeIgniter))
 9 FCPATH\index.php(56): CodeIgniter\Boot::bootWeb(Object(Config\Paths))
WARNING - 2025-04-17 11:08:33 --> [DEPRECATED] Passing lowercase HTTP method "post" is deprecated. Use uppercase HTTP method like "POST". in SYSTEMPATH\Router\RouteCollection.php on line 1026.
 1 SYSTEMPATH\Router\RouteCollection.php(1026): trigger_error('Passing lowercase HTTP method "post" is deprecated. Use uppercase HTTP method like "POST".', 16384)
 2 APPPATH\Config\Routes.php(88): CodeIgniter\Router\RouteCollection->match([...], 'user/edit', 'User\\UserController::editProfile')
 3 SYSTEMPATH\Router\RouteCollection.php(339): require('C:\\wamp64\\www\\ci-learn_affix\\app\\Config\\Routes.php')
 4 SYSTEMPATH\CodeIgniter.php(821): CodeIgniter\Router\RouteCollection->loadRoutes()
 5 SYSTEMPATH\CodeIgniter.php(455): CodeIgniter\CodeIgniter->tryToRouteIt(null)
 6 SYSTEMPATH\CodeIgniter.php(354): CodeIgniter\CodeIgniter->handleRequest(null, Object(Config\Cache), false)
 7 SYSTEMPATH\Boot.php(334): CodeIgniter\CodeIgniter->run()
 8 SYSTEMPATH\Boot.php(67): CodeIgniter\Boot::runCodeIgniter(Object(CodeIgniter\CodeIgniter))
 9 FCPATH\index.php(56): CodeIgniter\Boot::bootWeb(Object(Config\Paths))
DEBUG - 2025-04-17 11:08:37 --> Session: Class initialized using 'CodeIgniter\Session\Handlers\FileHandler' driver.
WARNING - 2025-04-17 11:08:37 --> [DEPRECATED] Passing lowercase HTTP method "get" is deprecated. Use uppercase HTTP method like "GET". in SYSTEMPATH\Router\RouteCollection.php on line 1026.
 1 SYSTEMPATH\Router\RouteCollection.php(1026): trigger_error('Passing lowercase HTTP method "get" is deprecated. Use uppercase HTTP method like "GET".', 16384)
 2 APPPATH\Config\Routes.php(88): CodeIgniter\Router\RouteCollection->match([...], 'user/edit', 'User\\UserController::editProfile')
 3 SYSTEMPATH\Router\RouteCollection.php(339): require('C:\\wamp64\\www\\ci-learn_affix\\app\\Config\\Routes.php')
 4 SYSTEMPATH\CodeIgniter.php(821): CodeIgniter\Router\RouteCollection->loadRoutes()
 5 SYSTEMPATH\CodeIgniter.php(455): CodeIgniter\CodeIgniter->tryToRouteIt(null)
 6 SYSTEMPATH\CodeIgniter.php(354): CodeIgniter\CodeIgniter->handleRequest(null, Object(Config\Cache), false)
 7 SYSTEMPATH\Boot.php(334): CodeIgniter\CodeIgniter->run()
 8 SYSTEMPATH\Boot.php(67): CodeIgniter\Boot::runCodeIgniter(Object(CodeIgniter\CodeIgniter))
 9 FCPATH\index.php(56): CodeIgniter\Boot::bootWeb(Object(Config\Paths))
WARNING - 2025-04-17 11:08:37 --> [DEPRECATED] Passing lowercase HTTP method "post" is deprecated. Use uppercase HTTP method like "POST". in SYSTEMPATH\Router\RouteCollection.php on line 1026.
 1 SYSTEMPATH\Router\RouteCollection.php(1026): trigger_error('Passing lowercase HTTP method "post" is deprecated. Use uppercase HTTP method like "POST".', 16384)
 2 APPPATH\Config\Routes.php(88): CodeIgniter\Router\RouteCollection->match([...], 'user/edit', 'User\\UserController::editProfile')
 3 SYSTEMPATH\Router\RouteCollection.php(339): require('C:\\wamp64\\www\\ci-learn_affix\\app\\Config\\Routes.php')
 4 SYSTEMPATH\CodeIgniter.php(821): CodeIgniter\Router\RouteCollection->loadRoutes()
 5 SYSTEMPATH\CodeIgniter.php(455): CodeIgniter\CodeIgniter->tryToRouteIt(null)
 6 SYSTEMPATH\CodeIgniter.php(354): CodeIgniter\CodeIgniter->handleRequest(null, Object(Config\Cache), false)
 7 SYSTEMPATH\Boot.php(334): CodeIgniter\CodeIgniter->run()
 8 SYSTEMPATH\Boot.php(67): CodeIgniter\Boot::runCodeIgniter(Object(CodeIgniter\CodeIgniter))
 9 FCPATH\index.php(56): CodeIgniter\Boot::bootWeb(Object(Config\Paths))
DEBUG - 2025-04-17 11:08:40 --> Unsplash API Response for category "Programming": {"id":"2Rd-hwT2xQ0","slug":"blue-elephant-plush-toy-on-black-laptop-computer-2Rd-hwT2xQ0","alternative_slugs":{"en":"blue-elephant-plush-toy-on-black-laptop-computer-2Rd-hwT2xQ0","es":"juguete-de-peluche-de-elefante-azul-en-computadora-portatil-negra-2Rd-hwT2xQ0","ja":"\u9ed2\u3044\u30e9\u30c3\u30d7\u30c8\u30c3\u30d7\u30b3\u30f3\u30d4\u30e5\u30fc\u30bf\u4e0a\u306e\u9752\u3044\u8c61\u306e\u306c\u3044\u3050\u308b\u307f-2Rd-hwT2xQ0","fr":"jouet-en-peluche-elephant-bleu-sur-ordinateur-portable-noir-2Rd-hwT2xQ0","it":"peluche-elefante-blu-su-computer-portatile-nero-2Rd-hwT2xQ0","ko":"\uac80\uc740-\ub178\ud2b8\ubd81-\ucef4\ud4e8\ud130\uc5d0-\ud30c\ub780-\ucf54\ub07c\ub9ac-\ubd09\uc81c-\uc7a5\ub09c\uac10-2Rd-hwT2xQ0","de":"blauer-elefant-pluschtier-auf-schwarzem-laptop-2Rd-hwT2xQ0","pt":"brinquedo-azul-da-pelucia-do-elefante-no-computador-portatil-preto-2Rd-hwT2xQ0"},"created_at":"2020-09-07T19:44:12Z","updated_at":"2025-04-17T06:40:27Z","promoted_at":null,"width":6720,"height":4480,"color":"#d9d9d9","blur_hash":"LeI}YH9G?Fxu.TM{WVxZ=qt8E1ae","description":"PHP Plush Elephant on a Macbook Pro, with PHP Storm running on it.","alt_description":"blue elephant plush toy on black laptop computer","breadcrumbs":[],"urls":{"raw":"https:\/\/images.unsplash.com\/photo-1599507593354-2b6d036eab4f?ixid=M3w3Mzg4NTh8MHwxfHJhbmRvbXx8fHx8fHx8fDE3NDQ4ODgxMTl8&ixlib=rb-4.0.3","full":"https:\/\/images.unsplash.com\/photo-1599507593354-2b6d036eab4f?crop=entropy&cs=srgb&fm=jpg&ixid=M3w3Mzg4NTh8MHwxfHJhbmRvbXx8fHx8fHx8fDE3NDQ4ODgxMTl8&ixlib=rb-4.0.3&q=85","regular":"https:\/\/images.unsplash.com\/photo-1599507593354-2b6d036eab4f?crop=entropy&cs=tinysrgb&fit=max&fm=jpg&ixid=M3w3Mzg4NTh8MHwxfHJhbmRvbXx8fHx8fHx8fDE3NDQ4ODgxMTl8&ixlib=rb-4.0.3&q=80&w=1080","small":"https:\/\/images.unsplash.com\/photo-1599507593354-2b6d036eab4f?crop=entropy&cs=tinysrgb&fit=max&fm=jpg&ixid=M3w3Mzg4NTh8MHwxfHJhbmRvbXx8fHx8fHx8fDE3NDQ4ODgxMTl8&ixlib=rb-4.0.3&q=80&w=400","thumb":"https:\/\/images.unsplash.com\/photo-1599507593354-2b6d036eab4f?crop=entropy&cs=tinysrgb&fit=max&fm=jpg&ixid=M3w3Mzg4NTh8MHwxfHJhbmRvbXx8fHx8fHx8fDE3NDQ4ODgxMTl8&ixlib=rb-4.0.3&q=80&w=200","small_s3":"https:\/\/s3.us-west-2.amazonaws.com\/images.unsplash.com\/small\/photo-1599507593354-2b6d036eab4f"},"links":{"self":"https:\/\/api.unsplash.com\/photos\/blue-elephant-plush-toy-on-black-laptop-computer-2Rd-hwT2xQ0","html":"https:\/\/unsplash.com\/photos\/blue-elephant-plush-toy-on-black-laptop-computer-2Rd-hwT2xQ0","download":"https:\/\/unsplash.com\/photos\/2Rd-hwT2xQ0\/download?ixid=M3w3Mzg4NTh8MHwxfHJhbmRvbXx8fHx8fHx8fDE3NDQ4ODgxMTl8","download_location":"https:\/\/api.unsplash.com\/photos\/2Rd-hwT2xQ0\/download?ixid=M3w3Mzg4NTh8MHwxfHJhbmRvbXx8fHx8fHx8fDE3NDQ4ODgxMTl8"},"likes":12,"liked_by_user":false,"current_user_collections":[],"sponsorship":null,"topic_submissions":{"business-work":{"status":"rejected"},"technology":{"status":"rejected"},"work-from-home":{"status":"rejected"}},"asset_type":"photo","user":{"id":"7P1kNjTdqGo","updated_at":"2025-04-16T15:52:36Z","username":"benofthenorth","name":"Ben Griffiths","first_name":"Ben","last_name":"Griffiths","twitter_username":"BenOnTheEdge","portfolio_url":"https:\/\/bengriffiths.photography","bio":"I live in South Yorkshire, England. I like landscapes, portraits and product photography, I also enjoy getting the drone out. By day I'm a software developer.\r\n Website: https:\/\/bengriffiths.photography","location":"South Yorkshire, England","links":{"self":"https:\/\/api.unsplash.com\/users\/benofthenorth","html":"https:\/\/unsplash.com\/@benofthenorth","photos":"https:\/\/api.unsplash.com\/users\/benofthenorth\/photos","likes":"https:\/\/api.unsplash.com\/users\/benofthenorth\/likes","portfolio":"https:\/\/api.unsplash.com\/users\/benofthenorth\/portfolio"},"profile_image":{"small":"https:\/\/images.unsplash.com\/profile-1695233643081-83f788f99e26image?ixlib=rb-4.0.3&crop=faces&fit=crop&w=32&h=32","medium":"https:\/\/images.unsplash.com\/profile-1695233643081-83f788f99e26image?ixlib=rb-4.0.3&crop=faces&fit=crop&w=64&h=64","large":"https:\/\/images.unsplash.com\/profile-1695233643081-83f788f99e26image?ixlib=rb-4.0.3&crop=faces&fit=crop&w=128&h=128"},"instagram_username":"ben.of.the.north","total_collections":6,"total_likes":418,"total_photos":176,"total_promoted_photos":10,"total_illustrations":0,"total_promoted_illustrations":0,"accepted_tos":true,"for_hire":true,"social":{"instagram_username":"ben.of.the.north","portfolio_url":"https:\/\/bengriffiths.photography","twitter_username":"BenOnTheEdge","paypal_email":null}},"exif":{"make":"Canon","model":"Canon EOS 5D Mark IV","name":"Canon, EOS 5D Mark IV","exposure_time":"1\/25","aperture":"2.2","focal_length":"85.0","iso":800},"location":{"name":null,"city":null,"country":null,"position":{"latitude":null,"longitude":null}},"meta":{"index":true},"public_domain":false,"tags":[{"type":"search","title":"laptop"},{"type":"search","title":"blue"},{"type":"search","title":"programming"},{"type":"search","title":"apple"},{"type":"search","title":"elephant"},{"type":"search","title":"macbook"},{"type":"search","title":"programmer"},{"type":"search","title":"toy"},{"type":"search","title":"macbook pro"},{"type":"search","title":"teddy"},{"type":"search","title":"php"},{"type":"search","title":"plush"},{"type":"search","title":"computer"},{"type":"search","title":"keyboard"},{"type":"search","title":"electronics"},{"type":"search","title":"computer keyboard"},{"type":"search","title":"screen"},{"type":"search","title":"monitor"},{"type":"search","title":"hardware"},{"type":"search","title":"display"}],"views":917409,"downloads":7539,"topics":[]}
DEBUG - 2025-04-17 11:08:40 --> No valid image found for category "Programming"
DEBUG - 2025-04-17 11:08:40 --> Fetched Image URL for category Programming: default-image.jpg
DEBUG - 2025-04-17 11:08:40 --> No valid image found for category Programming
DEBUG - 2025-04-17 11:08:44 --> Unsplash API Response for category "AI & Video": {"id":"UYIJbcvcAYo","slug":"black-and-gray-video-camera-UYIJbcvcAYo","alternative_slugs":{"en":"black-and-gray-video-camera-UYIJbcvcAYo","es":"camara-de-video-negra-y-gris-UYIJbcvcAYo","ja":"\u9ed2\u3068\u30b0\u30ec\u30fc\u306e\u30d3\u30c7\u30aa\u30ab\u30e1\u30e9-UYIJbcvcAYo","fr":"camera-video-noire-et-grise-UYIJbcvcAYo","it":"videocamera-nera-e-grigia-UYIJbcvcAYo","ko":"\uac80\uc740-\uc0c9\uacfc-\ud68c\uc0c9-\ube44\ub514\uc624-\uce74\uba54\ub77c-UYIJbcvcAYo","de":"schwarz-graue-videokamera-UYIJbcvcAYo","pt":"camera-de-video-preta-e-cinza-UYIJbcvcAYo"},"created_at":"2018-07-05T23:16:12Z","updated_at":"2025-04-17T08:44:48Z","promoted_at":null,"width":6000,"height":4000,"color":"#262626","blur_hash":"L884oL%f~p_2S2NGkBNZR*oLoLbF","description":"Sony Camera","alt_description":"black and gray video camera","breadcrumbs":[],"urls":{"raw":"https:\/\/images.unsplash.com\/photo-1530832477500-e4aa52f550a0?ixid=M3w3Mzg4NTh8MHwxfHJhbmRvbXx8fHx8fHx8fDE3NDQ4ODgxMjN8&ixlib=rb-4.0.3","full":"https:\/\/images.unsplash.com\/photo-1530832477500-e4aa52f550a0?crop=entropy&cs=srgb&fm=jpg&ixid=M3w3Mzg4NTh8MHwxfHJhbmRvbXx8fHx8fHx8fDE3NDQ4ODgxMjN8&ixlib=rb-4.0.3&q=85","regular":"https:\/\/images.unsplash.com\/photo-1530832477500-e4aa52f550a0?crop=entropy&cs=tinysrgb&fit=max&fm=jpg&ixid=M3w3Mzg4NTh8MHwxfHJhbmRvbXx8fHx8fHx8fDE3NDQ4ODgxMjN8&ixlib=rb-4.0.3&q=80&w=1080","small":"https:\/\/images.unsplash.com\/photo-1530832477500-e4aa52f550a0?crop=entropy&cs=tinysrgb&fit=max&fm=jpg&ixid=M3w3Mzg4NTh8MHwxfHJhbmRvbXx8fHx8fHx8fDE3NDQ4ODgxMjN8&ixlib=rb-4.0.3&q=80&w=400","thumb":"https:\/\/images.unsplash.com\/photo-1530832477500-e4aa52f550a0?crop=entropy&cs=tinysrgb&fit=max&fm=jpg&ixid=M3w3Mzg4NTh8MHwxfHJhbmRvbXx8fHx8fHx8fDE3NDQ4ODgxMjN8&ixlib=rb-4.0.3&q=80&w=200","small_s3":"https:\/\/s3.us-west-2.amazonaws.com\/images.unsplash.com\/small\/photo-1530832477500-e4aa52f550a0"},"links":{"self":"https:\/\/api.unsplash.com\/photos\/black-and-gray-video-camera-UYIJbcvcAYo","html":"https:\/\/unsplash.com\/photos\/black-and-gray-video-camera-UYIJbcvcAYo","download":"https:\/\/unsplash.com\/photos\/UYIJbcvcAYo\/download?ixid=M3w3Mzg4NTh8MHwxfHJhbmRvbXx8fHx8fHx8fDE3NDQ4ODgxMjN8","download_location":"https:\/\/api.unsplash.com\/photos\/UYIJbcvcAYo\/download?ixid=M3w3Mzg4NTh8MHwxfHJhbmRvbXx8fHx8fHx8fDE3NDQ4ODgxMjN8"},"likes":34,"liked_by_user":false,"current_user_collections":[],"sponsorship":null,"topic_submissions":[],"asset_type":"photo","user":{"id":"K-VEMpOTcq8","updated_at":"2024-10-10T21:36:48Z","username":"christianw","name":"Christian Wiediger","first_name":"Christian","last_name":"Wiediger","twitter_username":null,"portfolio_url":null,"bio":"21 years old, from Germany","location":"Germany, Schw\u00e4bisch Gm\u00fcnd","links":{"self":"https:\/\/api.unsplash.com\/users\/christianw","html":"https:\/\/unsplash.com\/@christianw","photos":"https:\/\/api.unsplash.com\/users\/christianw\/photos","likes":"https:\/\/api.unsplash.com\/users\/christianw\/likes","portfolio":"https:\/\/api.unsplash.com\/users\/christianw\/portfolio","following":"https:\/\/api.unsplash.com\/users\/christianw\/following","followers":"https:\/\/api.unsplash.com\/users\/christianw\/followers"},"profile_image":{"small":"https:\/\/images.unsplash.com\/profile-1629203922931-3244f5c4fceeimage?ixlib=rb-4.0.3&crop=faces&fit=crop&w=32&h=32","medium":"https:\/\/images.unsplash.com\/profile-1629203922931-3244f5c4fceeimage?ixlib=rb-4.0.3&crop=faces&fit=crop&w=64&h=64","large":"https:\/\/images.unsplash.com\/profile-1629203922931-3244f5c4fceeimage?ixlib=rb-4.0.3&crop=faces&fit=crop&w=128&h=128"},"instagram_username":"ChristianChr1s","total_collections":0,"total_likes":1195,"total_photos":429,"total_promoted_photos":53,"total_illustrations":0,"total_promoted_illustrations":0,"accepted_tos":true,"for_hire":true,"social":{"instagram_username":"ChristianChr1s","portfolio_url":null,"twitter_username":null,"paypal_email":null}},"exif":{"make":"Canon","model":"Canon EOS 77D","name":"Canon, EOS 77D","exposure_time":"1\/25","aperture":"5.6","focal_length":"55.0","iso":1600},"location":{"name":null,"city":null,"country":null,"position":{"latitude":null,"longitude":null}},"meta":{"index":true},"public_domain":false,"tags":[{"type":"search","title":"video"},{"type":"search","title":"camera"},{"type":"search","title":"film"},{"type":"search","title":"cinema"},{"type":"search","title":"television"},{"type":"search","title":"film camera"},{"type":"search","title":"video camera"},{"type":"search","title":"equipment"},{"type":"search","title":"film set"},{"type":"search","title":"sony"},{"type":"search","title":"expensive"},{"type":"search","title":"tripod"},{"type":"search","title":"set"},{"type":"search","title":"camera lense"},{"type":"search","title":"grey"},{"type":"search","title":"electronics"}],"views":1345419,"downloads":5258,"topics":[]}
DEBUG - 2025-04-17 11:08:44 --> No valid image found for category "AI & Video"
DEBUG - 2025-04-17 11:08:44 --> Fetched Image URL for category AI & Video: default-image.jpg
DEBUG - 2025-04-17 11:08:44 --> No valid image found for category AI & Video
DEBUG - 2025-04-17 11:08:48 --> Unsplash API Response for category "Cybersecurity": {"id":"mgYAR7BzBk4","slug":"person-holding-iphone-mgYAR7BzBk4","alternative_slugs":{"en":"person-holding-iphone-mgYAR7BzBk4","es":"persona-sosteniendo-el-iphone-mgYAR7BzBk4","ja":"iphone\u3092\u6301\u3063\u3066\u3044\u308b\u4eba-mgYAR7BzBk4","fr":"personne-tenant-liphone-mgYAR7BzBk4","it":"persona-in-possesso-di-iphone-mgYAR7BzBk4","ko":"iphone\uc744-\ub4e4\uace0-\uc788\ub294-\uc0ac\ub78c-mgYAR7BzBk4","de":"person-die-ein-iphone-in-der-hand-halt-mgYAR7BzBk4","pt":"pessoa-segurando-iphone-mgYAR7BzBk4"},"created_at":"2017-08-31T18:23:10Z","updated_at":"2025-04-17T10:14:27Z","promoted_at":null,"width":4654,"height":3059,"color":"#404040","blur_hash":"LJ8#$+vKFLE%8^O[xF$2xVr=r=S$","description":null,"alt_description":"person holding iPhone","breadcrumbs":[],"urls":{"raw":"https:\/\/images.unsplash.com\/photo-1504203700686-f21e703e5f1c?ixid=M3w3Mzg4NTh8MHwxfHJhbmRvbXx8fHx8fHx8fDE3NDQ4ODgxMjd8&ixlib=rb-4.0.3","full":"https:\/\/images.unsplash.com\/photo-1504203700686-f21e703e5f1c?crop=entropy&cs=srgb&fm=jpg&ixid=M3w3Mzg4NTh8MHwxfHJhbmRvbXx8fHx8fHx8fDE3NDQ4ODgxMjd8&ixlib=rb-4.0.3&q=85","regular":"https:\/\/images.unsplash.com\/photo-1504203700686-f21e703e5f1c?crop=entropy&cs=tinysrgb&fit=max&fm=jpg&ixid=M3w3Mzg4NTh8MHwxfHJhbmRvbXx8fHx8fHx8fDE3NDQ4ODgxMjd8&ixlib=rb-4.0.3&q=80&w=1080","small":"https:\/\/images.unsplash.com\/photo-1504203700686-f21e703e5f1c?crop=entropy&cs=tinysrgb&fit=max&fm=jpg&ixid=M3w3Mzg4NTh8MHwxfHJhbmRvbXx8fHx8fHx8fDE3NDQ4ODgxMjd8&ixlib=rb-4.0.3&q=80&w=400","thumb":"https:\/\/images.unsplash.com\/photo-1504203700686-f21e703e5f1c?crop=entropy&cs=tinysrgb&fit=max&fm=jpg&ixid=M3w3Mzg4NTh8MHwxfHJhbmRvbXx8fHx8fHx8fDE3NDQ4ODgxMjd8&ixlib=rb-4.0.3&q=80&w=200","small_s3":"https:\/\/s3.us-west-2.amazonaws.com\/images.unsplash.com\/small\/photo-1504203700686-f21e703e5f1c"},"links":{"self":"https:\/\/api.unsplash.com\/photos\/person-holding-iphone-mgYAR7BzBk4","html":"https:\/\/unsplash.com\/photos\/person-holding-iphone-mgYAR7BzBk4","download":"https:\/\/unsplash.com\/photos\/mgYAR7BzBk4\/download?ixid=M3w3Mzg4NTh8MHwxfHJhbmRvbXx8fHx8fHx8fDE3NDQ4ODgxMjd8","download_location":"https:\/\/api.unsplash.com\/photos\/mgYAR7BzBk4\/download?ixid=M3w3Mzg4NTh8MHwxfHJhbmRvbXx8fHx8fHx8fDE3NDQ4ODgxMjd8"},"likes":178,"liked_by_user":false,"current_user_collections":[],"sponsorship":null,"topic_submissions":{"technology":{"status":"approved","approved_on":"2021-02-22T16:03:26Z"}},"asset_type":"photo","user":{"id":"hM8F-Tm5Sws","updated_at":"2025-03-20T22:19:49Z","username":"neonbrand","name":"Kenny Eliason","first_name":"Kenny","last_name":"Eliason","twitter_username":null,"portfolio_url":null,"bio":null,"location":"Las Vegas, NV","links":{"self":"https:\/\/api.unsplash.com\/users\/neonbrand","html":"https:\/\/unsplash.com\/@neonbrand","photos":"https:\/\/api.unsplash.com\/users\/neonbrand\/photos","likes":"https:\/\/api.unsplash.com\/users\/neonbrand\/likes","portfolio":"https:\/\/api.unsplash.com\/users\/neonbrand\/portfolio"},"profile_image":{"small":"https:\/\/images.unsplash.com\/profile-1649350394741-7e7e57558e7dimage?ixlib=rb-4.0.3&crop=faces&fit=crop&w=32&h=32","medium":"https:\/\/images.unsplash.com\/profile-1649350394741-7e7e57558e7dimage?ixlib=rb-4.0.3&crop=faces&fit=crop&w=64&h=64","large":"https:\/\/images.unsplash.com\/profile-1649350394741-7e7e57558e7dimage?ixlib=rb-4.0.3&crop=faces&fit=crop&w=128&h=128"},"instagram_username":null,"total_collections":2,"total_likes":164,"total_photos":683,"total_promoted_photos":91,"total_illustrations":0,"total_promoted_illustrations":0,"accepted_tos":true,"for_hire":false,"social":{"instagram_username":null,"portfolio_url":null,"twitter_username":null,"paypal_email":null}},"exif":{"make":"FUJIFILM","model":"X100T","name":"FUJIFILM, X100T","exposure_time":"1\/125","aperture":"3.2","focal_length":"23.0","iso":320},"location":{"name":"NeONBRAND Digital Marketing, Las Vegas, United States","city":"Las Vegas","country":"United States","position":{"latitude":36.16258,"longitude":-115.151288}},"meta":{"index":true},"public_domain":false,"tags":[{"type":"search","title":"blue"},{"type":"search","title":"phone"},{"type":"search","title":"iphone"},{"type":"search","title":"red"},{"type":"search","title":"apple"},{"type":"search","title":"hand"},{"type":"search","title":"security"},{"type":"search","title":"mobile phone"},{"type":"search","title":"cybersecurity"},{"type":"search","title":"mobile"},{"type":"search","title":"screen"},{"type":"search","title":"cell phone"},{"type":"search","title":"password"},{"type":"search","title":"holding"},{"type":"search","title":"game"},{"type":"search","title":"united states"},{"type":"search","title":"las vegas"},{"type":"search","title":"domino"},{"type":"search","title":"neonbrand digital marketing"}],"views":9485985,"downloads":33552,"topics":[{"id":"J9yrPaHXRQY","title":"Technology","slug":"technology","visibility":"hidden"}]}
DEBUG - 2025-04-17 11:08:48 --> No valid image found for category "Cybersecurity"
DEBUG - 2025-04-17 11:08:48 --> Fetched Image URL for category Cybersecurity: default-image.jpg
DEBUG - 2025-04-17 11:08:48 --> No valid image found for category Cybersecurity
DEBUG - 2025-04-17 11:08:48 --> Session: Class initialized using 'CodeIgniter\Session\Handlers\FileHandler' driver.
WARNING - 2025-04-17 11:08:48 --> [DEPRECATED] Passing lowercase HTTP method "get" is deprecated. Use uppercase HTTP method like "GET". in SYSTEMPATH\Router\RouteCollection.php on line 1026.
 1 SYSTEMPATH\Router\RouteCollection.php(1026): trigger_error('Passing lowercase HTTP method "get" is deprecated. Use uppercase HTTP method like "GET".', 16384)
 2 APPPATH\Config\Routes.php(88): CodeIgniter\Router\RouteCollection->match([...], 'user/edit', 'User\\UserController::editProfile')
 3 SYSTEMPATH\Router\RouteCollection.php(339): require('C:\\wamp64\\www\\ci-learn_affix\\app\\Config\\Routes.php')
 4 SYSTEMPATH\CodeIgniter.php(821): CodeIgniter\Router\RouteCollection->loadRoutes()
 5 SYSTEMPATH\CodeIgniter.php(455): CodeIgniter\CodeIgniter->tryToRouteIt(null)
 6 SYSTEMPATH\CodeIgniter.php(354): CodeIgniter\CodeIgniter->handleRequest(null, Object(Config\Cache), false)
 7 SYSTEMPATH\Boot.php(334): CodeIgniter\CodeIgniter->run()
 8 SYSTEMPATH\Boot.php(67): CodeIgniter\Boot::runCodeIgniter(Object(CodeIgniter\CodeIgniter))
 9 FCPATH\index.php(56): CodeIgniter\Boot::bootWeb(Object(Config\Paths))
WARNING - 2025-04-17 11:08:48 --> [DEPRECATED] Passing lowercase HTTP method "post" is deprecated. Use uppercase HTTP method like "POST". in SYSTEMPATH\Router\RouteCollection.php on line 1026.
 1 SYSTEMPATH\Router\RouteCollection.php(1026): trigger_error('Passing lowercase HTTP method "post" is deprecated. Use uppercase HTTP method like "POST".', 16384)
 2 APPPATH\Config\Routes.php(88): CodeIgniter\Router\RouteCollection->match([...], 'user/edit', 'User\\UserController::editProfile')
 3 SYSTEMPATH\Router\RouteCollection.php(339): require('C:\\wamp64\\www\\ci-learn_affix\\app\\Config\\Routes.php')
 4 SYSTEMPATH\CodeIgniter.php(821): CodeIgniter\Router\RouteCollection->loadRoutes()
 5 SYSTEMPATH\CodeIgniter.php(455): CodeIgniter\CodeIgniter->tryToRouteIt(null)
 6 SYSTEMPATH\CodeIgniter.php(354): CodeIgniter\CodeIgniter->handleRequest(null, Object(Config\Cache), false)
 7 SYSTEMPATH\Boot.php(334): CodeIgniter\CodeIgniter->run()
 8 SYSTEMPATH\Boot.php(67): CodeIgniter\Boot::runCodeIgniter(Object(CodeIgniter\CodeIgniter))
 9 FCPATH\index.php(56): CodeIgniter\Boot::bootWeb(Object(Config\Paths))
DEBUG - 2025-04-17 11:08:48 --> Session: Class initialized using 'CodeIgniter\Session\Handlers\FileHandler' driver.
WARNING - 2025-04-17 11:08:48 --> [DEPRECATED] Passing lowercase HTTP method "get" is deprecated. Use uppercase HTTP method like "GET". in SYSTEMPATH\Router\RouteCollection.php on line 1026.
 1 SYSTEMPATH\Router\RouteCollection.php(1026): trigger_error('Passing lowercase HTTP method "get" is deprecated. Use uppercase HTTP method like "GET".', 16384)
 2 APPPATH\Config\Routes.php(88): CodeIgniter\Router\RouteCollection->match([...], 'user/edit', 'User\\UserController::editProfile')
 3 SYSTEMPATH\Router\RouteCollection.php(339): require('C:\\wamp64\\www\\ci-learn_affix\\app\\Config\\Routes.php')
 4 SYSTEMPATH\CodeIgniter.php(821): CodeIgniter\Router\RouteCollection->loadRoutes()
 5 SYSTEMPATH\CodeIgniter.php(455): CodeIgniter\CodeIgniter->tryToRouteIt(null)
 6 SYSTEMPATH\CodeIgniter.php(354): CodeIgniter\CodeIgniter->handleRequest(null, Object(Config\Cache), false)
 7 SYSTEMPATH\Boot.php(334): CodeIgniter\CodeIgniter->run()
 8 SYSTEMPATH\Boot.php(67): CodeIgniter\Boot::runCodeIgniter(Object(CodeIgniter\CodeIgniter))
 9 FCPATH\index.php(56): CodeIgniter\Boot::bootWeb(Object(Config\Paths))
WARNING - 2025-04-17 11:08:48 --> [DEPRECATED] Passing lowercase HTTP method "post" is deprecated. Use uppercase HTTP method like "POST". in SYSTEMPATH\Router\RouteCollection.php on line 1026.
 1 SYSTEMPATH\Router\RouteCollection.php(1026): trigger_error('Passing lowercase HTTP method "post" is deprecated. Use uppercase HTTP method like "POST".', 16384)
 2 APPPATH\Config\Routes.php(88): CodeIgniter\Router\RouteCollection->match([...], 'user/edit', 'User\\UserController::editProfile')
 3 SYSTEMPATH\Router\RouteCollection.php(339): require('C:\\wamp64\\www\\ci-learn_affix\\app\\Config\\Routes.php')
 4 SYSTEMPATH\CodeIgniter.php(821): CodeIgniter\Router\RouteCollection->loadRoutes()
 5 SYSTEMPATH\CodeIgniter.php(455): CodeIgniter\CodeIgniter->tryToRouteIt(null)
 6 SYSTEMPATH\CodeIgniter.php(354): CodeIgniter\CodeIgniter->handleRequest(null, Object(Config\Cache), false)
 7 SYSTEMPATH\Boot.php(334): CodeIgniter\CodeIgniter->run()
 8 SYSTEMPATH\Boot.php(67): CodeIgniter\Boot::runCodeIgniter(Object(CodeIgniter\CodeIgniter))
 9 FCPATH\index.php(56): CodeIgniter\Boot::bootWeb(Object(Config\Paths))
DEBUG - 2025-04-17 11:08:48 --> Session: Class initialized using 'CodeIgniter\Session\Handlers\FileHandler' driver.
WARNING - 2025-04-17 11:08:48 --> [DEPRECATED] Passing lowercase HTTP method "get" is deprecated. Use uppercase HTTP method like "GET". in SYSTEMPATH\Router\RouteCollection.php on line 1026.
 1 SYSTEMPATH\Router\RouteCollection.php(1026): trigger_error('Passing lowercase HTTP method "get" is deprecated. Use uppercase HTTP method like "GET".', 16384)
 2 APPPATH\Config\Routes.php(88): CodeIgniter\Router\RouteCollection->match([...], 'user/edit', 'User\\UserController::editProfile')
 3 SYSTEMPATH\Router\RouteCollection.php(339): require('C:\\wamp64\\www\\ci-learn_affix\\app\\Config\\Routes.php')
 4 SYSTEMPATH\CodeIgniter.php(821): CodeIgniter\Router\RouteCollection->loadRoutes()
 5 SYSTEMPATH\CodeIgniter.php(455): CodeIgniter\CodeIgniter->tryToRouteIt(null)
 6 SYSTEMPATH\CodeIgniter.php(354): CodeIgniter\CodeIgniter->handleRequest(null, Object(Config\Cache), false)
 7 SYSTEMPATH\Boot.php(334): CodeIgniter\CodeIgniter->run()
 8 SYSTEMPATH\Boot.php(67): CodeIgniter\Boot::runCodeIgniter(Object(CodeIgniter\CodeIgniter))
 9 FCPATH\index.php(56): CodeIgniter\Boot::bootWeb(Object(Config\Paths))
WARNING - 2025-04-17 11:08:48 --> [DEPRECATED] Passing lowercase HTTP method "post" is deprecated. Use uppercase HTTP method like "POST". in SYSTEMPATH\Router\RouteCollection.php on line 1026.
 1 SYSTEMPATH\Router\RouteCollection.php(1026): trigger_error('Passing lowercase HTTP method "post" is deprecated. Use uppercase HTTP method like "POST".', 16384)
 2 APPPATH\Config\Routes.php(88): CodeIgniter\Router\RouteCollection->match([...], 'user/edit', 'User\\UserController::editProfile')
 3 SYSTEMPATH\Router\RouteCollection.php(339): require('C:\\wamp64\\www\\ci-learn_affix\\app\\Config\\Routes.php')
 4 SYSTEMPATH\CodeIgniter.php(821): CodeIgniter\Router\RouteCollection->loadRoutes()
 5 SYSTEMPATH\CodeIgniter.php(455): CodeIgniter\CodeIgniter->tryToRouteIt(null)
 6 SYSTEMPATH\CodeIgniter.php(354): CodeIgniter\CodeIgniter->handleRequest(null, Object(Config\Cache), false)
 7 SYSTEMPATH\Boot.php(334): CodeIgniter\CodeIgniter->run()
 8 SYSTEMPATH\Boot.php(67): CodeIgniter\Boot::runCodeIgniter(Object(CodeIgniter\CodeIgniter))
 9 FCPATH\index.php(56): CodeIgniter\Boot::bootWeb(Object(Config\Paths))
DEBUG - 2025-04-17 11:08:48 --> Session: Class initialized using 'CodeIgniter\Session\Handlers\FileHandler' driver.
WARNING - 2025-04-17 11:08:49 --> [DEPRECATED] Passing lowercase HTTP method "get" is deprecated. Use uppercase HTTP method like "GET". in SYSTEMPATH\Router\RouteCollection.php on line 1026.
 1 SYSTEMPATH\Router\RouteCollection.php(1026): trigger_error('Passing lowercase HTTP method "get" is deprecated. Use uppercase HTTP method like "GET".', 16384)
 2 APPPATH\Config\Routes.php(88): CodeIgniter\Router\RouteCollection->match([...], 'user/edit', 'User\\UserController::editProfile')
 3 SYSTEMPATH\Router\RouteCollection.php(339): require('C:\\wamp64\\www\\ci-learn_affix\\app\\Config\\Routes.php')
 4 SYSTEMPATH\CodeIgniter.php(821): CodeIgniter\Router\RouteCollection->loadRoutes()
 5 SYSTEMPATH\CodeIgniter.php(455): CodeIgniter\CodeIgniter->tryToRouteIt(null)
 6 SYSTEMPATH\CodeIgniter.php(354): CodeIgniter\CodeIgniter->handleRequest(null, Object(Config\Cache), false)
 7 SYSTEMPATH\Boot.php(334): CodeIgniter\CodeIgniter->run()
 8 SYSTEMPATH\Boot.php(67): CodeIgniter\Boot::runCodeIgniter(Object(CodeIgniter\CodeIgniter))
 9 FCPATH\index.php(56): CodeIgniter\Boot::bootWeb(Object(Config\Paths))
WARNING - 2025-04-17 11:08:49 --> [DEPRECATED] Passing lowercase HTTP method "post" is deprecated. Use uppercase HTTP method like "POST". in SYSTEMPATH\Router\RouteCollection.php on line 1026.
 1 SYSTEMPATH\Router\RouteCollection.php(1026): trigger_error('Passing lowercase HTTP method "post" is deprecated. Use uppercase HTTP method like "POST".', 16384)
 2 APPPATH\Config\Routes.php(88): CodeIgniter\Router\RouteCollection->match([...], 'user/edit', 'User\\UserController::editProfile')
 3 SYSTEMPATH\Router\RouteCollection.php(339): require('C:\\wamp64\\www\\ci-learn_affix\\app\\Config\\Routes.php')
 4 SYSTEMPATH\CodeIgniter.php(821): CodeIgniter\Router\RouteCollection->loadRoutes()
 5 SYSTEMPATH\CodeIgniter.php(455): CodeIgniter\CodeIgniter->tryToRouteIt(null)
 6 SYSTEMPATH\CodeIgniter.php(354): CodeIgniter\CodeIgniter->handleRequest(null, Object(Config\Cache), false)
 7 SYSTEMPATH\Boot.php(334): CodeIgniter\CodeIgniter->run()
 8 SYSTEMPATH\Boot.php(67): CodeIgniter\Boot::runCodeIgniter(Object(CodeIgniter\CodeIgniter))
 9 FCPATH\index.php(56): CodeIgniter\Boot::bootWeb(Object(Config\Paths))
DEBUG - 2025-04-17 11:08:49 --> Session: Class initialized using 'CodeIgniter\Session\Handlers\FileHandler' driver.
DEBUG - 2025-04-17 11:08:49 --> Session: Class initialized using 'CodeIgniter\Session\Handlers\FileHandler' driver.
WARNING - 2025-04-17 11:08:49 --> [DEPRECATED] Passing lowercase HTTP method "get" is deprecated. Use uppercase HTTP method like "GET". in SYSTEMPATH\Router\RouteCollection.php on line 1026.
 1 SYSTEMPATH\Router\RouteCollection.php(1026): trigger_error('Passing lowercase HTTP method "get" is deprecated. Use uppercase HTTP method like "GET".', 16384)
 2 APPPATH\Config\Routes.php(88): CodeIgniter\Router\RouteCollection->match([...], 'user/edit', 'User\\UserController::editProfile')
 3 SYSTEMPATH\Router\RouteCollection.php(339): require('C:\\wamp64\\www\\ci-learn_affix\\app\\Config\\Routes.php')
 4 SYSTEMPATH\CodeIgniter.php(821): CodeIgniter\Router\RouteCollection->loadRoutes()
 5 SYSTEMPATH\CodeIgniter.php(455): CodeIgniter\CodeIgniter->tryToRouteIt(null)
 6 SYSTEMPATH\CodeIgniter.php(354): CodeIgniter\CodeIgniter->handleRequest(null, Object(Config\Cache), false)
 7 SYSTEMPATH\Boot.php(334): CodeIgniter\CodeIgniter->run()
 8 SYSTEMPATH\Boot.php(67): CodeIgniter\Boot::runCodeIgniter(Object(CodeIgniter\CodeIgniter))
 9 FCPATH\index.php(56): CodeIgniter\Boot::bootWeb(Object(Config\Paths))
WARNING - 2025-04-17 11:08:49 --> [DEPRECATED] Passing lowercase HTTP method "post" is deprecated. Use uppercase HTTP method like "POST". in SYSTEMPATH\Router\RouteCollection.php on line 1026.
 1 SYSTEMPATH\Router\RouteCollection.php(1026): trigger_error('Passing lowercase HTTP method "post" is deprecated. Use uppercase HTTP method like "POST".', 16384)
 2 APPPATH\Config\Routes.php(88): CodeIgniter\Router\RouteCollection->match([...], 'user/edit', 'User\\UserController::editProfile')
 3 SYSTEMPATH\Router\RouteCollection.php(339): require('C:\\wamp64\\www\\ci-learn_affix\\app\\Config\\Routes.php')
 4 SYSTEMPATH\CodeIgniter.php(821): CodeIgniter\Router\RouteCollection->loadRoutes()
 5 SYSTEMPATH\CodeIgniter.php(455): CodeIgniter\CodeIgniter->tryToRouteIt(null)
 6 SYSTEMPATH\CodeIgniter.php(354): CodeIgniter\CodeIgniter->handleRequest(null, Object(Config\Cache), false)
 7 SYSTEMPATH\Boot.php(334): CodeIgniter\CodeIgniter->run()
 8 SYSTEMPATH\Boot.php(67): CodeIgniter\Boot::runCodeIgniter(Object(CodeIgniter\CodeIgniter))
 9 FCPATH\index.php(56): CodeIgniter\Boot::bootWeb(Object(Config\Paths))
DEBUG - 2025-04-17 11:08:52 --> Session: Class initialized using 'CodeIgniter\Session\Handlers\FileHandler' driver.
WARNING - 2025-04-17 11:08:52 --> [DEPRECATED] Passing lowercase HTTP method "get" is deprecated. Use uppercase HTTP method like "GET". in SYSTEMPATH\Router\RouteCollection.php on line 1026.
 1 SYSTEMPATH\Router\RouteCollection.php(1026): trigger_error('Passing lowercase HTTP method "get" is deprecated. Use uppercase HTTP method like "GET".', 16384)
 2 APPPATH\Config\Routes.php(88): CodeIgniter\Router\RouteCollection->match([...], 'user/edit', 'User\\UserController::editProfile')
 3 SYSTEMPATH\Router\RouteCollection.php(339): require('C:\\wamp64\\www\\ci-learn_affix\\app\\Config\\Routes.php')
 4 SYSTEMPATH\CodeIgniter.php(821): CodeIgniter\Router\RouteCollection->loadRoutes()
 5 SYSTEMPATH\CodeIgniter.php(455): CodeIgniter\CodeIgniter->tryToRouteIt(null)
 6 SYSTEMPATH\CodeIgniter.php(354): CodeIgniter\CodeIgniter->handleRequest(null, Object(Config\Cache), false)
 7 SYSTEMPATH\Boot.php(334): CodeIgniter\CodeIgniter->run()
 8 SYSTEMPATH\Boot.php(67): CodeIgniter\Boot::runCodeIgniter(Object(CodeIgniter\CodeIgniter))
 9 FCPATH\index.php(56): CodeIgniter\Boot::bootWeb(Object(Config\Paths))
WARNING - 2025-04-17 11:08:52 --> [DEPRECATED] Passing lowercase HTTP method "post" is deprecated. Use uppercase HTTP method like "POST". in SYSTEMPATH\Router\RouteCollection.php on line 1026.
 1 SYSTEMPATH\Router\RouteCollection.php(1026): trigger_error('Passing lowercase HTTP method "post" is deprecated. Use uppercase HTTP method like "POST".', 16384)
 2 APPPATH\Config\Routes.php(88): CodeIgniter\Router\RouteCollection->match([...], 'user/edit', 'User\\UserController::editProfile')
 3 SYSTEMPATH\Router\RouteCollection.php(339): require('C:\\wamp64\\www\\ci-learn_affix\\app\\Config\\Routes.php')
 4 SYSTEMPATH\CodeIgniter.php(821): CodeIgniter\Router\RouteCollection->loadRoutes()
 5 SYSTEMPATH\CodeIgniter.php(455): CodeIgniter\CodeIgniter->tryToRouteIt(null)
 6 SYSTEMPATH\CodeIgniter.php(354): CodeIgniter\CodeIgniter->handleRequest(null, Object(Config\Cache), false)
 7 SYSTEMPATH\Boot.php(334): CodeIgniter\CodeIgniter->run()
 8 SYSTEMPATH\Boot.php(67): CodeIgniter\Boot::runCodeIgniter(Object(CodeIgniter\CodeIgniter))
 9 FCPATH\index.php(56): CodeIgniter\Boot::bootWeb(Object(Config\Paths))
DEBUG - 2025-04-17 11:08:53 --> Session: Class initialized using 'CodeIgniter\Session\Handlers\FileHandler' driver.
DEBUG - 2025-04-17 11:08:53 --> Session: Class initialized using 'CodeIgniter\Session\Handlers\FileHandler' driver.
WARNING - 2025-04-17 11:08:53 --> [DEPRECATED] Passing lowercase HTTP method "get" is deprecated. Use uppercase HTTP method like "GET". in SYSTEMPATH\Router\RouteCollection.php on line 1026.
 1 SYSTEMPATH\Router\RouteCollection.php(1026): trigger_error('Passing lowercase HTTP method "get" is deprecated. Use uppercase HTTP method like "GET".', 16384)
 2 APPPATH\Config\Routes.php(88): CodeIgniter\Router\RouteCollection->match([...], 'user/edit', 'User\\UserController::editProfile')
 3 SYSTEMPATH\Router\RouteCollection.php(339): require('C:\\wamp64\\www\\ci-learn_affix\\app\\Config\\Routes.php')
 4 SYSTEMPATH\CodeIgniter.php(821): CodeIgniter\Router\RouteCollection->loadRoutes()
 5 SYSTEMPATH\CodeIgniter.php(455): CodeIgniter\CodeIgniter->tryToRouteIt(null)
 6 SYSTEMPATH\CodeIgniter.php(354): CodeIgniter\CodeIgniter->handleRequest(null, Object(Config\Cache), false)
 7 SYSTEMPATH\Boot.php(334): CodeIgniter\CodeIgniter->run()
 8 SYSTEMPATH\Boot.php(67): CodeIgniter\Boot::runCodeIgniter(Object(CodeIgniter\CodeIgniter))
 9 FCPATH\index.php(56): CodeIgniter\Boot::bootWeb(Object(Config\Paths))
WARNING - 2025-04-17 11:08:53 --> [DEPRECATED] Passing lowercase HTTP method "post" is deprecated. Use uppercase HTTP method like "POST". in SYSTEMPATH\Router\RouteCollection.php on line 1026.
 1 SYSTEMPATH\Router\RouteCollection.php(1026): trigger_error('Passing lowercase HTTP method "post" is deprecated. Use uppercase HTTP method like "POST".', 16384)
 2 APPPATH\Config\Routes.php(88): CodeIgniter\Router\RouteCollection->match([...], 'user/edit', 'User\\UserController::editProfile')
 3 SYSTEMPATH\Router\RouteCollection.php(339): require('C:\\wamp64\\www\\ci-learn_affix\\app\\Config\\Routes.php')
 4 SYSTEMPATH\CodeIgniter.php(821): CodeIgniter\Router\RouteCollection->loadRoutes()
 5 SYSTEMPATH\CodeIgniter.php(455): CodeIgniter\CodeIgniter->tryToRouteIt(null)
 6 SYSTEMPATH\CodeIgniter.php(354): CodeIgniter\CodeIgniter->handleRequest(null, Object(Config\Cache), false)
 7 SYSTEMPATH\Boot.php(334): CodeIgniter\CodeIgniter->run()
 8 SYSTEMPATH\Boot.php(67): CodeIgniter\Boot::runCodeIgniter(Object(CodeIgniter\CodeIgniter))
 9 FCPATH\index.php(56): CodeIgniter\Boot::bootWeb(Object(Config\Paths))
DEBUG - 2025-04-17 11:09:01 --> Session: Class initialized using 'CodeIgniter\Session\Handlers\FileHandler' driver.
WARNING - 2025-04-17 11:09:01 --> [DEPRECATED] Passing lowercase HTTP method "get" is deprecated. Use uppercase HTTP method like "GET". in SYSTEMPATH\Router\RouteCollection.php on line 1026.
 1 SYSTEMPATH\Router\RouteCollection.php(1026): trigger_error('Passing lowercase HTTP method "get" is deprecated. Use uppercase HTTP method like "GET".', 16384)
 2 APPPATH\Config\Routes.php(88): CodeIgniter\Router\RouteCollection->match([...], 'user/edit', 'User\\UserController::editProfile')
 3 SYSTEMPATH\Router\RouteCollection.php(339): require('C:\\wamp64\\www\\ci-learn_affix\\app\\Config\\Routes.php')
 4 SYSTEMPATH\CodeIgniter.php(821): CodeIgniter\Router\RouteCollection->loadRoutes()
 5 SYSTEMPATH\CodeIgniter.php(455): CodeIgniter\CodeIgniter->tryToRouteIt(null)
 6 SYSTEMPATH\CodeIgniter.php(354): CodeIgniter\CodeIgniter->handleRequest(null, Object(Config\Cache), false)
 7 SYSTEMPATH\Boot.php(334): CodeIgniter\CodeIgniter->run()
 8 SYSTEMPATH\Boot.php(67): CodeIgniter\Boot::runCodeIgniter(Object(CodeIgniter\CodeIgniter))
 9 FCPATH\index.php(56): CodeIgniter\Boot::bootWeb(Object(Config\Paths))
WARNING - 2025-04-17 11:09:01 --> [DEPRECATED] Passing lowercase HTTP method "post" is deprecated. Use uppercase HTTP method like "POST". in SYSTEMPATH\Router\RouteCollection.php on line 1026.
 1 SYSTEMPATH\Router\RouteCollection.php(1026): trigger_error('Passing lowercase HTTP method "post" is deprecated. Use uppercase HTTP method like "POST".', 16384)
 2 APPPATH\Config\Routes.php(88): CodeIgniter\Router\RouteCollection->match([...], 'user/edit', 'User\\UserController::editProfile')
 3 SYSTEMPATH\Router\RouteCollection.php(339): require('C:\\wamp64\\www\\ci-learn_affix\\app\\Config\\Routes.php')
 4 SYSTEMPATH\CodeIgniter.php(821): CodeIgniter\Router\RouteCollection->loadRoutes()
 5 SYSTEMPATH\CodeIgniter.php(455): CodeIgniter\CodeIgniter->tryToRouteIt(null)
 6 SYSTEMPATH\CodeIgniter.php(354): CodeIgniter\CodeIgniter->handleRequest(null, Object(Config\Cache), false)
 7 SYSTEMPATH\Boot.php(334): CodeIgniter\CodeIgniter->run()
 8 SYSTEMPATH\Boot.php(67): CodeIgniter\Boot::runCodeIgniter(Object(CodeIgniter\CodeIgniter))
 9 FCPATH\index.php(56): CodeIgniter\Boot::bootWeb(Object(Config\Paths))
DEBUG - 2025-04-17 11:09:01 --> Session: Class initialized using 'CodeIgniter\Session\Handlers\FileHandler' driver.
WARNING - 2025-04-17 11:09:01 --> [DEPRECATED] Passing lowercase HTTP method "get" is deprecated. Use uppercase HTTP method like "GET". in SYSTEMPATH\Router\RouteCollection.php on line 1026.
 1 SYSTEMPATH\Router\RouteCollection.php(1026): trigger_error('Passing lowercase HTTP method "get" is deprecated. Use uppercase HTTP method like "GET".', 16384)
 2 APPPATH\Config\Routes.php(88): CodeIgniter\Router\RouteCollection->match([...], 'user/edit', 'User\\UserController::editProfile')
 3 SYSTEMPATH\Router\RouteCollection.php(339): require('C:\\wamp64\\www\\ci-learn_affix\\app\\Config\\Routes.php')
 4 SYSTEMPATH\CodeIgniter.php(821): CodeIgniter\Router\RouteCollection->loadRoutes()
 5 SYSTEMPATH\CodeIgniter.php(455): CodeIgniter\CodeIgniter->tryToRouteIt(null)
 6 SYSTEMPATH\CodeIgniter.php(354): CodeIgniter\CodeIgniter->handleRequest(null, Object(Config\Cache), false)
 7 SYSTEMPATH\Boot.php(334): CodeIgniter\CodeIgniter->run()
 8 SYSTEMPATH\Boot.php(67): CodeIgniter\Boot::runCodeIgniter(Object(CodeIgniter\CodeIgniter))
 9 FCPATH\index.php(56): CodeIgniter\Boot::bootWeb(Object(Config\Paths))
WARNING - 2025-04-17 11:09:01 --> [DEPRECATED] Passing lowercase HTTP method "post" is deprecated. Use uppercase HTTP method like "POST". in SYSTEMPATH\Router\RouteCollection.php on line 1026.
 1 SYSTEMPATH\Router\RouteCollection.php(1026): trigger_error('Passing lowercase HTTP method "post" is deprecated. Use uppercase HTTP method like "POST".', 16384)
 2 APPPATH\Config\Routes.php(88): CodeIgniter\Router\RouteCollection->match([...], 'user/edit', 'User\\UserController::editProfile')
 3 SYSTEMPATH\Router\RouteCollection.php(339): require('C:\\wamp64\\www\\ci-learn_affix\\app\\Config\\Routes.php')
 4 SYSTEMPATH\CodeIgniter.php(821): CodeIgniter\Router\RouteCollection->loadRoutes()
 5 SYSTEMPATH\CodeIgniter.php(455): CodeIgniter\CodeIgniter->tryToRouteIt(null)
 6 SYSTEMPATH\CodeIgniter.php(354): CodeIgniter\CodeIgniter->handleRequest(null, Object(Config\Cache), false)
 7 SYSTEMPATH\Boot.php(334): CodeIgniter\CodeIgniter->run()
 8 SYSTEMPATH\Boot.php(67): CodeIgniter\Boot::runCodeIgniter(Object(CodeIgniter\CodeIgniter))
 9 FCPATH\index.php(56): CodeIgniter\Boot::bootWeb(Object(Config\Paths))
DEBUG - 2025-04-17 11:09:02 --> Session: Class initialized using 'CodeIgniter\Session\Handlers\FileHandler' driver.
DEBUG - 2025-04-17 11:09:02 --> Session: Class initialized using 'CodeIgniter\Session\Handlers\FileHandler' driver.
WARNING - 2025-04-17 11:09:02 --> [DEPRECATED] Passing lowercase HTTP method "get" is deprecated. Use uppercase HTTP method like "GET". in SYSTEMPATH\Router\RouteCollection.php on line 1026.
 1 SYSTEMPATH\Router\RouteCollection.php(1026): trigger_error('Passing lowercase HTTP method "get" is deprecated. Use uppercase HTTP method like "GET".', 16384)
 2 APPPATH\Config\Routes.php(88): CodeIgniter\Router\RouteCollection->match([...], 'user/edit', 'User\\UserController::editProfile')
 3 SYSTEMPATH\Router\RouteCollection.php(339): require('C:\\wamp64\\www\\ci-learn_affix\\app\\Config\\Routes.php')
 4 SYSTEMPATH\CodeIgniter.php(821): CodeIgniter\Router\RouteCollection->loadRoutes()
 5 SYSTEMPATH\CodeIgniter.php(455): CodeIgniter\CodeIgniter->tryToRouteIt(null)
 6 SYSTEMPATH\CodeIgniter.php(354): CodeIgniter\CodeIgniter->handleRequest(null, Object(Config\Cache), false)
 7 SYSTEMPATH\Boot.php(334): CodeIgniter\CodeIgniter->run()
 8 SYSTEMPATH\Boot.php(67): CodeIgniter\Boot::runCodeIgniter(Object(CodeIgniter\CodeIgniter))
 9 FCPATH\index.php(56): CodeIgniter\Boot::bootWeb(Object(Config\Paths))
WARNING - 2025-04-17 11:09:02 --> [DEPRECATED] Passing lowercase HTTP method "post" is deprecated. Use uppercase HTTP method like "POST". in SYSTEMPATH\Router\RouteCollection.php on line 1026.
 1 SYSTEMPATH\Router\RouteCollection.php(1026): trigger_error('Passing lowercase HTTP method "post" is deprecated. Use uppercase HTTP method like "POST".', 16384)
 2 APPPATH\Config\Routes.php(88): CodeIgniter\Router\RouteCollection->match([...], 'user/edit', 'User\\UserController::editProfile')
 3 SYSTEMPATH\Router\RouteCollection.php(339): require('C:\\wamp64\\www\\ci-learn_affix\\app\\Config\\Routes.php')
 4 SYSTEMPATH\CodeIgniter.php(821): CodeIgniter\Router\RouteCollection->loadRoutes()
 5 SYSTEMPATH\CodeIgniter.php(455): CodeIgniter\CodeIgniter->tryToRouteIt(null)
 6 SYSTEMPATH\CodeIgniter.php(354): CodeIgniter\CodeIgniter->handleRequest(null, Object(Config\Cache), false)
 7 SYSTEMPATH\Boot.php(334): CodeIgniter\CodeIgniter->run()
 8 SYSTEMPATH\Boot.php(67): CodeIgniter\Boot::runCodeIgniter(Object(CodeIgniter\CodeIgniter))
 9 FCPATH\index.php(56): CodeIgniter\Boot::bootWeb(Object(Config\Paths))
DEBUG - 2025-04-17 11:09:09 --> Session: Class initialized using 'CodeIgniter\Session\Handlers\FileHandler' driver.
WARNING - 2025-04-17 11:09:10 --> [DEPRECATED] Passing lowercase HTTP method "get" is deprecated. Use uppercase HTTP method like "GET". in SYSTEMPATH\Router\RouteCollection.php on line 1026.
 1 SYSTEMPATH\Router\RouteCollection.php(1026): trigger_error('Passing lowercase HTTP method "get" is deprecated. Use uppercase HTTP method like "GET".', 16384)
 2 APPPATH\Config\Routes.php(88): CodeIgniter\Router\RouteCollection->match([...], 'user/edit', 'User\\UserController::editProfile')
 3 SYSTEMPATH\Router\RouteCollection.php(339): require('C:\\wamp64\\www\\ci-learn_affix\\app\\Config\\Routes.php')
 4 SYSTEMPATH\CodeIgniter.php(821): CodeIgniter\Router\RouteCollection->loadRoutes()
 5 SYSTEMPATH\CodeIgniter.php(455): CodeIgniter\CodeIgniter->tryToRouteIt(null)
 6 SYSTEMPATH\CodeIgniter.php(354): CodeIgniter\CodeIgniter->handleRequest(null, Object(Config\Cache), false)
 7 SYSTEMPATH\Boot.php(334): CodeIgniter\CodeIgniter->run()
 8 SYSTEMPATH\Boot.php(67): CodeIgniter\Boot::runCodeIgniter(Object(CodeIgniter\CodeIgniter))
 9 FCPATH\index.php(56): CodeIgniter\Boot::bootWeb(Object(Config\Paths))
WARNING - 2025-04-17 11:09:10 --> [DEPRECATED] Passing lowercase HTTP method "post" is deprecated. Use uppercase HTTP method like "POST". in SYSTEMPATH\Router\RouteCollection.php on line 1026.
 1 SYSTEMPATH\Router\RouteCollection.php(1026): trigger_error('Passing lowercase HTTP method "post" is deprecated. Use uppercase HTTP method like "POST".', 16384)
 2 APPPATH\Config\Routes.php(88): CodeIgniter\Router\RouteCollection->match([...], 'user/edit', 'User\\UserController::editProfile')
 3 SYSTEMPATH\Router\RouteCollection.php(339): require('C:\\wamp64\\www\\ci-learn_affix\\app\\Config\\Routes.php')
 4 SYSTEMPATH\CodeIgniter.php(821): CodeIgniter\Router\RouteCollection->loadRoutes()
 5 SYSTEMPATH\CodeIgniter.php(455): CodeIgniter\CodeIgniter->tryToRouteIt(null)
 6 SYSTEMPATH\CodeIgniter.php(354): CodeIgniter\CodeIgniter->handleRequest(null, Object(Config\Cache), false)
 7 SYSTEMPATH\Boot.php(334): CodeIgniter\CodeIgniter->run()
 8 SYSTEMPATH\Boot.php(67): CodeIgniter\Boot::runCodeIgniter(Object(CodeIgniter\CodeIgniter))
 9 FCPATH\index.php(56): CodeIgniter\Boot::bootWeb(Object(Config\Paths))
DEBUG - 2025-04-17 11:09:10 --> Session: Class initialized using 'CodeIgniter\Session\Handlers\FileHandler' driver.
DEBUG - 2025-04-17 11:09:10 --> Session: Class initialized using 'CodeIgniter\Session\Handlers\FileHandler' driver.
WARNING - 2025-04-17 11:09:10 --> [DEPRECATED] Passing lowercase HTTP method "get" is deprecated. Use uppercase HTTP method like "GET". in SYSTEMPATH\Router\RouteCollection.php on line 1026.
 1 SYSTEMPATH\Router\RouteCollection.php(1026): trigger_error('Passing lowercase HTTP method "get" is deprecated. Use uppercase HTTP method like "GET".', 16384)
 2 APPPATH\Config\Routes.php(88): CodeIgniter\Router\RouteCollection->match([...], 'user/edit', 'User\\UserController::editProfile')
 3 SYSTEMPATH\Router\RouteCollection.php(339): require('C:\\wamp64\\www\\ci-learn_affix\\app\\Config\\Routes.php')
 4 SYSTEMPATH\CodeIgniter.php(821): CodeIgniter\Router\RouteCollection->loadRoutes()
 5 SYSTEMPATH\CodeIgniter.php(455): CodeIgniter\CodeIgniter->tryToRouteIt(null)
 6 SYSTEMPATH\CodeIgniter.php(354): CodeIgniter\CodeIgniter->handleRequest(null, Object(Config\Cache), false)
 7 SYSTEMPATH\Boot.php(334): CodeIgniter\CodeIgniter->run()
 8 SYSTEMPATH\Boot.php(67): CodeIgniter\Boot::runCodeIgniter(Object(CodeIgniter\CodeIgniter))
 9 FCPATH\index.php(56): CodeIgniter\Boot::bootWeb(Object(Config\Paths))
WARNING - 2025-04-17 11:09:10 --> [DEPRECATED] Passing lowercase HTTP method "post" is deprecated. Use uppercase HTTP method like "POST". in SYSTEMPATH\Router\RouteCollection.php on line 1026.
 1 SYSTEMPATH\Router\RouteCollection.php(1026): trigger_error('Passing lowercase HTTP method "post" is deprecated. Use uppercase HTTP method like "POST".', 16384)
 2 APPPATH\Config\Routes.php(88): CodeIgniter\Router\RouteCollection->match([...], 'user/edit', 'User\\UserController::editProfile')
 3 SYSTEMPATH\Router\RouteCollection.php(339): require('C:\\wamp64\\www\\ci-learn_affix\\app\\Config\\Routes.php')
 4 SYSTEMPATH\CodeIgniter.php(821): CodeIgniter\Router\RouteCollection->loadRoutes()
 5 SYSTEMPATH\CodeIgniter.php(455): CodeIgniter\CodeIgniter->tryToRouteIt(null)
 6 SYSTEMPATH\CodeIgniter.php(354): CodeIgniter\CodeIgniter->handleRequest(null, Object(Config\Cache), false)
 7 SYSTEMPATH\Boot.php(334): CodeIgniter\CodeIgniter->run()
 8 SYSTEMPATH\Boot.php(67): CodeIgniter\Boot::runCodeIgniter(Object(CodeIgniter\CodeIgniter))
 9 FCPATH\index.php(56): CodeIgniter\Boot::bootWeb(Object(Config\Paths))
DEBUG - 2025-04-17 12:07:53 --> Session: Class initialized using 'CodeIgniter\Session\Handlers\FileHandler' driver.
WARNING - 2025-04-17 12:07:53 --> [DEPRECATED] Passing lowercase HTTP method "get" is deprecated. Use uppercase HTTP method like "GET". in SYSTEMPATH\Router\RouteCollection.php on line 1026.
 1 SYSTEMPATH\Router\RouteCollection.php(1026): trigger_error('Passing lowercase HTTP method "get" is deprecated. Use uppercase HTTP method like "GET".', 16384)
 2 APPPATH\Config\Routes.php(88): CodeIgniter\Router\RouteCollection->match([...], 'user/edit', 'User\\UserController::editProfile')
 3 SYSTEMPATH\Router\RouteCollection.php(339): require('C:\\wamp64\\www\\ci-learn_affix\\app\\Config\\Routes.php')
 4 SYSTEMPATH\CodeIgniter.php(821): CodeIgniter\Router\RouteCollection->loadRoutes()
 5 SYSTEMPATH\CodeIgniter.php(455): CodeIgniter\CodeIgniter->tryToRouteIt(null)
 6 SYSTEMPATH\CodeIgniter.php(354): CodeIgniter\CodeIgniter->handleRequest(null, Object(Config\Cache), false)
 7 SYSTEMPATH\Boot.php(334): CodeIgniter\CodeIgniter->run()
 8 SYSTEMPATH\Boot.php(67): CodeIgniter\Boot::runCodeIgniter(Object(CodeIgniter\CodeIgniter))
 9 FCPATH\index.php(56): CodeIgniter\Boot::bootWeb(Object(Config\Paths))
WARNING - 2025-04-17 12:07:53 --> [DEPRECATED] Passing lowercase HTTP method "post" is deprecated. Use uppercase HTTP method like "POST". in SYSTEMPATH\Router\RouteCollection.php on line 1026.
 1 SYSTEMPATH\Router\RouteCollection.php(1026): trigger_error('Passing lowercase HTTP method "post" is deprecated. Use uppercase HTTP method like "POST".', 16384)
 2 APPPATH\Config\Routes.php(88): CodeIgniter\Router\RouteCollection->match([...], 'user/edit', 'User\\UserController::editProfile')
 3 SYSTEMPATH\Router\RouteCollection.php(339): require('C:\\wamp64\\www\\ci-learn_affix\\app\\Config\\Routes.php')
 4 SYSTEMPATH\CodeIgniter.php(821): CodeIgniter\Router\RouteCollection->loadRoutes()
 5 SYSTEMPATH\CodeIgniter.php(455): CodeIgniter\CodeIgniter->tryToRouteIt(null)
 6 SYSTEMPATH\CodeIgniter.php(354): CodeIgniter\CodeIgniter->handleRequest(null, Object(Config\Cache), false)
 7 SYSTEMPATH\Boot.php(334): CodeIgniter\CodeIgniter->run()
 8 SYSTEMPATH\Boot.php(67): CodeIgniter\Boot::runCodeIgniter(Object(CodeIgniter\CodeIgniter))
 9 FCPATH\index.php(56): CodeIgniter\Boot::bootWeb(Object(Config\Paths))
DEBUG - 2025-04-17 12:07:53 --> Session: Class initialized using 'CodeIgniter\Session\Handlers\FileHandler' driver.
WARNING - 2025-04-17 12:07:53 --> [DEPRECATED] Passing lowercase HTTP method "get" is deprecated. Use uppercase HTTP method like "GET". in SYSTEMPATH\Router\RouteCollection.php on line 1026.
 1 SYSTEMPATH\Router\RouteCollection.php(1026): trigger_error('Passing lowercase HTTP method "get" is deprecated. Use uppercase HTTP method like "GET".', 16384)
 2 APPPATH\Config\Routes.php(88): CodeIgniter\Router\RouteCollection->match([...], 'user/edit', 'User\\UserController::editProfile')
 3 SYSTEMPATH\Router\RouteCollection.php(339): require('C:\\wamp64\\www\\ci-learn_affix\\app\\Config\\Routes.php')
 4 SYSTEMPATH\CodeIgniter.php(821): CodeIgniter\Router\RouteCollection->loadRoutes()
 5 SYSTEMPATH\CodeIgniter.php(455): CodeIgniter\CodeIgniter->tryToRouteIt(null)
 6 SYSTEMPATH\CodeIgniter.php(354): CodeIgniter\CodeIgniter->handleRequest(null, Object(Config\Cache), false)
 7 SYSTEMPATH\Boot.php(334): CodeIgniter\CodeIgniter->run()
 8 SYSTEMPATH\Boot.php(67): CodeIgniter\Boot::runCodeIgniter(Object(CodeIgniter\CodeIgniter))
 9 FCPATH\index.php(56): CodeIgniter\Boot::bootWeb(Object(Config\Paths))
WARNING - 2025-04-17 12:07:53 --> [DEPRECATED] Passing lowercase HTTP method "post" is deprecated. Use uppercase HTTP method like "POST". in SYSTEMPATH\Router\RouteCollection.php on line 1026.
 1 SYSTEMPATH\Router\RouteCollection.php(1026): trigger_error('Passing lowercase HTTP method "post" is deprecated. Use uppercase HTTP method like "POST".', 16384)
 2 APPPATH\Config\Routes.php(88): CodeIgniter\Router\RouteCollection->match([...], 'user/edit', 'User\\UserController::editProfile')
 3 SYSTEMPATH\Router\RouteCollection.php(339): require('C:\\wamp64\\www\\ci-learn_affix\\app\\Config\\Routes.php')
 4 SYSTEMPATH\CodeIgniter.php(821): CodeIgniter\Router\RouteCollection->loadRoutes()
 5 SYSTEMPATH\CodeIgniter.php(455): CodeIgniter\CodeIgniter->tryToRouteIt(null)
 6 SYSTEMPATH\CodeIgniter.php(354): CodeIgniter\CodeIgniter->handleRequest(null, Object(Config\Cache), false)
 7 SYSTEMPATH\Boot.php(334): CodeIgniter\CodeIgniter->run()
 8 SYSTEMPATH\Boot.php(67): CodeIgniter\Boot::runCodeIgniter(Object(CodeIgniter\CodeIgniter))
 9 FCPATH\index.php(56): CodeIgniter\Boot::bootWeb(Object(Config\Paths))
DEBUG - 2025-04-17 12:08:08 --> Session: Class initialized using 'CodeIgniter\Session\Handlers\FileHandler' driver.
DEBUG - 2025-04-17 12:08:08 --> Session: Class initialized using 'CodeIgniter\Session\Handlers\FileHandler' driver.
WARNING - 2025-04-17 12:08:08 --> [DEPRECATED] Passing lowercase HTTP method "get" is deprecated. Use uppercase HTTP method like "GET". in SYSTEMPATH\Router\RouteCollection.php on line 1026.
 1 SYSTEMPATH\Router\RouteCollection.php(1026): trigger_error('Passing lowercase HTTP method "get" is deprecated. Use uppercase HTTP method like "GET".', 16384)
 2 APPPATH\Config\Routes.php(88): CodeIgniter\Router\RouteCollection->match([...], 'user/edit', 'User\\UserController::editProfile')
 3 SYSTEMPATH\Router\RouteCollection.php(339): require('C:\\wamp64\\www\\ci-learn_affix\\app\\Config\\Routes.php')
 4 SYSTEMPATH\CodeIgniter.php(821): CodeIgniter\Router\RouteCollection->loadRoutes()
 5 SYSTEMPATH\CodeIgniter.php(455): CodeIgniter\CodeIgniter->tryToRouteIt(null)
 6 SYSTEMPATH\CodeIgniter.php(354): CodeIgniter\CodeIgniter->handleRequest(null, Object(Config\Cache), false)
 7 SYSTEMPATH\Boot.php(334): CodeIgniter\CodeIgniter->run()
 8 SYSTEMPATH\Boot.php(67): CodeIgniter\Boot::runCodeIgniter(Object(CodeIgniter\CodeIgniter))
 9 FCPATH\index.php(56): CodeIgniter\Boot::bootWeb(Object(Config\Paths))
WARNING - 2025-04-17 12:08:08 --> [DEPRECATED] Passing lowercase HTTP method "post" is deprecated. Use uppercase HTTP method like "POST". in SYSTEMPATH\Router\RouteCollection.php on line 1026.
 1 SYSTEMPATH\Router\RouteCollection.php(1026): trigger_error('Passing lowercase HTTP method "post" is deprecated. Use uppercase HTTP method like "POST".', 16384)
 2 APPPATH\Config\Routes.php(88): CodeIgniter\Router\RouteCollection->match([...], 'user/edit', 'User\\UserController::editProfile')
 3 SYSTEMPATH\Router\RouteCollection.php(339): require('C:\\wamp64\\www\\ci-learn_affix\\app\\Config\\Routes.php')
 4 SYSTEMPATH\CodeIgniter.php(821): CodeIgniter\Router\RouteCollection->loadRoutes()
 5 SYSTEMPATH\CodeIgniter.php(455): CodeIgniter\CodeIgniter->tryToRouteIt(null)
 6 SYSTEMPATH\CodeIgniter.php(354): CodeIgniter\CodeIgniter->handleRequest(null, Object(Config\Cache), false)
 7 SYSTEMPATH\Boot.php(334): CodeIgniter\CodeIgniter->run()
 8 SYSTEMPATH\Boot.php(67): CodeIgniter\Boot::runCodeIgniter(Object(CodeIgniter\CodeIgniter))
 9 FCPATH\index.php(56): CodeIgniter\Boot::bootWeb(Object(Config\Paths))
DEBUG - 2025-04-17 12:08:19 --> Session: Class initialized using 'CodeIgniter\Session\Handlers\FileHandler' driver.
WARNING - 2025-04-17 12:08:19 --> [DEPRECATED] Passing lowercase HTTP method "get" is deprecated. Use uppercase HTTP method like "GET". in SYSTEMPATH\Router\RouteCollection.php on line 1026.
 1 SYSTEMPATH\Router\RouteCollection.php(1026): trigger_error('Passing lowercase HTTP method "get" is deprecated. Use uppercase HTTP method like "GET".', 16384)
 2 APPPATH\Config\Routes.php(88): CodeIgniter\Router\RouteCollection->match([...], 'user/edit', 'User\\UserController::editProfile')
 3 SYSTEMPATH\Router\RouteCollection.php(339): require('C:\\wamp64\\www\\ci-learn_affix\\app\\Config\\Routes.php')
 4 SYSTEMPATH\CodeIgniter.php(821): CodeIgniter\Router\RouteCollection->loadRoutes()
 5 SYSTEMPATH\CodeIgniter.php(455): CodeIgniter\CodeIgniter->tryToRouteIt(null)
 6 SYSTEMPATH\CodeIgniter.php(354): CodeIgniter\CodeIgniter->handleRequest(null, Object(Config\Cache), false)
 7 SYSTEMPATH\Boot.php(334): CodeIgniter\CodeIgniter->run()
 8 SYSTEMPATH\Boot.php(67): CodeIgniter\Boot::runCodeIgniter(Object(CodeIgniter\CodeIgniter))
 9 FCPATH\index.php(56): CodeIgniter\Boot::bootWeb(Object(Config\Paths))
WARNING - 2025-04-17 12:08:19 --> [DEPRECATED] Passing lowercase HTTP method "post" is deprecated. Use uppercase HTTP method like "POST". in SYSTEMPATH\Router\RouteCollection.php on line 1026.
 1 SYSTEMPATH\Router\RouteCollection.php(1026): trigger_error('Passing lowercase HTTP method "post" is deprecated. Use uppercase HTTP method like "POST".', 16384)
 2 APPPATH\Config\Routes.php(88): CodeIgniter\Router\RouteCollection->match([...], 'user/edit', 'User\\UserController::editProfile')
 3 SYSTEMPATH\Router\RouteCollection.php(339): require('C:\\wamp64\\www\\ci-learn_affix\\app\\Config\\Routes.php')
 4 SYSTEMPATH\CodeIgniter.php(821): CodeIgniter\Router\RouteCollection->loadRoutes()
 5 SYSTEMPATH\CodeIgniter.php(455): CodeIgniter\CodeIgniter->tryToRouteIt(null)
 6 SYSTEMPATH\CodeIgniter.php(354): CodeIgniter\CodeIgniter->handleRequest(null, Object(Config\Cache), false)
 7 SYSTEMPATH\Boot.php(334): CodeIgniter\CodeIgniter->run()
 8 SYSTEMPATH\Boot.php(67): CodeIgniter\Boot::runCodeIgniter(Object(CodeIgniter\CodeIgniter))
 9 FCPATH\index.php(56): CodeIgniter\Boot::bootWeb(Object(Config\Paths))
DEBUG - 2025-04-17 12:08:20 --> Session: Class initialized using 'CodeIgniter\Session\Handlers\FileHandler' driver.
WARNING - 2025-04-17 12:08:20 --> [DEPRECATED] Passing lowercase HTTP method "get" is deprecated. Use uppercase HTTP method like "GET". in SYSTEMPATH\Router\RouteCollection.php on line 1026.
 1 SYSTEMPATH\Router\RouteCollection.php(1026): trigger_error('Passing lowercase HTTP method "get" is deprecated. Use uppercase HTTP method like "GET".', 16384)
 2 APPPATH\Config\Routes.php(88): CodeIgniter\Router\RouteCollection->match([...], 'user/edit', 'User\\UserController::editProfile')
 3 SYSTEMPATH\Router\RouteCollection.php(339): require('C:\\wamp64\\www\\ci-learn_affix\\app\\Config\\Routes.php')
 4 SYSTEMPATH\CodeIgniter.php(821): CodeIgniter\Router\RouteCollection->loadRoutes()
 5 SYSTEMPATH\CodeIgniter.php(455): CodeIgniter\CodeIgniter->tryToRouteIt(null)
 6 SYSTEMPATH\CodeIgniter.php(354): CodeIgniter\CodeIgniter->handleRequest(null, Object(Config\Cache), false)
 7 SYSTEMPATH\Boot.php(334): CodeIgniter\CodeIgniter->run()
 8 SYSTEMPATH\Boot.php(67): CodeIgniter\Boot::runCodeIgniter(Object(CodeIgniter\CodeIgniter))
 9 FCPATH\index.php(56): CodeIgniter\Boot::bootWeb(Object(Config\Paths))
WARNING - 2025-04-17 12:08:20 --> [DEPRECATED] Passing lowercase HTTP method "post" is deprecated. Use uppercase HTTP method like "POST". in SYSTEMPATH\Router\RouteCollection.php on line 1026.
 1 SYSTEMPATH\Router\RouteCollection.php(1026): trigger_error('Passing lowercase HTTP method "post" is deprecated. Use uppercase HTTP method like "POST".', 16384)
 2 APPPATH\Config\Routes.php(88): CodeIgniter\Router\RouteCollection->match([...], 'user/edit', 'User\\UserController::editProfile')
 3 SYSTEMPATH\Router\RouteCollection.php(339): require('C:\\wamp64\\www\\ci-learn_affix\\app\\Config\\Routes.php')
 4 SYSTEMPATH\CodeIgniter.php(821): CodeIgniter\Router\RouteCollection->loadRoutes()
 5 SYSTEMPATH\CodeIgniter.php(455): CodeIgniter\CodeIgniter->tryToRouteIt(null)
 6 SYSTEMPATH\CodeIgniter.php(354): CodeIgniter\CodeIgniter->handleRequest(null, Object(Config\Cache), false)
 7 SYSTEMPATH\Boot.php(334): CodeIgniter\CodeIgniter->run()
 8 SYSTEMPATH\Boot.php(67): CodeIgniter\Boot::runCodeIgniter(Object(CodeIgniter\CodeIgniter))
 9 FCPATH\index.php(56): CodeIgniter\Boot::bootWeb(Object(Config\Paths))
DEBUG - 2025-04-17 12:08:21 --> Session: Class initialized using 'CodeIgniter\Session\Handlers\FileHandler' driver.
DEBUG - 2025-04-17 12:08:22 --> Session: Class initialized using 'CodeIgniter\Session\Handlers\FileHandler' driver.
WARNING - 2025-04-17 12:08:22 --> [DEPRECATED] Passing lowercase HTTP method "get" is deprecated. Use uppercase HTTP method like "GET". in SYSTEMPATH\Router\RouteCollection.php on line 1026.
 1 SYSTEMPATH\Router\RouteCollection.php(1026): trigger_error('Passing lowercase HTTP method "get" is deprecated. Use uppercase HTTP method like "GET".', 16384)
 2 APPPATH\Config\Routes.php(88): CodeIgniter\Router\RouteCollection->match([...], 'user/edit', 'User\\UserController::editProfile')
 3 SYSTEMPATH\Router\RouteCollection.php(339): require('C:\\wamp64\\www\\ci-learn_affix\\app\\Config\\Routes.php')
 4 SYSTEMPATH\CodeIgniter.php(821): CodeIgniter\Router\RouteCollection->loadRoutes()
 5 SYSTEMPATH\CodeIgniter.php(455): CodeIgniter\CodeIgniter->tryToRouteIt(null)
 6 SYSTEMPATH\CodeIgniter.php(354): CodeIgniter\CodeIgniter->handleRequest(null, Object(Config\Cache), false)
 7 SYSTEMPATH\Boot.php(334): CodeIgniter\CodeIgniter->run()
 8 SYSTEMPATH\Boot.php(67): CodeIgniter\Boot::runCodeIgniter(Object(CodeIgniter\CodeIgniter))
 9 FCPATH\index.php(56): CodeIgniter\Boot::bootWeb(Object(Config\Paths))
WARNING - 2025-04-17 12:08:22 --> [DEPRECATED] Passing lowercase HTTP method "post" is deprecated. Use uppercase HTTP method like "POST". in SYSTEMPATH\Router\RouteCollection.php on line 1026.
 1 SYSTEMPATH\Router\RouteCollection.php(1026): trigger_error('Passing lowercase HTTP method "post" is deprecated. Use uppercase HTTP method like "POST".', 16384)
 2 APPPATH\Config\Routes.php(88): CodeIgniter\Router\RouteCollection->match([...], 'user/edit', 'User\\UserController::editProfile')
 3 SYSTEMPATH\Router\RouteCollection.php(339): require('C:\\wamp64\\www\\ci-learn_affix\\app\\Config\\Routes.php')
 4 SYSTEMPATH\CodeIgniter.php(821): CodeIgniter\Router\RouteCollection->loadRoutes()
 5 SYSTEMPATH\CodeIgniter.php(455): CodeIgniter\CodeIgniter->tryToRouteIt(null)
 6 SYSTEMPATH\CodeIgniter.php(354): CodeIgniter\CodeIgniter->handleRequest(null, Object(Config\Cache), false)
 7 SYSTEMPATH\Boot.php(334): CodeIgniter\CodeIgniter->run()
 8 SYSTEMPATH\Boot.php(67): CodeIgniter\Boot::runCodeIgniter(Object(CodeIgniter\CodeIgniter))
 9 FCPATH\index.php(56): CodeIgniter\Boot::bootWeb(Object(Config\Paths))
DEBUG - 2025-04-17 12:08:22 --> Session: Class initialized using 'CodeIgniter\Session\Handlers\FileHandler' driver.
WARNING - 2025-04-17 12:08:22 --> [DEPRECATED] Passing lowercase HTTP method "get" is deprecated. Use uppercase HTTP method like "GET". in SYSTEMPATH\Router\RouteCollection.php on line 1026.
 1 SYSTEMPATH\Router\RouteCollection.php(1026): trigger_error('Passing lowercase HTTP method "get" is deprecated. Use uppercase HTTP method like "GET".', 16384)
 2 APPPATH\Config\Routes.php(88): CodeIgniter\Router\RouteCollection->match([...], 'user/edit', 'User\\UserController::editProfile')
 3 SYSTEMPATH\Router\RouteCollection.php(339): require('C:\\wamp64\\www\\ci-learn_affix\\app\\Config\\Routes.php')
 4 SYSTEMPATH\CodeIgniter.php(821): CodeIgniter\Router\RouteCollection->loadRoutes()
 5 SYSTEMPATH\CodeIgniter.php(455): CodeIgniter\CodeIgniter->tryToRouteIt(null)
 6 SYSTEMPATH\CodeIgniter.php(354): CodeIgniter\CodeIgniter->handleRequest(null, Object(Config\Cache), false)
 7 SYSTEMPATH\Boot.php(334): CodeIgniter\CodeIgniter->run()
 8 SYSTEMPATH\Boot.php(67): CodeIgniter\Boot::runCodeIgniter(Object(CodeIgniter\CodeIgniter))
 9 FCPATH\index.php(56): CodeIgniter\Boot::bootWeb(Object(Config\Paths))
WARNING - 2025-04-17 12:08:22 --> [DEPRECATED] Passing lowercase HTTP method "post" is deprecated. Use uppercase HTTP method like "POST". in SYSTEMPATH\Router\RouteCollection.php on line 1026.
 1 SYSTEMPATH\Router\RouteCollection.php(1026): trigger_error('Passing lowercase HTTP method "post" is deprecated. Use uppercase HTTP method like "POST".', 16384)
 2 APPPATH\Config\Routes.php(88): CodeIgniter\Router\RouteCollection->match([...], 'user/edit', 'User\\UserController::editProfile')
 3 SYSTEMPATH\Router\RouteCollection.php(339): require('C:\\wamp64\\www\\ci-learn_affix\\app\\Config\\Routes.php')
 4 SYSTEMPATH\CodeIgniter.php(821): CodeIgniter\Router\RouteCollection->loadRoutes()
 5 SYSTEMPATH\CodeIgniter.php(455): CodeIgniter\CodeIgniter->tryToRouteIt(null)
 6 SYSTEMPATH\CodeIgniter.php(354): CodeIgniter\CodeIgniter->handleRequest(null, Object(Config\Cache), false)
 7 SYSTEMPATH\Boot.php(334): CodeIgniter\CodeIgniter->run()
 8 SYSTEMPATH\Boot.php(67): CodeIgniter\Boot::runCodeIgniter(Object(CodeIgniter\CodeIgniter))
 9 FCPATH\index.php(56): CodeIgniter\Boot::bootWeb(Object(Config\Paths))
DEBUG - 2025-04-17 12:08:22 --> Session: Class initialized using 'CodeIgniter\Session\Handlers\FileHandler' driver.
WARNING - 2025-04-17 12:08:22 --> [DEPRECATED] Passing lowercase HTTP method "get" is deprecated. Use uppercase HTTP method like "GET". in SYSTEMPATH\Router\RouteCollection.php on line 1026.
 1 SYSTEMPATH\Router\RouteCollection.php(1026): trigger_error('Passing lowercase HTTP method "get" is deprecated. Use uppercase HTTP method like "GET".', 16384)
 2 APPPATH\Config\Routes.php(88): CodeIgniter\Router\RouteCollection->match([...], 'user/edit', 'User\\UserController::editProfile')
 3 SYSTEMPATH\Router\RouteCollection.php(339): require('C:\\wamp64\\www\\ci-learn_affix\\app\\Config\\Routes.php')
 4 SYSTEMPATH\CodeIgniter.php(821): CodeIgniter\Router\RouteCollection->loadRoutes()
 5 SYSTEMPATH\CodeIgniter.php(455): CodeIgniter\CodeIgniter->tryToRouteIt(null)
 6 SYSTEMPATH\CodeIgniter.php(354): CodeIgniter\CodeIgniter->handleRequest(null, Object(Config\Cache), false)
 7 SYSTEMPATH\Boot.php(334): CodeIgniter\CodeIgniter->run()
 8 SYSTEMPATH\Boot.php(67): CodeIgniter\Boot::runCodeIgniter(Object(CodeIgniter\CodeIgniter))
 9 FCPATH\index.php(56): CodeIgniter\Boot::bootWeb(Object(Config\Paths))
WARNING - 2025-04-17 12:08:22 --> [DEPRECATED] Passing lowercase HTTP method "post" is deprecated. Use uppercase HTTP method like "POST". in SYSTEMPATH\Router\RouteCollection.php on line 1026.
 1 SYSTEMPATH\Router\RouteCollection.php(1026): trigger_error('Passing lowercase HTTP method "post" is deprecated. Use uppercase HTTP method like "POST".', 16384)
 2 APPPATH\Config\Routes.php(88): CodeIgniter\Router\RouteCollection->match([...], 'user/edit', 'User\\UserController::editProfile')
 3 SYSTEMPATH\Router\RouteCollection.php(339): require('C:\\wamp64\\www\\ci-learn_affix\\app\\Config\\Routes.php')
 4 SYSTEMPATH\CodeIgniter.php(821): CodeIgniter\Router\RouteCollection->loadRoutes()
 5 SYSTEMPATH\CodeIgniter.php(455): CodeIgniter\CodeIgniter->tryToRouteIt(null)
 6 SYSTEMPATH\CodeIgniter.php(354): CodeIgniter\CodeIgniter->handleRequest(null, Object(Config\Cache), false)
 7 SYSTEMPATH\Boot.php(334): CodeIgniter\CodeIgniter->run()
 8 SYSTEMPATH\Boot.php(67): CodeIgniter\Boot::runCodeIgniter(Object(CodeIgniter\CodeIgniter))
 9 FCPATH\index.php(56): CodeIgniter\Boot::bootWeb(Object(Config\Paths))
DEBUG - 2025-04-17 12:08:22 --> Session: Class initialized using 'CodeIgniter\Session\Handlers\FileHandler' driver.
WARNING - 2025-04-17 12:08:22 --> [DEPRECATED] Passing lowercase HTTP method "get" is deprecated. Use uppercase HTTP method like "GET". in SYSTEMPATH\Router\RouteCollection.php on line 1026.
 1 SYSTEMPATH\Router\RouteCollection.php(1026): trigger_error('Passing lowercase HTTP method "get" is deprecated. Use uppercase HTTP method like "GET".', 16384)
 2 APPPATH\Config\Routes.php(88): CodeIgniter\Router\RouteCollection->match([...], 'user/edit', 'User\\UserController::editProfile')
 3 SYSTEMPATH\Router\RouteCollection.php(339): require('C:\\wamp64\\www\\ci-learn_affix\\app\\Config\\Routes.php')
 4 SYSTEMPATH\CodeIgniter.php(821): CodeIgniter\Router\RouteCollection->loadRoutes()
 5 SYSTEMPATH\CodeIgniter.php(455): CodeIgniter\CodeIgniter->tryToRouteIt(null)
 6 SYSTEMPATH\CodeIgniter.php(354): CodeIgniter\CodeIgniter->handleRequest(null, Object(Config\Cache), false)
 7 SYSTEMPATH\Boot.php(334): CodeIgniter\CodeIgniter->run()
 8 SYSTEMPATH\Boot.php(67): CodeIgniter\Boot::runCodeIgniter(Object(CodeIgniter\CodeIgniter))
 9 FCPATH\index.php(56): CodeIgniter\Boot::bootWeb(Object(Config\Paths))
WARNING - 2025-04-17 12:08:22 --> [DEPRECATED] Passing lowercase HTTP method "post" is deprecated. Use uppercase HTTP method like "POST". in SYSTEMPATH\Router\RouteCollection.php on line 1026.
 1 SYSTEMPATH\Router\RouteCollection.php(1026): trigger_error('Passing lowercase HTTP method "post" is deprecated. Use uppercase HTTP method like "POST".', 16384)
 2 APPPATH\Config\Routes.php(88): CodeIgniter\Router\RouteCollection->match([...], 'user/edit', 'User\\UserController::editProfile')
 3 SYSTEMPATH\Router\RouteCollection.php(339): require('C:\\wamp64\\www\\ci-learn_affix\\app\\Config\\Routes.php')
 4 SYSTEMPATH\CodeIgniter.php(821): CodeIgniter\Router\RouteCollection->loadRoutes()
 5 SYSTEMPATH\CodeIgniter.php(455): CodeIgniter\CodeIgniter->tryToRouteIt(null)
 6 SYSTEMPATH\CodeIgniter.php(354): CodeIgniter\CodeIgniter->handleRequest(null, Object(Config\Cache), false)
 7 SYSTEMPATH\Boot.php(334): CodeIgniter\CodeIgniter->run()
 8 SYSTEMPATH\Boot.php(67): CodeIgniter\Boot::runCodeIgniter(Object(CodeIgniter\CodeIgniter))
 9 FCPATH\index.php(56): CodeIgniter\Boot::bootWeb(Object(Config\Paths))
DEBUG - 2025-04-17 12:08:23 --> Session: Class initialized using 'CodeIgniter\Session\Handlers\FileHandler' driver.
WARNING - 2025-04-17 12:08:23 --> [DEPRECATED] Passing lowercase HTTP method "get" is deprecated. Use uppercase HTTP method like "GET". in SYSTEMPATH\Router\RouteCollection.php on line 1026.
 1 SYSTEMPATH\Router\RouteCollection.php(1026): trigger_error('Passing lowercase HTTP method "get" is deprecated. Use uppercase HTTP method like "GET".', 16384)
 2 APPPATH\Config\Routes.php(88): CodeIgniter\Router\RouteCollection->match([...], 'user/edit', 'User\\UserController::editProfile')
 3 SYSTEMPATH\Router\RouteCollection.php(339): require('C:\\wamp64\\www\\ci-learn_affix\\app\\Config\\Routes.php')
 4 SYSTEMPATH\CodeIgniter.php(821): CodeIgniter\Router\RouteCollection->loadRoutes()
 5 SYSTEMPATH\CodeIgniter.php(455): CodeIgniter\CodeIgniter->tryToRouteIt(null)
 6 SYSTEMPATH\CodeIgniter.php(354): CodeIgniter\CodeIgniter->handleRequest(null, Object(Config\Cache), false)
 7 SYSTEMPATH\Boot.php(334): CodeIgniter\CodeIgniter->run()
 8 SYSTEMPATH\Boot.php(67): CodeIgniter\Boot::runCodeIgniter(Object(CodeIgniter\CodeIgniter))
 9 FCPATH\index.php(56): CodeIgniter\Boot::bootWeb(Object(Config\Paths))
WARNING - 2025-04-17 12:08:23 --> [DEPRECATED] Passing lowercase HTTP method "post" is deprecated. Use uppercase HTTP method like "POST". in SYSTEMPATH\Router\RouteCollection.php on line 1026.
 1 SYSTEMPATH\Router\RouteCollection.php(1026): trigger_error('Passing lowercase HTTP method "post" is deprecated. Use uppercase HTTP method like "POST".', 16384)
 2 APPPATH\Config\Routes.php(88): CodeIgniter\Router\RouteCollection->match([...], 'user/edit', 'User\\UserController::editProfile')
 3 SYSTEMPATH\Router\RouteCollection.php(339): require('C:\\wamp64\\www\\ci-learn_affix\\app\\Config\\Routes.php')
 4 SYSTEMPATH\CodeIgniter.php(821): CodeIgniter\Router\RouteCollection->loadRoutes()
 5 SYSTEMPATH\CodeIgniter.php(455): CodeIgniter\CodeIgniter->tryToRouteIt(null)
 6 SYSTEMPATH\CodeIgniter.php(354): CodeIgniter\CodeIgniter->handleRequest(null, Object(Config\Cache), false)
 7 SYSTEMPATH\Boot.php(334): CodeIgniter\CodeIgniter->run()
 8 SYSTEMPATH\Boot.php(67): CodeIgniter\Boot::runCodeIgniter(Object(CodeIgniter\CodeIgniter))
 9 FCPATH\index.php(56): CodeIgniter\Boot::bootWeb(Object(Config\Paths))
DEBUG - 2025-04-17 12:08:46 --> Session: Class initialized using 'CodeIgniter\Session\Handlers\FileHandler' driver.
INFO - 2025-04-17 12:08:46 --> CSRF token verified.
WARNING - 2025-04-17 12:08:46 --> [DEPRECATED] Passing lowercase HTTP method "get" is deprecated. Use uppercase HTTP method like "GET". in SYSTEMPATH\Router\RouteCollection.php on line 1026.
 1 SYSTEMPATH\Router\RouteCollection.php(1026): trigger_error('Passing lowercase HTTP method "get" is deprecated. Use uppercase HTTP method like "GET".', 16384)
 2 APPPATH\Config\Routes.php(88): CodeIgniter\Router\RouteCollection->match([...], 'user/edit', 'User\\UserController::editProfile')
 3 SYSTEMPATH\Router\RouteCollection.php(339): require('C:\\wamp64\\www\\ci-learn_affix\\app\\Config\\Routes.php')
 4 SYSTEMPATH\CodeIgniter.php(821): CodeIgniter\Router\RouteCollection->loadRoutes()
 5 SYSTEMPATH\CodeIgniter.php(455): CodeIgniter\CodeIgniter->tryToRouteIt(null)
 6 SYSTEMPATH\CodeIgniter.php(354): CodeIgniter\CodeIgniter->handleRequest(null, Object(Config\Cache), false)
 7 SYSTEMPATH\Boot.php(334): CodeIgniter\CodeIgniter->run()
 8 SYSTEMPATH\Boot.php(67): CodeIgniter\Boot::runCodeIgniter(Object(CodeIgniter\CodeIgniter))
 9 FCPATH\index.php(56): CodeIgniter\Boot::bootWeb(Object(Config\Paths))
WARNING - 2025-04-17 12:08:46 --> [DEPRECATED] Passing lowercase HTTP method "post" is deprecated. Use uppercase HTTP method like "POST". in SYSTEMPATH\Router\RouteCollection.php on line 1026.
 1 SYSTEMPATH\Router\RouteCollection.php(1026): trigger_error('Passing lowercase HTTP method "post" is deprecated. Use uppercase HTTP method like "POST".', 16384)
 2 APPPATH\Config\Routes.php(88): CodeIgniter\Router\RouteCollection->match([...], 'user/edit', 'User\\UserController::editProfile')
 3 SYSTEMPATH\Router\RouteCollection.php(339): require('C:\\wamp64\\www\\ci-learn_affix\\app\\Config\\Routes.php')
 4 SYSTEMPATH\CodeIgniter.php(821): CodeIgniter\Router\RouteCollection->loadRoutes()
 5 SYSTEMPATH\CodeIgniter.php(455): CodeIgniter\CodeIgniter->tryToRouteIt(null)
 6 SYSTEMPATH\CodeIgniter.php(354): CodeIgniter\CodeIgniter->handleRequest(null, Object(Config\Cache), false)
 7 SYSTEMPATH\Boot.php(334): CodeIgniter\CodeIgniter->run()
 8 SYSTEMPATH\Boot.php(67): CodeIgniter\Boot::runCodeIgniter(Object(CodeIgniter\CodeIgniter))
 9 FCPATH\index.php(56): CodeIgniter\Boot::bootWeb(Object(Config\Paths))
DEBUG - 2025-04-17 12:08:49 --> Session: Class initialized using 'CodeIgniter\Session\Handlers\FileHandler' driver.
WARNING - 2025-04-17 12:08:49 --> [DEPRECATED] Passing lowercase HTTP method "get" is deprecated. Use uppercase HTTP method like "GET". in SYSTEMPATH\Router\RouteCollection.php on line 1026.
 1 SYSTEMPATH\Router\RouteCollection.php(1026): trigger_error('Passing lowercase HTTP method "get" is deprecated. Use uppercase HTTP method like "GET".', 16384)
 2 APPPATH\Config\Routes.php(88): CodeIgniter\Router\RouteCollection->match([...], 'user/edit', 'User\\UserController::editProfile')
 3 SYSTEMPATH\Router\RouteCollection.php(339): require('C:\\wamp64\\www\\ci-learn_affix\\app\\Config\\Routes.php')
 4 SYSTEMPATH\CodeIgniter.php(821): CodeIgniter\Router\RouteCollection->loadRoutes()
 5 SYSTEMPATH\CodeIgniter.php(455): CodeIgniter\CodeIgniter->tryToRouteIt(null)
 6 SYSTEMPATH\CodeIgniter.php(354): CodeIgniter\CodeIgniter->handleRequest(null, Object(Config\Cache), false)
 7 SYSTEMPATH\Boot.php(334): CodeIgniter\CodeIgniter->run()
 8 SYSTEMPATH\Boot.php(67): CodeIgniter\Boot::runCodeIgniter(Object(CodeIgniter\CodeIgniter))
 9 FCPATH\index.php(56): CodeIgniter\Boot::bootWeb(Object(Config\Paths))
WARNING - 2025-04-17 12:08:49 --> [DEPRECATED] Passing lowercase HTTP method "post" is deprecated. Use uppercase HTTP method like "POST". in SYSTEMPATH\Router\RouteCollection.php on line 1026.
 1 SYSTEMPATH\Router\RouteCollection.php(1026): trigger_error('Passing lowercase HTTP method "post" is deprecated. Use uppercase HTTP method like "POST".', 16384)
 2 APPPATH\Config\Routes.php(88): CodeIgniter\Router\RouteCollection->match([...], 'user/edit', 'User\\UserController::editProfile')
 3 SYSTEMPATH\Router\RouteCollection.php(339): require('C:\\wamp64\\www\\ci-learn_affix\\app\\Config\\Routes.php')
 4 SYSTEMPATH\CodeIgniter.php(821): CodeIgniter\Router\RouteCollection->loadRoutes()
 5 SYSTEMPATH\CodeIgniter.php(455): CodeIgniter\CodeIgniter->tryToRouteIt(null)
 6 SYSTEMPATH\CodeIgniter.php(354): CodeIgniter\CodeIgniter->handleRequest(null, Object(Config\Cache), false)
 7 SYSTEMPATH\Boot.php(334): CodeIgniter\CodeIgniter->run()
 8 SYSTEMPATH\Boot.php(67): CodeIgniter\Boot::runCodeIgniter(Object(CodeIgniter\CodeIgniter))
 9 FCPATH\index.php(56): CodeIgniter\Boot::bootWeb(Object(Config\Paths))
DEBUG - 2025-04-17 12:09:12 --> Unsplash API Response for category "Programming": {"id":"qDG7XKJLKbs","slug":"blue-and-black-ball-on-blue-and-white-checkered-textile-qDG7XKJLKbs","alternative_slugs":{"en":"blue-and-black-ball-on-blue-and-white-checkered-textile-qDG7XKJLKbs","es":"bola-azul-y-negra-sobre-tela-de-cuadros-azules-y-blancos-qDG7XKJLKbs","ja":"\u9752\u3068\u767d\u306e\u5e02\u677e\u6a21\u69d8\u306e\u30c6\u30ad\u30b9\u30bf\u30a4\u30eb\u306b\u9752\u3068\u9ed2\u306e\u30dc\u30fc\u30eb-qDG7XKJLKbs","fr":"boule-bleue-et-noire-sur-textile-a-carreaux-bleu-et-blanc-qDG7XKJLKbs","it":"palla-blu-e-nera-su-tessuto-a-scacchi-blu-e-bianco-qDG7XKJLKbs","ko":"\ud30c\ub780\uc0c9\uacfc-\ud770\uc0c9-\uccb4\ud06c-\ubb34\ub2ac-\uc9c1\ubb3c\uc5d0-\ud30c\ub780\uc0c9\uacfc-\uac80\uc740-\uc0c9-\uacf5-qDG7XKJLKbs","de":"blauer-und-schwarzer-ball-auf-blau-weiss-kariertem-textil-qDG7XKJLKbs","pt":"bola-azul-e-preta-em-tecido-quadriculado-azul-e-branco-qDG7XKJLKbs"},"created_at":"2020-05-10T22:20:48Z","updated_at":"2025-04-17T09:08:47Z","promoted_at":null,"width":4077,"height":3203,"color":"#737373","blur_hash":"L8ATD{H=0yIU~DwYe[IaNK${m@V}","description":"Glass Orb with Patterns","alt_description":"blue and black ball on blue and white checkered textile","breadcrumbs":[],"urls":{"raw":"https:\/\/images.unsplash.com\/photo-1589149098258-3e9102cd63d3?ixid=M3w3Mzg4NTh8MHwxfHJhbmRvbXx8fHx8fHx8fDE3NDQ4OTE3NDl8&ixlib=rb-4.0.3","full":"https:\/\/images.unsplash.com\/photo-1589149098258-3e9102cd63d3?crop=entropy&cs=srgb&fm=jpg&ixid=M3w3Mzg4NTh8MHwxfHJhbmRvbXx8fHx8fHx8fDE3NDQ4OTE3NDl8&ixlib=rb-4.0.3&q=85","regular":"https:\/\/images.unsplash.com\/photo-1589149098258-3e9102cd63d3?crop=entropy&cs=tinysrgb&fit=max&fm=jpg&ixid=M3w3Mzg4NTh8MHwxfHJhbmRvbXx8fHx8fHx8fDE3NDQ4OTE3NDl8&ixlib=rb-4.0.3&q=80&w=1080","small":"https:\/\/images.unsplash.com\/photo-1589149098258-3e9102cd63d3?crop=entropy&cs=tinysrgb&fit=max&fm=jpg&ixid=M3w3Mzg4NTh8MHwxfHJhbmRvbXx8fHx8fHx8fDE3NDQ4OTE3NDl8&ixlib=rb-4.0.3&q=80&w=400","thumb":"https:\/\/images.unsplash.com\/photo-1589149098258-3e9102cd63d3?crop=entropy&cs=tinysrgb&fit=max&fm=jpg&ixid=M3w3Mzg4NTh8MHwxfHJhbmRvbXx8fHx8fHx8fDE3NDQ4OTE3NDl8&ixlib=rb-4.0.3&q=80&w=200","small_s3":"https:\/\/s3.us-west-2.amazonaws.com\/images.unsplash.com\/small\/photo-1589149098258-3e9102cd63d3"},"links":{"self":"https:\/\/api.unsplash.com\/photos\/blue-and-black-ball-on-blue-and-white-checkered-textile-qDG7XKJLKbs","html":"https:\/\/unsplash.com\/photos\/blue-and-black-ball-on-blue-and-white-checkered-textile-qDG7XKJLKbs","download":"https:\/\/unsplash.com\/photos\/qDG7XKJLKbs\/download?ixid=M3w3Mzg4NTh8MHwxfHJhbmRvbXx8fHx8fHx8fDE3NDQ4OTE3NDl8","download_location":"https:\/\/api.unsplash.com\/photos\/qDG7XKJLKbs\/download?ixid=M3w3Mzg4NTh8MHwxfHJhbmRvbXx8fHx8fHx8fDE3NDQ4OTE3NDl8"},"likes":1044,"liked_by_user":false,"current_user_collections":[],"sponsorship":null,"topic_submissions":{"experimental":{"status":"rejected"},"technology":{"status":"approved","approved_on":"2020-08-05T11:36:07Z"},"textures-patterns":{"status":"approved","approved_on":"2020-08-05T11:36:05Z"},"wallpapers":{"status":"rejected"}},"asset_type":"photo","user":{"id":"Kjh3Y5kfBlM","updated_at":"2025-04-15T18:20:48Z","username":"lazycreekimages","name":"Michael Dziedzic","first_name":"Michael","last_name":"Dziedzic","twitter_username":null,"portfolio_url":"https:\/\/www.lazycreekstudios.com\/","bio":"Color & Light","location":"TEXAS, USA","links":{"self":"https:\/\/api.unsplash.com\/users\/lazycreekimages","html":"https:\/\/unsplash.com\/@lazycreekimages","photos":"https:\/\/api.unsplash.com\/users\/lazycreekimages\/photos","likes":"https:\/\/api.unsplash.com\/users\/lazycreekimages\/likes","portfolio":"https:\/\/api.unsplash.com\/users\/lazycreekimages\/portfolio"},"profile_image":{"small":"https:\/\/images.unsplash.com\/profile-1721399945193-a82e7df97468image?ixlib=rb-4.0.3&crop=faces&fit=crop&w=32&h=32","medium":"https:\/\/images.unsplash.com\/profile-1721399945193-a82e7df97468image?ixlib=rb-4.0.3&crop=faces&fit=crop&w=64&h=64","large":"https:\/\/images.unsplash.com\/profile-1721399945193-a82e7df97468image?ixlib=rb-4.0.3&crop=faces&fit=crop&w=128&h=128"},"instagram_username":"lazycreekimages","total_collections":26,"total_likes":5817,"total_photos":173,"total_promoted_photos":20,"total_illustrations":0,"total_promoted_illustrations":0,"accepted_tos":true,"for_hire":false,"social":{"instagram_username":"lazycreekimages","portfolio_url":"https:\/\/www.lazycreekstudios.com\/","twitter_username":null,"paypal_email":null}},"exif":{"make":null,"model":null,"name":null,"exposure_time":null,"aperture":null,"focal_length":null,"iso":null},"location":{"name":"Lazy Creek Studios, Tyler, TX","city":null,"country":null,"position":{"latitude":null,"longitude":null}},"meta":{"index":true},"public_domain":false,"tags":[{"type":"search","title":"texture"},{"type":"search","title":"pattern"},{"type":"search","title":"sphere"},{"type":"search","title":"abstract"},{"type":"search","title":"tech"},{"type":"search","title":"lamp"},{"type":"search","title":"tyler"}],"views":19909471,"downloads":143917,"topics":[{"id":"J9yrPaHXRQY","title":"Technology","slug":"technology","visibility":"hidden"},{"id":"iUIsnVtjB0Y","title":"Textures","slug":"textures-patterns","visibility":"featured"}]}
DEBUG - 2025-04-17 12:09:12 --> No valid image found for category "Programming"
DEBUG - 2025-04-17 12:09:12 --> Fetched Image URL for category Programming: default-image.jpg
DEBUG - 2025-04-17 12:09:12 --> No valid image found for category Programming
DEBUG - 2025-04-17 12:09:21 --> Unsplash API Response for category "AI & Video": {"id":"siJKL6V3Zbo","slug":"person-taking-a-photo-of-trees-siJKL6V3Zbo","alternative_slugs":{"en":"person-taking-a-photo-of-trees-siJKL6V3Zbo","es":"persona-tomando-una-foto-de-los-arboles-siJKL6V3Zbo","ja":"\u6728\u306e\u5199\u771f\u3092\u64ae\u308b\u4eba-siJKL6V3Zbo","fr":"personne-prenant-une-photo-darbres-siJKL6V3Zbo","it":"persona-che-scatta-una-foto-di-alberi-siJKL6V3Zbo","ko":"\ub098\ubb34-\uc0ac\uc9c4\uc744-\ucc0d\ub294-\uc0ac\ub78c-siJKL6V3Zbo","de":"person-die-ein-foto-von-baumen-macht-siJKL6V3Zbo","pt":"pessoa-tirando-uma-foto-de-arvores-siJKL6V3Zbo"},"created_at":"2018-03-14T19:40:06Z","updated_at":"2025-04-17T11:13:31Z","promoted_at":null,"width":4288,"height":2848,"color":"#260c0c","blur_hash":"LDBy+.0M4qD+?XM}D+xuIUt7s,%L","description":"Camino a Mindo con amigos","alt_description":"person taking a photo of trees","breadcrumbs":[],"urls":{"raw":"https:\/\/images.unsplash.com\/photo-1521056329224-c50191a74158?ixid=M3w3Mzg4NTh8MHwxfHJhbmRvbXx8fHx8fHx8fDE3NDQ4OTE3NTZ8&ixlib=rb-4.0.3","full":"https:\/\/images.unsplash.com\/photo-1521056329224-c50191a74158?crop=entropy&cs=srgb&fm=jpg&ixid=M3w3Mzg4NTh8MHwxfHJhbmRvbXx8fHx8fHx8fDE3NDQ4OTE3NTZ8&ixlib=rb-4.0.3&q=85","regular":"https:\/\/images.unsplash.com\/photo-1521056329224-c50191a74158?crop=entropy&cs=tinysrgb&fit=max&fm=jpg&ixid=M3w3Mzg4NTh8MHwxfHJhbmRvbXx8fHx8fHx8fDE3NDQ4OTE3NTZ8&ixlib=rb-4.0.3&q=80&w=1080","small":"https:\/\/images.unsplash.com\/photo-1521056329224-c50191a74158?crop=entropy&cs=tinysrgb&fit=max&fm=jpg&ixid=M3w3Mzg4NTh8MHwxfHJhbmRvbXx8fHx8fHx8fDE3NDQ4OTE3NTZ8&ixlib=rb-4.0.3&q=80&w=400","thumb":"https:\/\/images.unsplash.com\/photo-1521056329224-c50191a74158?crop=entropy&cs=tinysrgb&fit=max&fm=jpg&ixid=M3w3Mzg4NTh8MHwxfHJhbmRvbXx8fHx8fHx8fDE3NDQ4OTE3NTZ8&ixlib=rb-4.0.3&q=80&w=200","small_s3":"https:\/\/s3.us-west-2.amazonaws.com\/images.unsplash.com\/small\/photo-1521056329224-c50191a74158"},"links":{"self":"https:\/\/api.unsplash.com\/photos\/person-taking-a-photo-of-trees-siJKL6V3Zbo","html":"https:\/\/unsplash.com\/photos\/person-taking-a-photo-of-trees-siJKL6V3Zbo","download":"https:\/\/unsplash.com\/photos\/siJKL6V3Zbo\/download?ixid=M3w3Mzg4NTh8MHwxfHJhbmRvbXx8fHx8fHx8fDE3NDQ4OTE3NTZ8","download_location":"https:\/\/api.unsplash.com\/photos\/siJKL6V3Zbo\/download?ixid=M3w3Mzg4NTh8MHwxfHJhbmRvbXx8fHx8fHx8fDE3NDQ4OTE3NTZ8"},"likes":41,"liked_by_user":false,"current_user_collections":[],"sponsorship":null,"topic_submissions":[],"asset_type":"photo","user":{"id":"n436OVNsTN8","updated_at":"2024-10-11T05:33:23Z","username":"marlonlara1","name":"Marlon Lara","first_name":"Marlon","last_name":"Lara","twitter_username":null,"portfolio_url":"https:\/\/www.instagram.com\/marlon.laraec\/","bio":"Algunos escriben su vida en hojas, yo escribo la m\u00eda en fotos...","location":"Ecuador","links":{"self":"https:\/\/api.unsplash.com\/users\/marlonlara1","html":"https:\/\/unsplash.com\/@marlonlara1","photos":"https:\/\/api.unsplash.com\/users\/marlonlara1\/photos","likes":"https:\/\/api.unsplash.com\/users\/marlonlara1\/likes","portfolio":"https:\/\/api.unsplash.com\/users\/marlonlara1\/portfolio","following":"https:\/\/api.unsplash.com\/users\/marlonlara1\/following","followers":"https:\/\/api.unsplash.com\/users\/marlonlara1\/followers"},"profile_image":{"small":"https:\/\/images.unsplash.com\/profile-1535042724477-e6f3742e78a7?ixlib=rb-4.0.3&crop=faces&fit=crop&w=32&h=32","medium":"https:\/\/images.unsplash.com\/profile-1535042724477-e6f3742e78a7?ixlib=rb-4.0.3&crop=faces&fit=crop&w=64&h=64","large":"https:\/\/images.unsplash.com\/profile-1535042724477-e6f3742e78a7?ixlib=rb-4.0.3&crop=faces&fit=crop&w=128&h=128"},"instagram_username":"marlon.laraec","total_collections":0,"total_likes":10,"total_photos":19,"total_promoted_photos":0,"total_illustrations":0,"total_promoted_illustrations":0,"accepted_tos":true,"for_hire":false,"social":{"instagram_username":"marlon.laraec","portfolio_url":"https:\/\/www.instagram.com\/marlon.laraec\/","twitter_username":null,"paypal_email":null}},"exif":{"make":"NIKON CORPORATION","model":"NIKON D90","name":"NIKON CORPORATION, NIKON D90","exposure_time":"1\/500","aperture":"2.0","focal_length":"50.0","iso":200},"location":{"name":"Quito, Ecuador","city":"Quito","country":"Ecuador","position":{"latitude":-0.1806532,"longitude":-78.4678382}},"meta":{"index":true},"public_domain":false,"tags":[{"type":"search","title":"car"},{"type":"search","title":"phone"},{"type":"search","title":"video"},{"type":"search","title":"film"},{"type":"search","title":"mobile"},{"type":"search","title":"driving"},{"type":"search","title":"smartphone"},{"type":"search","title":"cell phone"},{"type":"search","title":"auto"},{"type":"search","title":"drive"},{"type":"search","title":"detail"},{"type":"search","title":"closeup"},{"type":"search","title":"hold"},{"type":"search","title":"paisaje"},{"type":"search","title":"smartphone screen"},{"type":"search","title":"celular"},{"type":"search","title":"mano"},{"type":"search","title":"chofer"},{"type":"search","title":"computer"},{"type":"search","title":"mobile phone"}],"views":2666562,"downloads":14365,"topics":[]}
DEBUG - 2025-04-17 12:09:21 --> No valid image found for category "AI & Video"
DEBUG - 2025-04-17 12:09:21 --> Fetched Image URL for category AI & Video: default-image.jpg
DEBUG - 2025-04-17 12:09:21 --> No valid image found for category AI & Video
DEBUG - 2025-04-17 12:09:28 --> Unsplash API Response for category "Cybersecurity": {"id":"s8G0Gbjyw4M","slug":"a-green-and-black-keychain-on-a-black-keyboard-s8G0Gbjyw4M","alternative_slugs":{"en":"a-green-and-black-keychain-on-a-black-keyboard-s8G0Gbjyw4M","es":"un-llavero-verde-y-negro-en-un-teclado-negro-s8G0Gbjyw4M","ja":"\u9ed2\u306e\u30ad\u30fc\u30dc\u30fc\u30c9\u306e\u7dd1\u3068\u9ed2\u306e\u30ad\u30fc\u30db\u30eb\u30c0\u30fc-s8G0Gbjyw4M","fr":"un-porte-cles-vert-et-noir-sur-un-clavier-noir-s8G0Gbjyw4M","it":"un-portachiavi-verde-e-nero-su-una-tastiera-nera-s8G0Gbjyw4M","ko":"\uac80\uc740\uc0c9-\ud0a4\ubcf4\ub4dc\uc758-\ub179\uc0c9\uacfc-\uac80\uc740\uc0c9-\ud0a4\uccb4\uc778-s8G0Gbjyw4M","de":"ein-gruner-und-schwarzer-schlusselbund-auf-einer-schwarzen-tastatur-s8G0Gbjyw4M","pt":"um-chaveiro-verde-e-preto-em-um-teclado-preto-s8G0Gbjyw4M"},"created_at":"2022-11-19T10:39:13Z","updated_at":"2025-04-17T10:06:38Z","promoted_at":null,"width":3840,"height":2160,"color":"#262626","blur_hash":"L14oD@_MR*$.wP?cWAbF$UMebFO7","description":null,"alt_description":"a green and black keychain on a black keyboard","breadcrumbs":[],"urls":{"raw":"https:\/\/images.unsplash.com\/photo-1668854195257-61edeb3d50ab?ixid=M3w3Mzg4NTh8MHwxfHJhbmRvbXx8fHx8fHx8fDE3NDQ4OTE3NjZ8&ixlib=rb-4.0.3","full":"https:\/\/images.unsplash.com\/photo-1668854195257-61edeb3d50ab?crop=entropy&cs=srgb&fm=jpg&ixid=M3w3Mzg4NTh8MHwxfHJhbmRvbXx8fHx8fHx8fDE3NDQ4OTE3NjZ8&ixlib=rb-4.0.3&q=85","regular":"https:\/\/images.unsplash.com\/photo-1668854195257-61edeb3d50ab?crop=entropy&cs=tinysrgb&fit=max&fm=jpg&ixid=M3w3Mzg4NTh8MHwxfHJhbmRvbXx8fHx8fHx8fDE3NDQ4OTE3NjZ8&ixlib=rb-4.0.3&q=80&w=1080","small":"https:\/\/images.unsplash.com\/photo-1668854195257-61edeb3d50ab?crop=entropy&cs=tinysrgb&fit=max&fm=jpg&ixid=M3w3Mzg4NTh8MHwxfHJhbmRvbXx8fHx8fHx8fDE3NDQ4OTE3NjZ8&ixlib=rb-4.0.3&q=80&w=400","thumb":"https:\/\/images.unsplash.com\/photo-1668854195257-61edeb3d50ab?crop=entropy&cs=tinysrgb&fit=max&fm=jpg&ixid=M3w3Mzg4NTh8MHwxfHJhbmRvbXx8fHx8fHx8fDE3NDQ4OTE3NjZ8&ixlib=rb-4.0.3&q=80&w=200","small_s3":"https:\/\/s3.us-west-2.amazonaws.com\/images.unsplash.com\/small\/photo-1668854195257-61edeb3d50ab"},"links":{"self":"https:\/\/api.unsplash.com\/photos\/a-green-and-black-keychain-on-a-black-keyboard-s8G0Gbjyw4M","html":"https:\/\/unsplash.com\/photos\/a-green-and-black-keychain-on-a-black-keyboard-s8G0Gbjyw4M","download":"https:\/\/unsplash.com\/photos\/s8G0Gbjyw4M\/download?ixid=M3w3Mzg4NTh8MHwxfHJhbmRvbXx8fHx8fHx8fDE3NDQ4OTE3NjZ8","download_location":"https:\/\/api.unsplash.com\/photos\/s8G0Gbjyw4M\/download?ixid=M3w3Mzg4NTh8MHwxfHJhbmRvbXx8fHx8fHx8fDE3NDQ4OTE3NjZ8"},"likes":5,"liked_by_user":false,"current_user_collections":[],"sponsorship":null,"topic_submissions":[],"asset_type":"photo","user":{"id":"hH0cTWco2Ow","updated_at":"2025-01-15T00:12:09Z","username":"growtika","name":"Growtika","first_name":"Growtika","last_name":null,"twitter_username":null,"portfolio_url":"https:\/\/growtika.com\/","bio":"Your In-House Growth Team\r\nWe use unconventional marketing techniques to access hard-to-reach communities, create targeted content, build credibility, amplify your message, and drive growth.  https:\/\/growtika.com\/","location":"Universe","links":{"self":"https:\/\/api.unsplash.com\/users\/growtika","html":"https:\/\/unsplash.com\/@growtika","photos":"https:\/\/api.unsplash.com\/users\/growtika\/photos","likes":"https:\/\/api.unsplash.com\/users\/growtika\/likes","portfolio":"https:\/\/api.unsplash.com\/users\/growtika\/portfolio","following":"https:\/\/api.unsplash.com\/users\/growtika\/following","followers":"https:\/\/api.unsplash.com\/users\/growtika\/followers"},"profile_image":{"small":"https:\/\/images.unsplash.com\/profile-1665918685990-c4a3cbfa9398image?ixlib=rb-4.0.3&crop=faces&fit=crop&w=32&h=32","medium":"https:\/\/images.unsplash.com\/profile-1665918685990-c4a3cbfa9398image?ixlib=rb-4.0.3&crop=faces&fit=crop&w=64&h=64","large":"https:\/\/images.unsplash.com\/profile-1665918685990-c4a3cbfa9398image?ixlib=rb-4.0.3&crop=faces&fit=crop&w=128&h=128"},"instagram_username":null,"total_collections":0,"total_likes":0,"total_photos":190,"total_promoted_photos":0,"total_illustrations":0,"total_promoted_illustrations":0,"accepted_tos":true,"for_hire":false,"social":{"instagram_username":null,"portfolio_url":"https:\/\/growtika.com\/","twitter_username":null,"paypal_email":null}},"exif":{"make":null,"model":null,"name":null,"exposure_time":null,"aperture":null,"focal_length":null,"iso":null},"location":{"name":null,"city":null,"country":null,"position":{"latitude":null,"longitude":null}},"meta":{"index":true},"public_domain":false,"tags":[{"type":"search","title":"cyber security"},{"type":"search","title":"security"},{"type":"search","title":"cybersecurity"},{"type":"search","title":"cyber"},{"type":"search","title":"virus"},{"type":"search","title":"bug"},{"type":"search","title":"worm"},{"type":"search","title":"malware"},{"type":"search","title":"light"},{"type":"search","title":"spiral"},{"type":"search","title":"coil"},{"type":"search","title":"smoke pipe"}],"views":168006,"downloads":1237,"topics":[]}
DEBUG - 2025-04-17 12:09:28 --> No valid image found for category "Cybersecurity"
DEBUG - 2025-04-17 12:09:28 --> Fetched Image URL for category Cybersecurity: default-image.jpg
DEBUG - 2025-04-17 12:09:28 --> No valid image found for category Cybersecurity
DEBUG - 2025-04-17 12:09:28 --> Session: Class initialized using 'CodeIgniter\Session\Handlers\FileHandler' driver.
WARNING - 2025-04-17 12:09:29 --> [DEPRECATED] Passing lowercase HTTP method "get" is deprecated. Use uppercase HTTP method like "GET". in SYSTEMPATH\Router\RouteCollection.php on line 1026.
 1 SYSTEMPATH\Router\RouteCollection.php(1026): trigger_error('Passing lowercase HTTP method "get" is deprecated. Use uppercase HTTP method like "GET".', 16384)
 2 APPPATH\Config\Routes.php(88): CodeIgniter\Router\RouteCollection->match([...], 'user/edit', 'User\\UserController::editProfile')
 3 SYSTEMPATH\Router\RouteCollection.php(339): require('C:\\wamp64\\www\\ci-learn_affix\\app\\Config\\Routes.php')
 4 SYSTEMPATH\CodeIgniter.php(821): CodeIgniter\Router\RouteCollection->loadRoutes()
 5 SYSTEMPATH\CodeIgniter.php(455): CodeIgniter\CodeIgniter->tryToRouteIt(null)
 6 SYSTEMPATH\CodeIgniter.php(354): CodeIgniter\CodeIgniter->handleRequest(null, Object(Config\Cache), false)
 7 SYSTEMPATH\Boot.php(334): CodeIgniter\CodeIgniter->run()
 8 SYSTEMPATH\Boot.php(67): CodeIgniter\Boot::runCodeIgniter(Object(CodeIgniter\CodeIgniter))
 9 FCPATH\index.php(56): CodeIgniter\Boot::bootWeb(Object(Config\Paths))
WARNING - 2025-04-17 12:09:29 --> [DEPRECATED] Passing lowercase HTTP method "post" is deprecated. Use uppercase HTTP method like "POST". in SYSTEMPATH\Router\RouteCollection.php on line 1026.
 1 SYSTEMPATH\Router\RouteCollection.php(1026): trigger_error('Passing lowercase HTTP method "post" is deprecated. Use uppercase HTTP method like "POST".', 16384)
 2 APPPATH\Config\Routes.php(88): CodeIgniter\Router\RouteCollection->match([...], 'user/edit', 'User\\UserController::editProfile')
 3 SYSTEMPATH\Router\RouteCollection.php(339): require('C:\\wamp64\\www\\ci-learn_affix\\app\\Config\\Routes.php')
 4 SYSTEMPATH\CodeIgniter.php(821): CodeIgniter\Router\RouteCollection->loadRoutes()
 5 SYSTEMPATH\CodeIgniter.php(455): CodeIgniter\CodeIgniter->tryToRouteIt(null)
 6 SYSTEMPATH\CodeIgniter.php(354): CodeIgniter\CodeIgniter->handleRequest(null, Object(Config\Cache), false)
 7 SYSTEMPATH\Boot.php(334): CodeIgniter\CodeIgniter->run()
 8 SYSTEMPATH\Boot.php(67): CodeIgniter\Boot::runCodeIgniter(Object(CodeIgniter\CodeIgniter))
 9 FCPATH\index.php(56): CodeIgniter\Boot::bootWeb(Object(Config\Paths))
DEBUG - 2025-04-17 12:09:29 --> Session: Class initialized using 'CodeIgniter\Session\Handlers\FileHandler' driver.
WARNING - 2025-04-17 12:09:29 --> [DEPRECATED] Passing lowercase HTTP method "get" is deprecated. Use uppercase HTTP method like "GET". in SYSTEMPATH\Router\RouteCollection.php on line 1026.
 1 SYSTEMPATH\Router\RouteCollection.php(1026): trigger_error('Passing lowercase HTTP method "get" is deprecated. Use uppercase HTTP method like "GET".', 16384)
 2 APPPATH\Config\Routes.php(88): CodeIgniter\Router\RouteCollection->match([...], 'user/edit', 'User\\UserController::editProfile')
 3 SYSTEMPATH\Router\RouteCollection.php(339): require('C:\\wamp64\\www\\ci-learn_affix\\app\\Config\\Routes.php')
 4 SYSTEMPATH\CodeIgniter.php(821): CodeIgniter\Router\RouteCollection->loadRoutes()
 5 SYSTEMPATH\CodeIgniter.php(455): CodeIgniter\CodeIgniter->tryToRouteIt(null)
 6 SYSTEMPATH\CodeIgniter.php(354): CodeIgniter\CodeIgniter->handleRequest(null, Object(Config\Cache), false)
 7 SYSTEMPATH\Boot.php(334): CodeIgniter\CodeIgniter->run()
 8 SYSTEMPATH\Boot.php(67): CodeIgniter\Boot::runCodeIgniter(Object(CodeIgniter\CodeIgniter))
 9 FCPATH\index.php(56): CodeIgniter\Boot::bootWeb(Object(Config\Paths))
WARNING - 2025-04-17 12:09:29 --> [DEPRECATED] Passing lowercase HTTP method "post" is deprecated. Use uppercase HTTP method like "POST". in SYSTEMPATH\Router\RouteCollection.php on line 1026.
 1 SYSTEMPATH\Router\RouteCollection.php(1026): trigger_error('Passing lowercase HTTP method "post" is deprecated. Use uppercase HTTP method like "POST".', 16384)
 2 APPPATH\Config\Routes.php(88): CodeIgniter\Router\RouteCollection->match([...], 'user/edit', 'User\\UserController::editProfile')
 3 SYSTEMPATH\Router\RouteCollection.php(339): require('C:\\wamp64\\www\\ci-learn_affix\\app\\Config\\Routes.php')
 4 SYSTEMPATH\CodeIgniter.php(821): CodeIgniter\Router\RouteCollection->loadRoutes()
 5 SYSTEMPATH\CodeIgniter.php(455): CodeIgniter\CodeIgniter->tryToRouteIt(null)
 6 SYSTEMPATH\CodeIgniter.php(354): CodeIgniter\CodeIgniter->handleRequest(null, Object(Config\Cache), false)
 7 SYSTEMPATH\Boot.php(334): CodeIgniter\CodeIgniter->run()
 8 SYSTEMPATH\Boot.php(67): CodeIgniter\Boot::runCodeIgniter(Object(CodeIgniter\CodeIgniter))
 9 FCPATH\index.php(56): CodeIgniter\Boot::bootWeb(Object(Config\Paths))
DEBUG - 2025-04-17 12:09:29 --> Session: Class initialized using 'CodeIgniter\Session\Handlers\FileHandler' driver.
WARNING - 2025-04-17 12:09:29 --> [DEPRECATED] Passing lowercase HTTP method "get" is deprecated. Use uppercase HTTP method like "GET". in SYSTEMPATH\Router\RouteCollection.php on line 1026.
 1 SYSTEMPATH\Router\RouteCollection.php(1026): trigger_error('Passing lowercase HTTP method "get" is deprecated. Use uppercase HTTP method like "GET".', 16384)
 2 APPPATH\Config\Routes.php(88): CodeIgniter\Router\RouteCollection->match([...], 'user/edit', 'User\\UserController::editProfile')
 3 SYSTEMPATH\Router\RouteCollection.php(339): require('C:\\wamp64\\www\\ci-learn_affix\\app\\Config\\Routes.php')
 4 SYSTEMPATH\CodeIgniter.php(821): CodeIgniter\Router\RouteCollection->loadRoutes()
 5 SYSTEMPATH\CodeIgniter.php(455): CodeIgniter\CodeIgniter->tryToRouteIt(null)
 6 SYSTEMPATH\CodeIgniter.php(354): CodeIgniter\CodeIgniter->handleRequest(null, Object(Config\Cache), false)
 7 SYSTEMPATH\Boot.php(334): CodeIgniter\CodeIgniter->run()
 8 SYSTEMPATH\Boot.php(67): CodeIgniter\Boot::runCodeIgniter(Object(CodeIgniter\CodeIgniter))
 9 FCPATH\index.php(56): CodeIgniter\Boot::bootWeb(Object(Config\Paths))
WARNING - 2025-04-17 12:09:29 --> [DEPRECATED] Passing lowercase HTTP method "post" is deprecated. Use uppercase HTTP method like "POST". in SYSTEMPATH\Router\RouteCollection.php on line 1026.
 1 SYSTEMPATH\Router\RouteCollection.php(1026): trigger_error('Passing lowercase HTTP method "post" is deprecated. Use uppercase HTTP method like "POST".', 16384)
 2 APPPATH\Config\Routes.php(88): CodeIgniter\Router\RouteCollection->match([...], 'user/edit', 'User\\UserController::editProfile')
 3 SYSTEMPATH\Router\RouteCollection.php(339): require('C:\\wamp64\\www\\ci-learn_affix\\app\\Config\\Routes.php')
 4 SYSTEMPATH\CodeIgniter.php(821): CodeIgniter\Router\RouteCollection->loadRoutes()
 5 SYSTEMPATH\CodeIgniter.php(455): CodeIgniter\CodeIgniter->tryToRouteIt(null)
 6 SYSTEMPATH\CodeIgniter.php(354): CodeIgniter\CodeIgniter->handleRequest(null, Object(Config\Cache), false)
 7 SYSTEMPATH\Boot.php(334): CodeIgniter\CodeIgniter->run()
 8 SYSTEMPATH\Boot.php(67): CodeIgniter\Boot::runCodeIgniter(Object(CodeIgniter\CodeIgniter))
 9 FCPATH\index.php(56): CodeIgniter\Boot::bootWeb(Object(Config\Paths))
DEBUG - 2025-04-17 12:09:29 --> Session: Class initialized using 'CodeIgniter\Session\Handlers\FileHandler' driver.
WARNING - 2025-04-17 12:09:29 --> [DEPRECATED] Passing lowercase HTTP method "get" is deprecated. Use uppercase HTTP method like "GET". in SYSTEMPATH\Router\RouteCollection.php on line 1026.
 1 SYSTEMPATH\Router\RouteCollection.php(1026): trigger_error('Passing lowercase HTTP method "get" is deprecated. Use uppercase HTTP method like "GET".', 16384)
 2 APPPATH\Config\Routes.php(88): CodeIgniter\Router\RouteCollection->match([...], 'user/edit', 'User\\UserController::editProfile')
 3 SYSTEMPATH\Router\RouteCollection.php(339): require('C:\\wamp64\\www\\ci-learn_affix\\app\\Config\\Routes.php')
 4 SYSTEMPATH\CodeIgniter.php(821): CodeIgniter\Router\RouteCollection->loadRoutes()
 5 SYSTEMPATH\CodeIgniter.php(455): CodeIgniter\CodeIgniter->tryToRouteIt(null)
 6 SYSTEMPATH\CodeIgniter.php(354): CodeIgniter\CodeIgniter->handleRequest(null, Object(Config\Cache), false)
 7 SYSTEMPATH\Boot.php(334): CodeIgniter\CodeIgniter->run()
 8 SYSTEMPATH\Boot.php(67): CodeIgniter\Boot::runCodeIgniter(Object(CodeIgniter\CodeIgniter))
 9 FCPATH\index.php(56): CodeIgniter\Boot::bootWeb(Object(Config\Paths))
WARNING - 2025-04-17 12:09:29 --> [DEPRECATED] Passing lowercase HTTP method "post" is deprecated. Use uppercase HTTP method like "POST". in SYSTEMPATH\Router\RouteCollection.php on line 1026.
 1 SYSTEMPATH\Router\RouteCollection.php(1026): trigger_error('Passing lowercase HTTP method "post" is deprecated. Use uppercase HTTP method like "POST".', 16384)
 2 APPPATH\Config\Routes.php(88): CodeIgniter\Router\RouteCollection->match([...], 'user/edit', 'User\\UserController::editProfile')
 3 SYSTEMPATH\Router\RouteCollection.php(339): require('C:\\wamp64\\www\\ci-learn_affix\\app\\Config\\Routes.php')
 4 SYSTEMPATH\CodeIgniter.php(821): CodeIgniter\Router\RouteCollection->loadRoutes()
 5 SYSTEMPATH\CodeIgniter.php(455): CodeIgniter\CodeIgniter->tryToRouteIt(null)
 6 SYSTEMPATH\CodeIgniter.php(354): CodeIgniter\CodeIgniter->handleRequest(null, Object(Config\Cache), false)
 7 SYSTEMPATH\Boot.php(334): CodeIgniter\CodeIgniter->run()
 8 SYSTEMPATH\Boot.php(67): CodeIgniter\Boot::runCodeIgniter(Object(CodeIgniter\CodeIgniter))
 9 FCPATH\index.php(56): CodeIgniter\Boot::bootWeb(Object(Config\Paths))
DEBUG - 2025-04-17 12:09:29 --> Session: Class initialized using 'CodeIgniter\Session\Handlers\FileHandler' driver.
DEBUG - 2025-04-17 12:09:31 --> Session: Class initialized using 'CodeIgniter\Session\Handlers\FileHandler' driver.
WARNING - 2025-04-17 12:09:31 --> [DEPRECATED] Passing lowercase HTTP method "get" is deprecated. Use uppercase HTTP method like "GET". in SYSTEMPATH\Router\RouteCollection.php on line 1026.
 1 SYSTEMPATH\Router\RouteCollection.php(1026): trigger_error('Passing lowercase HTTP method "get" is deprecated. Use uppercase HTTP method like "GET".', 16384)
 2 APPPATH\Config\Routes.php(88): CodeIgniter\Router\RouteCollection->match([...], 'user/edit', 'User\\UserController::editProfile')
 3 SYSTEMPATH\Router\RouteCollection.php(339): require('C:\\wamp64\\www\\ci-learn_affix\\app\\Config\\Routes.php')
 4 SYSTEMPATH\CodeIgniter.php(821): CodeIgniter\Router\RouteCollection->loadRoutes()
 5 SYSTEMPATH\CodeIgniter.php(455): CodeIgniter\CodeIgniter->tryToRouteIt(null)
 6 SYSTEMPATH\CodeIgniter.php(354): CodeIgniter\CodeIgniter->handleRequest(null, Object(Config\Cache), false)
 7 SYSTEMPATH\Boot.php(334): CodeIgniter\CodeIgniter->run()
 8 SYSTEMPATH\Boot.php(67): CodeIgniter\Boot::runCodeIgniter(Object(CodeIgniter\CodeIgniter))
 9 FCPATH\index.php(56): CodeIgniter\Boot::bootWeb(Object(Config\Paths))
WARNING - 2025-04-17 12:09:31 --> [DEPRECATED] Passing lowercase HTTP method "post" is deprecated. Use uppercase HTTP method like "POST". in SYSTEMPATH\Router\RouteCollection.php on line 1026.
 1 SYSTEMPATH\Router\RouteCollection.php(1026): trigger_error('Passing lowercase HTTP method "post" is deprecated. Use uppercase HTTP method like "POST".', 16384)
 2 APPPATH\Config\Routes.php(88): CodeIgniter\Router\RouteCollection->match([...], 'user/edit', 'User\\UserController::editProfile')
 3 SYSTEMPATH\Router\RouteCollection.php(339): require('C:\\wamp64\\www\\ci-learn_affix\\app\\Config\\Routes.php')
 4 SYSTEMPATH\CodeIgniter.php(821): CodeIgniter\Router\RouteCollection->loadRoutes()
 5 SYSTEMPATH\CodeIgniter.php(455): CodeIgniter\CodeIgniter->tryToRouteIt(null)
 6 SYSTEMPATH\CodeIgniter.php(354): CodeIgniter\CodeIgniter->handleRequest(null, Object(Config\Cache), false)
 7 SYSTEMPATH\Boot.php(334): CodeIgniter\CodeIgniter->run()
 8 SYSTEMPATH\Boot.php(67): CodeIgniter\Boot::runCodeIgniter(Object(CodeIgniter\CodeIgniter))
 9 FCPATH\index.php(56): CodeIgniter\Boot::bootWeb(Object(Config\Paths))
DEBUG - 2025-04-17 12:09:33 --> Session: Class initialized using 'CodeIgniter\Session\Handlers\FileHandler' driver.
WARNING - 2025-04-17 12:09:33 --> [DEPRECATED] Passing lowercase HTTP method "get" is deprecated. Use uppercase HTTP method like "GET". in SYSTEMPATH\Router\RouteCollection.php on line 1026.
 1 SYSTEMPATH\Router\RouteCollection.php(1026): trigger_error('Passing lowercase HTTP method "get" is deprecated. Use uppercase HTTP method like "GET".', 16384)
 2 APPPATH\Config\Routes.php(88): CodeIgniter\Router\RouteCollection->match([...], 'user/edit', 'User\\UserController::editProfile')
 3 SYSTEMPATH\Router\RouteCollection.php(339): require('C:\\wamp64\\www\\ci-learn_affix\\app\\Config\\Routes.php')
 4 SYSTEMPATH\CodeIgniter.php(821): CodeIgniter\Router\RouteCollection->loadRoutes()
 5 SYSTEMPATH\CodeIgniter.php(455): CodeIgniter\CodeIgniter->tryToRouteIt(null)
 6 SYSTEMPATH\CodeIgniter.php(354): CodeIgniter\CodeIgniter->handleRequest(null, Object(Config\Cache), false)
 7 SYSTEMPATH\Boot.php(334): CodeIgniter\CodeIgniter->run()
 8 SYSTEMPATH\Boot.php(67): CodeIgniter\Boot::runCodeIgniter(Object(CodeIgniter\CodeIgniter))
 9 FCPATH\index.php(56): CodeIgniter\Boot::bootWeb(Object(Config\Paths))
WARNING - 2025-04-17 12:09:33 --> [DEPRECATED] Passing lowercase HTTP method "post" is deprecated. Use uppercase HTTP method like "POST". in SYSTEMPATH\Router\RouteCollection.php on line 1026.
 1 SYSTEMPATH\Router\RouteCollection.php(1026): trigger_error('Passing lowercase HTTP method "post" is deprecated. Use uppercase HTTP method like "POST".', 16384)
 2 APPPATH\Config\Routes.php(88): CodeIgniter\Router\RouteCollection->match([...], 'user/edit', 'User\\UserController::editProfile')
 3 SYSTEMPATH\Router\RouteCollection.php(339): require('C:\\wamp64\\www\\ci-learn_affix\\app\\Config\\Routes.php')
 4 SYSTEMPATH\CodeIgniter.php(821): CodeIgniter\Router\RouteCollection->loadRoutes()
 5 SYSTEMPATH\CodeIgniter.php(455): CodeIgniter\CodeIgniter->tryToRouteIt(null)
 6 SYSTEMPATH\CodeIgniter.php(354): CodeIgniter\CodeIgniter->handleRequest(null, Object(Config\Cache), false)
 7 SYSTEMPATH\Boot.php(334): CodeIgniter\CodeIgniter->run()
 8 SYSTEMPATH\Boot.php(67): CodeIgniter\Boot::runCodeIgniter(Object(CodeIgniter\CodeIgniter))
 9 FCPATH\index.php(56): CodeIgniter\Boot::bootWeb(Object(Config\Paths))
DEBUG - 2025-04-17 12:09:34 --> Session: Class initialized using 'CodeIgniter\Session\Handlers\FileHandler' driver.
DEBUG - 2025-04-17 12:09:34 --> Session: Class initialized using 'CodeIgniter\Session\Handlers\FileHandler' driver.
WARNING - 2025-04-17 12:09:34 --> [DEPRECATED] Passing lowercase HTTP method "get" is deprecated. Use uppercase HTTP method like "GET". in SYSTEMPATH\Router\RouteCollection.php on line 1026.
 1 SYSTEMPATH\Router\RouteCollection.php(1026): trigger_error('Passing lowercase HTTP method "get" is deprecated. Use uppercase HTTP method like "GET".', 16384)
 2 APPPATH\Config\Routes.php(88): CodeIgniter\Router\RouteCollection->match([...], 'user/edit', 'User\\UserController::editProfile')
 3 SYSTEMPATH\Router\RouteCollection.php(339): require('C:\\wamp64\\www\\ci-learn_affix\\app\\Config\\Routes.php')
 4 SYSTEMPATH\CodeIgniter.php(821): CodeIgniter\Router\RouteCollection->loadRoutes()
 5 SYSTEMPATH\CodeIgniter.php(455): CodeIgniter\CodeIgniter->tryToRouteIt(null)
 6 SYSTEMPATH\CodeIgniter.php(354): CodeIgniter\CodeIgniter->handleRequest(null, Object(Config\Cache), false)
 7 SYSTEMPATH\Boot.php(334): CodeIgniter\CodeIgniter->run()
 8 SYSTEMPATH\Boot.php(67): CodeIgniter\Boot::runCodeIgniter(Object(CodeIgniter\CodeIgniter))
 9 FCPATH\index.php(56): CodeIgniter\Boot::bootWeb(Object(Config\Paths))
WARNING - 2025-04-17 12:09:34 --> [DEPRECATED] Passing lowercase HTTP method "post" is deprecated. Use uppercase HTTP method like "POST". in SYSTEMPATH\Router\RouteCollection.php on line 1026.
 1 SYSTEMPATH\Router\RouteCollection.php(1026): trigger_error('Passing lowercase HTTP method "post" is deprecated. Use uppercase HTTP method like "POST".', 16384)
 2 APPPATH\Config\Routes.php(88): CodeIgniter\Router\RouteCollection->match([...], 'user/edit', 'User\\UserController::editProfile')
 3 SYSTEMPATH\Router\RouteCollection.php(339): require('C:\\wamp64\\www\\ci-learn_affix\\app\\Config\\Routes.php')
 4 SYSTEMPATH\CodeIgniter.php(821): CodeIgniter\Router\RouteCollection->loadRoutes()
 5 SYSTEMPATH\CodeIgniter.php(455): CodeIgniter\CodeIgniter->tryToRouteIt(null)
 6 SYSTEMPATH\CodeIgniter.php(354): CodeIgniter\CodeIgniter->handleRequest(null, Object(Config\Cache), false)
 7 SYSTEMPATH\Boot.php(334): CodeIgniter\CodeIgniter->run()
 8 SYSTEMPATH\Boot.php(67): CodeIgniter\Boot::runCodeIgniter(Object(CodeIgniter\CodeIgniter))
 9 FCPATH\index.php(56): CodeIgniter\Boot::bootWeb(Object(Config\Paths))
DEBUG - 2025-04-17 12:09:42 --> Session: Class initialized using 'CodeIgniter\Session\Handlers\FileHandler' driver.
WARNING - 2025-04-17 12:09:42 --> [DEPRECATED] Passing lowercase HTTP method "get" is deprecated. Use uppercase HTTP method like "GET". in SYSTEMPATH\Router\RouteCollection.php on line 1026.
 1 SYSTEMPATH\Router\RouteCollection.php(1026): trigger_error('Passing lowercase HTTP method "get" is deprecated. Use uppercase HTTP method like "GET".', 16384)
 2 APPPATH\Config\Routes.php(88): CodeIgniter\Router\RouteCollection->match([...], 'user/edit', 'User\\UserController::editProfile')
 3 SYSTEMPATH\Router\RouteCollection.php(339): require('C:\\wamp64\\www\\ci-learn_affix\\app\\Config\\Routes.php')
 4 SYSTEMPATH\CodeIgniter.php(821): CodeIgniter\Router\RouteCollection->loadRoutes()
 5 SYSTEMPATH\CodeIgniter.php(455): CodeIgniter\CodeIgniter->tryToRouteIt(null)
 6 SYSTEMPATH\CodeIgniter.php(354): CodeIgniter\CodeIgniter->handleRequest(null, Object(Config\Cache), false)
 7 SYSTEMPATH\Boot.php(334): CodeIgniter\CodeIgniter->run()
 8 SYSTEMPATH\Boot.php(67): CodeIgniter\Boot::runCodeIgniter(Object(CodeIgniter\CodeIgniter))
 9 FCPATH\index.php(56): CodeIgniter\Boot::bootWeb(Object(Config\Paths))
WARNING - 2025-04-17 12:09:42 --> [DEPRECATED] Passing lowercase HTTP method "post" is deprecated. Use uppercase HTTP method like "POST". in SYSTEMPATH\Router\RouteCollection.php on line 1026.
 1 SYSTEMPATH\Router\RouteCollection.php(1026): trigger_error('Passing lowercase HTTP method "post" is deprecated. Use uppercase HTTP method like "POST".', 16384)
 2 APPPATH\Config\Routes.php(88): CodeIgniter\Router\RouteCollection->match([...], 'user/edit', 'User\\UserController::editProfile')
 3 SYSTEMPATH\Router\RouteCollection.php(339): require('C:\\wamp64\\www\\ci-learn_affix\\app\\Config\\Routes.php')
 4 SYSTEMPATH\CodeIgniter.php(821): CodeIgniter\Router\RouteCollection->loadRoutes()
 5 SYSTEMPATH\CodeIgniter.php(455): CodeIgniter\CodeIgniter->tryToRouteIt(null)
 6 SYSTEMPATH\CodeIgniter.php(354): CodeIgniter\CodeIgniter->handleRequest(null, Object(Config\Cache), false)
 7 SYSTEMPATH\Boot.php(334): CodeIgniter\CodeIgniter->run()
 8 SYSTEMPATH\Boot.php(67): CodeIgniter\Boot::runCodeIgniter(Object(CodeIgniter\CodeIgniter))
 9 FCPATH\index.php(56): CodeIgniter\Boot::bootWeb(Object(Config\Paths))
DEBUG - 2025-04-17 12:09:42 --> Session: Class initialized using 'CodeIgniter\Session\Handlers\FileHandler' driver.
WARNING - 2025-04-17 12:09:42 --> [DEPRECATED] Passing lowercase HTTP method "get" is deprecated. Use uppercase HTTP method like "GET". in SYSTEMPATH\Router\RouteCollection.php on line 1026.
 1 SYSTEMPATH\Router\RouteCollection.php(1026): trigger_error('Passing lowercase HTTP method "get" is deprecated. Use uppercase HTTP method like "GET".', 16384)
 2 APPPATH\Config\Routes.php(88): CodeIgniter\Router\RouteCollection->match([...], 'user/edit', 'User\\UserController::editProfile')
 3 SYSTEMPATH\Router\RouteCollection.php(339): require('C:\\wamp64\\www\\ci-learn_affix\\app\\Config\\Routes.php')
 4 SYSTEMPATH\CodeIgniter.php(821): CodeIgniter\Router\RouteCollection->loadRoutes()
 5 SYSTEMPATH\CodeIgniter.php(455): CodeIgniter\CodeIgniter->tryToRouteIt(null)
 6 SYSTEMPATH\CodeIgniter.php(354): CodeIgniter\CodeIgniter->handleRequest(null, Object(Config\Cache), false)
 7 SYSTEMPATH\Boot.php(334): CodeIgniter\CodeIgniter->run()
 8 SYSTEMPATH\Boot.php(67): CodeIgniter\Boot::runCodeIgniter(Object(CodeIgniter\CodeIgniter))
 9 FCPATH\index.php(56): CodeIgniter\Boot::bootWeb(Object(Config\Paths))
WARNING - 2025-04-17 12:09:42 --> [DEPRECATED] Passing lowercase HTTP method "post" is deprecated. Use uppercase HTTP method like "POST". in SYSTEMPATH\Router\RouteCollection.php on line 1026.
 1 SYSTEMPATH\Router\RouteCollection.php(1026): trigger_error('Passing lowercase HTTP method "post" is deprecated. Use uppercase HTTP method like "POST".', 16384)
 2 APPPATH\Config\Routes.php(88): CodeIgniter\Router\RouteCollection->match([...], 'user/edit', 'User\\UserController::editProfile')
 3 SYSTEMPATH\Router\RouteCollection.php(339): require('C:\\wamp64\\www\\ci-learn_affix\\app\\Config\\Routes.php')
 4 SYSTEMPATH\CodeIgniter.php(821): CodeIgniter\Router\RouteCollection->loadRoutes()
 5 SYSTEMPATH\CodeIgniter.php(455): CodeIgniter\CodeIgniter->tryToRouteIt(null)
 6 SYSTEMPATH\CodeIgniter.php(354): CodeIgniter\CodeIgniter->handleRequest(null, Object(Config\Cache), false)
 7 SYSTEMPATH\Boot.php(334): CodeIgniter\CodeIgniter->run()
 8 SYSTEMPATH\Boot.php(67): CodeIgniter\Boot::runCodeIgniter(Object(CodeIgniter\CodeIgniter))
 9 FCPATH\index.php(56): CodeIgniter\Boot::bootWeb(Object(Config\Paths))
DEBUG - 2025-04-17 12:09:43 --> Session: Class initialized using 'CodeIgniter\Session\Handlers\FileHandler' driver.
DEBUG - 2025-04-17 12:09:43 --> Session: Class initialized using 'CodeIgniter\Session\Handlers\FileHandler' driver.
WARNING - 2025-04-17 12:09:43 --> [DEPRECATED] Passing lowercase HTTP method "get" is deprecated. Use uppercase HTTP method like "GET". in SYSTEMPATH\Router\RouteCollection.php on line 1026.
 1 SYSTEMPATH\Router\RouteCollection.php(1026): trigger_error('Passing lowercase HTTP method "get" is deprecated. Use uppercase HTTP method like "GET".', 16384)
 2 APPPATH\Config\Routes.php(88): CodeIgniter\Router\RouteCollection->match([...], 'user/edit', 'User\\UserController::editProfile')
 3 SYSTEMPATH\Router\RouteCollection.php(339): require('C:\\wamp64\\www\\ci-learn_affix\\app\\Config\\Routes.php')
 4 SYSTEMPATH\CodeIgniter.php(821): CodeIgniter\Router\RouteCollection->loadRoutes()
 5 SYSTEMPATH\CodeIgniter.php(455): CodeIgniter\CodeIgniter->tryToRouteIt(null)
 6 SYSTEMPATH\CodeIgniter.php(354): CodeIgniter\CodeIgniter->handleRequest(null, Object(Config\Cache), false)
 7 SYSTEMPATH\Boot.php(334): CodeIgniter\CodeIgniter->run()
 8 SYSTEMPATH\Boot.php(67): CodeIgniter\Boot::runCodeIgniter(Object(CodeIgniter\CodeIgniter))
 9 FCPATH\index.php(56): CodeIgniter\Boot::bootWeb(Object(Config\Paths))
WARNING - 2025-04-17 12:09:43 --> [DEPRECATED] Passing lowercase HTTP method "post" is deprecated. Use uppercase HTTP method like "POST". in SYSTEMPATH\Router\RouteCollection.php on line 1026.
 1 SYSTEMPATH\Router\RouteCollection.php(1026): trigger_error('Passing lowercase HTTP method "post" is deprecated. Use uppercase HTTP method like "POST".', 16384)
 2 APPPATH\Config\Routes.php(88): CodeIgniter\Router\RouteCollection->match([...], 'user/edit', 'User\\UserController::editProfile')
 3 SYSTEMPATH\Router\RouteCollection.php(339): require('C:\\wamp64\\www\\ci-learn_affix\\app\\Config\\Routes.php')
 4 SYSTEMPATH\CodeIgniter.php(821): CodeIgniter\Router\RouteCollection->loadRoutes()
 5 SYSTEMPATH\CodeIgniter.php(455): CodeIgniter\CodeIgniter->tryToRouteIt(null)
 6 SYSTEMPATH\CodeIgniter.php(354): CodeIgniter\CodeIgniter->handleRequest(null, Object(Config\Cache), false)
 7 SYSTEMPATH\Boot.php(334): CodeIgniter\CodeIgniter->run()
 8 SYSTEMPATH\Boot.php(67): CodeIgniter\Boot::runCodeIgniter(Object(CodeIgniter\CodeIgniter))
 9 FCPATH\index.php(56): CodeIgniter\Boot::bootWeb(Object(Config\Paths))
DEBUG - 2025-04-17 12:09:53 --> Session: Class initialized using 'CodeIgniter\Session\Handlers\FileHandler' driver.
WARNING - 2025-04-17 12:09:53 --> [DEPRECATED] Passing lowercase HTTP method "get" is deprecated. Use uppercase HTTP method like "GET". in SYSTEMPATH\Router\RouteCollection.php on line 1026.
 1 SYSTEMPATH\Router\RouteCollection.php(1026): trigger_error('Passing lowercase HTTP method "get" is deprecated. Use uppercase HTTP method like "GET".', 16384)
 2 APPPATH\Config\Routes.php(88): CodeIgniter\Router\RouteCollection->match([...], 'user/edit', 'User\\UserController::editProfile')
 3 SYSTEMPATH\Router\RouteCollection.php(339): require('C:\\wamp64\\www\\ci-learn_affix\\app\\Config\\Routes.php')
 4 SYSTEMPATH\CodeIgniter.php(821): CodeIgniter\Router\RouteCollection->loadRoutes()
 5 SYSTEMPATH\CodeIgniter.php(455): CodeIgniter\CodeIgniter->tryToRouteIt(null)
 6 SYSTEMPATH\CodeIgniter.php(354): CodeIgniter\CodeIgniter->handleRequest(null, Object(Config\Cache), false)
 7 SYSTEMPATH\Boot.php(334): CodeIgniter\CodeIgniter->run()
 8 SYSTEMPATH\Boot.php(67): CodeIgniter\Boot::runCodeIgniter(Object(CodeIgniter\CodeIgniter))
 9 FCPATH\index.php(56): CodeIgniter\Boot::bootWeb(Object(Config\Paths))
WARNING - 2025-04-17 12:09:53 --> [DEPRECATED] Passing lowercase HTTP method "post" is deprecated. Use uppercase HTTP method like "POST". in SYSTEMPATH\Router\RouteCollection.php on line 1026.
 1 SYSTEMPATH\Router\RouteCollection.php(1026): trigger_error('Passing lowercase HTTP method "post" is deprecated. Use uppercase HTTP method like "POST".', 16384)
 2 APPPATH\Config\Routes.php(88): CodeIgniter\Router\RouteCollection->match([...], 'user/edit', 'User\\UserController::editProfile')
 3 SYSTEMPATH\Router\RouteCollection.php(339): require('C:\\wamp64\\www\\ci-learn_affix\\app\\Config\\Routes.php')
 4 SYSTEMPATH\CodeIgniter.php(821): CodeIgniter\Router\RouteCollection->loadRoutes()
 5 SYSTEMPATH\CodeIgniter.php(455): CodeIgniter\CodeIgniter->tryToRouteIt(null)
 6 SYSTEMPATH\CodeIgniter.php(354): CodeIgniter\CodeIgniter->handleRequest(null, Object(Config\Cache), false)
 7 SYSTEMPATH\Boot.php(334): CodeIgniter\CodeIgniter->run()
 8 SYSTEMPATH\Boot.php(67): CodeIgniter\Boot::runCodeIgniter(Object(CodeIgniter\CodeIgniter))
 9 FCPATH\index.php(56): CodeIgniter\Boot::bootWeb(Object(Config\Paths))
DEBUG - 2025-04-17 12:09:54 --> Session: Class initialized using 'CodeIgniter\Session\Handlers\FileHandler' driver.
DEBUG - 2025-04-17 12:09:54 --> Session: Class initialized using 'CodeIgniter\Session\Handlers\FileHandler' driver.
WARNING - 2025-04-17 12:09:54 --> [DEPRECATED] Passing lowercase HTTP method "get" is deprecated. Use uppercase HTTP method like "GET". in SYSTEMPATH\Router\RouteCollection.php on line 1026.
 1 SYSTEMPATH\Router\RouteCollection.php(1026): trigger_error('Passing lowercase HTTP method "get" is deprecated. Use uppercase HTTP method like "GET".', 16384)
 2 APPPATH\Config\Routes.php(88): CodeIgniter\Router\RouteCollection->match([...], 'user/edit', 'User\\UserController::editProfile')
 3 SYSTEMPATH\Router\RouteCollection.php(339): require('C:\\wamp64\\www\\ci-learn_affix\\app\\Config\\Routes.php')
 4 SYSTEMPATH\CodeIgniter.php(821): CodeIgniter\Router\RouteCollection->loadRoutes()
 5 SYSTEMPATH\CodeIgniter.php(455): CodeIgniter\CodeIgniter->tryToRouteIt(null)
 6 SYSTEMPATH\CodeIgniter.php(354): CodeIgniter\CodeIgniter->handleRequest(null, Object(Config\Cache), false)
 7 SYSTEMPATH\Boot.php(334): CodeIgniter\CodeIgniter->run()
 8 SYSTEMPATH\Boot.php(67): CodeIgniter\Boot::runCodeIgniter(Object(CodeIgniter\CodeIgniter))
 9 FCPATH\index.php(56): CodeIgniter\Boot::bootWeb(Object(Config\Paths))
WARNING - 2025-04-17 12:09:54 --> [DEPRECATED] Passing lowercase HTTP method "post" is deprecated. Use uppercase HTTP method like "POST". in SYSTEMPATH\Router\RouteCollection.php on line 1026.
 1 SYSTEMPATH\Router\RouteCollection.php(1026): trigger_error('Passing lowercase HTTP method "post" is deprecated. Use uppercase HTTP method like "POST".', 16384)
 2 APPPATH\Config\Routes.php(88): CodeIgniter\Router\RouteCollection->match([...], 'user/edit', 'User\\UserController::editProfile')
 3 SYSTEMPATH\Router\RouteCollection.php(339): require('C:\\wamp64\\www\\ci-learn_affix\\app\\Config\\Routes.php')
 4 SYSTEMPATH\CodeIgniter.php(821): CodeIgniter\Router\RouteCollection->loadRoutes()
 5 SYSTEMPATH\CodeIgniter.php(455): CodeIgniter\CodeIgniter->tryToRouteIt(null)
 6 SYSTEMPATH\CodeIgniter.php(354): CodeIgniter\CodeIgniter->handleRequest(null, Object(Config\Cache), false)
 7 SYSTEMPATH\Boot.php(334): CodeIgniter\CodeIgniter->run()
 8 SYSTEMPATH\Boot.php(67): CodeIgniter\Boot::runCodeIgniter(Object(CodeIgniter\CodeIgniter))
 9 FCPATH\index.php(56): CodeIgniter\Boot::bootWeb(Object(Config\Paths))
DEBUG - 2025-04-17 12:14:38 --> Session: Class initialized using 'CodeIgniter\Session\Handlers\FileHandler' driver.
WARNING - 2025-04-17 12:14:38 --> [DEPRECATED] Passing lowercase HTTP method "get" is deprecated. Use uppercase HTTP method like "GET". in SYSTEMPATH\Router\RouteCollection.php on line 1026.
 1 SYSTEMPATH\Router\RouteCollection.php(1026): trigger_error('Passing lowercase HTTP method "get" is deprecated. Use uppercase HTTP method like "GET".', 16384)
 2 APPPATH\Config\Routes.php(88): CodeIgniter\Router\RouteCollection->match([...], 'user/edit', 'User\\UserController::editProfile')
 3 SYSTEMPATH\Router\RouteCollection.php(339): require('C:\\wamp64\\www\\ci-learn_affix\\app\\Config\\Routes.php')
 4 SYSTEMPATH\CodeIgniter.php(821): CodeIgniter\Router\RouteCollection->loadRoutes()
 5 SYSTEMPATH\CodeIgniter.php(455): CodeIgniter\CodeIgniter->tryToRouteIt(null)
 6 SYSTEMPATH\CodeIgniter.php(354): CodeIgniter\CodeIgniter->handleRequest(null, Object(Config\Cache), false)
 7 SYSTEMPATH\Boot.php(334): CodeIgniter\CodeIgniter->run()
 8 SYSTEMPATH\Boot.php(67): CodeIgniter\Boot::runCodeIgniter(Object(CodeIgniter\CodeIgniter))
 9 FCPATH\index.php(56): CodeIgniter\Boot::bootWeb(Object(Config\Paths))
WARNING - 2025-04-17 12:14:38 --> [DEPRECATED] Passing lowercase HTTP method "post" is deprecated. Use uppercase HTTP method like "POST". in SYSTEMPATH\Router\RouteCollection.php on line 1026.
 1 SYSTEMPATH\Router\RouteCollection.php(1026): trigger_error('Passing lowercase HTTP method "post" is deprecated. Use uppercase HTTP method like "POST".', 16384)
 2 APPPATH\Config\Routes.php(88): CodeIgniter\Router\RouteCollection->match([...], 'user/edit', 'User\\UserController::editProfile')
 3 SYSTEMPATH\Router\RouteCollection.php(339): require('C:\\wamp64\\www\\ci-learn_affix\\app\\Config\\Routes.php')
 4 SYSTEMPATH\CodeIgniter.php(821): CodeIgniter\Router\RouteCollection->loadRoutes()
 5 SYSTEMPATH\CodeIgniter.php(455): CodeIgniter\CodeIgniter->tryToRouteIt(null)
 6 SYSTEMPATH\CodeIgniter.php(354): CodeIgniter\CodeIgniter->handleRequest(null, Object(Config\Cache), false)
 7 SYSTEMPATH\Boot.php(334): CodeIgniter\CodeIgniter->run()
 8 SYSTEMPATH\Boot.php(67): CodeIgniter\Boot::runCodeIgniter(Object(CodeIgniter\CodeIgniter))
 9 FCPATH\index.php(56): CodeIgniter\Boot::bootWeb(Object(Config\Paths))
DEBUG - 2025-04-17 12:14:39 --> Session: Class initialized using 'CodeIgniter\Session\Handlers\FileHandler' driver.
WARNING - 2025-04-17 12:14:39 --> [DEPRECATED] Passing lowercase HTTP method "get" is deprecated. Use uppercase HTTP method like "GET". in SYSTEMPATH\Router\RouteCollection.php on line 1026.
 1 SYSTEMPATH\Router\RouteCollection.php(1026): trigger_error('Passing lowercase HTTP method "get" is deprecated. Use uppercase HTTP method like "GET".', 16384)
 2 APPPATH\Config\Routes.php(88): CodeIgniter\Router\RouteCollection->match([...], 'user/edit', 'User\\UserController::editProfile')
 3 SYSTEMPATH\Router\RouteCollection.php(339): require('C:\\wamp64\\www\\ci-learn_affix\\app\\Config\\Routes.php')
 4 SYSTEMPATH\CodeIgniter.php(821): CodeIgniter\Router\RouteCollection->loadRoutes()
 5 SYSTEMPATH\CodeIgniter.php(455): CodeIgniter\CodeIgniter->tryToRouteIt(null)
 6 SYSTEMPATH\CodeIgniter.php(354): CodeIgniter\CodeIgniter->handleRequest(null, Object(Config\Cache), false)
 7 SYSTEMPATH\Boot.php(334): CodeIgniter\CodeIgniter->run()
 8 SYSTEMPATH\Boot.php(67): CodeIgniter\Boot::runCodeIgniter(Object(CodeIgniter\CodeIgniter))
 9 FCPATH\index.php(56): CodeIgniter\Boot::bootWeb(Object(Config\Paths))
WARNING - 2025-04-17 12:14:39 --> [DEPRECATED] Passing lowercase HTTP method "post" is deprecated. Use uppercase HTTP method like "POST". in SYSTEMPATH\Router\RouteCollection.php on line 1026.
 1 SYSTEMPATH\Router\RouteCollection.php(1026): trigger_error('Passing lowercase HTTP method "post" is deprecated. Use uppercase HTTP method like "POST".', 16384)
 2 APPPATH\Config\Routes.php(88): CodeIgniter\Router\RouteCollection->match([...], 'user/edit', 'User\\UserController::editProfile')
 3 SYSTEMPATH\Router\RouteCollection.php(339): require('C:\\wamp64\\www\\ci-learn_affix\\app\\Config\\Routes.php')
 4 SYSTEMPATH\CodeIgniter.php(821): CodeIgniter\Router\RouteCollection->loadRoutes()
 5 SYSTEMPATH\CodeIgniter.php(455): CodeIgniter\CodeIgniter->tryToRouteIt(null)
 6 SYSTEMPATH\CodeIgniter.php(354): CodeIgniter\CodeIgniter->handleRequest(null, Object(Config\Cache), false)
 7 SYSTEMPATH\Boot.php(334): CodeIgniter\CodeIgniter->run()
 8 SYSTEMPATH\Boot.php(67): CodeIgniter\Boot::runCodeIgniter(Object(CodeIgniter\CodeIgniter))
 9 FCPATH\index.php(56): CodeIgniter\Boot::bootWeb(Object(Config\Paths))
DEBUG - 2025-04-17 12:14:40 --> Session: Class initialized using 'CodeIgniter\Session\Handlers\FileHandler' driver.
DEBUG - 2025-04-17 12:14:40 --> Session: Class initialized using 'CodeIgniter\Session\Handlers\FileHandler' driver.
WARNING - 2025-04-17 12:14:40 --> [DEPRECATED] Passing lowercase HTTP method "get" is deprecated. Use uppercase HTTP method like "GET". in SYSTEMPATH\Router\RouteCollection.php on line 1026.
 1 SYSTEMPATH\Router\RouteCollection.php(1026): trigger_error('Passing lowercase HTTP method "get" is deprecated. Use uppercase HTTP method like "GET".', 16384)
 2 APPPATH\Config\Routes.php(88): CodeIgniter\Router\RouteCollection->match([...], 'user/edit', 'User\\UserController::editProfile')
 3 SYSTEMPATH\Router\RouteCollection.php(339): require('C:\\wamp64\\www\\ci-learn_affix\\app\\Config\\Routes.php')
 4 SYSTEMPATH\CodeIgniter.php(821): CodeIgniter\Router\RouteCollection->loadRoutes()
 5 SYSTEMPATH\CodeIgniter.php(455): CodeIgniter\CodeIgniter->tryToRouteIt(null)
 6 SYSTEMPATH\CodeIgniter.php(354): CodeIgniter\CodeIgniter->handleRequest(null, Object(Config\Cache), false)
 7 SYSTEMPATH\Boot.php(334): CodeIgniter\CodeIgniter->run()
 8 SYSTEMPATH\Boot.php(67): CodeIgniter\Boot::runCodeIgniter(Object(CodeIgniter\CodeIgniter))
 9 FCPATH\index.php(56): CodeIgniter\Boot::bootWeb(Object(Config\Paths))
WARNING - 2025-04-17 12:14:40 --> [DEPRECATED] Passing lowercase HTTP method "post" is deprecated. Use uppercase HTTP method like "POST". in SYSTEMPATH\Router\RouteCollection.php on line 1026.
 1 SYSTEMPATH\Router\RouteCollection.php(1026): trigger_error('Passing lowercase HTTP method "post" is deprecated. Use uppercase HTTP method like "POST".', 16384)
 2 APPPATH\Config\Routes.php(88): CodeIgniter\Router\RouteCollection->match([...], 'user/edit', 'User\\UserController::editProfile')
 3 SYSTEMPATH\Router\RouteCollection.php(339): require('C:\\wamp64\\www\\ci-learn_affix\\app\\Config\\Routes.php')
 4 SYSTEMPATH\CodeIgniter.php(821): CodeIgniter\Router\RouteCollection->loadRoutes()
 5 SYSTEMPATH\CodeIgniter.php(455): CodeIgniter\CodeIgniter->tryToRouteIt(null)
 6 SYSTEMPATH\CodeIgniter.php(354): CodeIgniter\CodeIgniter->handleRequest(null, Object(Config\Cache), false)
 7 SYSTEMPATH\Boot.php(334): CodeIgniter\CodeIgniter->run()
 8 SYSTEMPATH\Boot.php(67): CodeIgniter\Boot::runCodeIgniter(Object(CodeIgniter\CodeIgniter))
 9 FCPATH\index.php(56): CodeIgniter\Boot::bootWeb(Object(Config\Paths))
DEBUG - 2025-04-17 12:24:03 --> Session: Class initialized using 'CodeIgniter\Session\Handlers\FileHandler' driver.
WARNING - 2025-04-17 12:24:03 --> [DEPRECATED] Passing lowercase HTTP method "get" is deprecated. Use uppercase HTTP method like "GET". in SYSTEMPATH\Router\RouteCollection.php on line 1026.
 1 SYSTEMPATH\Router\RouteCollection.php(1026): trigger_error('Passing lowercase HTTP method "get" is deprecated. Use uppercase HTTP method like "GET".', 16384)
 2 APPPATH\Config\Routes.php(88): CodeIgniter\Router\RouteCollection->match([...], 'user/edit', 'User\\UserController::editProfile')
 3 SYSTEMPATH\Router\RouteCollection.php(339): require('C:\\wamp64\\www\\ci-learn_affix\\app\\Config\\Routes.php')
 4 SYSTEMPATH\CodeIgniter.php(821): CodeIgniter\Router\RouteCollection->loadRoutes()
 5 SYSTEMPATH\CodeIgniter.php(455): CodeIgniter\CodeIgniter->tryToRouteIt(null)
 6 SYSTEMPATH\CodeIgniter.php(354): CodeIgniter\CodeIgniter->handleRequest(null, Object(Config\Cache), false)
 7 SYSTEMPATH\Boot.php(334): CodeIgniter\CodeIgniter->run()
 8 SYSTEMPATH\Boot.php(67): CodeIgniter\Boot::runCodeIgniter(Object(CodeIgniter\CodeIgniter))
 9 FCPATH\index.php(56): CodeIgniter\Boot::bootWeb(Object(Config\Paths))
WARNING - 2025-04-17 12:24:03 --> [DEPRECATED] Passing lowercase HTTP method "post" is deprecated. Use uppercase HTTP method like "POST". in SYSTEMPATH\Router\RouteCollection.php on line 1026.
 1 SYSTEMPATH\Router\RouteCollection.php(1026): trigger_error('Passing lowercase HTTP method "post" is deprecated. Use uppercase HTTP method like "POST".', 16384)
 2 APPPATH\Config\Routes.php(88): CodeIgniter\Router\RouteCollection->match([...], 'user/edit', 'User\\UserController::editProfile')
 3 SYSTEMPATH\Router\RouteCollection.php(339): require('C:\\wamp64\\www\\ci-learn_affix\\app\\Config\\Routes.php')
 4 SYSTEMPATH\CodeIgniter.php(821): CodeIgniter\Router\RouteCollection->loadRoutes()
 5 SYSTEMPATH\CodeIgniter.php(455): CodeIgniter\CodeIgniter->tryToRouteIt(null)
 6 SYSTEMPATH\CodeIgniter.php(354): CodeIgniter\CodeIgniter->handleRequest(null, Object(Config\Cache), false)
 7 SYSTEMPATH\Boot.php(334): CodeIgniter\CodeIgniter->run()
 8 SYSTEMPATH\Boot.php(67): CodeIgniter\Boot::runCodeIgniter(Object(CodeIgniter\CodeIgniter))
 9 FCPATH\index.php(56): CodeIgniter\Boot::bootWeb(Object(Config\Paths))
INFO - 2025-04-17 12:24:03 --> Course viewed: Executive Certificate in Digital Transformation (ID: 17)
DEBUG - 2025-04-17 12:24:05 --> Session: Class initialized using 'CodeIgniter\Session\Handlers\FileHandler' driver.
DEBUG - 2025-04-17 12:24:05 --> Session: Class initialized using 'CodeIgniter\Session\Handlers\FileHandler' driver.
WARNING - 2025-04-17 12:24:05 --> [DEPRECATED] Passing lowercase HTTP method "get" is deprecated. Use uppercase HTTP method like "GET". in SYSTEMPATH\Router\RouteCollection.php on line 1026.
 1 SYSTEMPATH\Router\RouteCollection.php(1026): trigger_error('Passing lowercase HTTP method "get" is deprecated. Use uppercase HTTP method like "GET".', 16384)
 2 APPPATH\Config\Routes.php(88): CodeIgniter\Router\RouteCollection->match([...], 'user/edit', 'User\\UserController::editProfile')
 3 SYSTEMPATH\Router\RouteCollection.php(339): require('C:\\wamp64\\www\\ci-learn_affix\\app\\Config\\Routes.php')
 4 SYSTEMPATH\CodeIgniter.php(821): CodeIgniter\Router\RouteCollection->loadRoutes()
 5 SYSTEMPATH\CodeIgniter.php(455): CodeIgniter\CodeIgniter->tryToRouteIt(null)
 6 SYSTEMPATH\CodeIgniter.php(354): CodeIgniter\CodeIgniter->handleRequest(null, Object(Config\Cache), false)
 7 SYSTEMPATH\Boot.php(334): CodeIgniter\CodeIgniter->run()
 8 SYSTEMPATH\Boot.php(67): CodeIgniter\Boot::runCodeIgniter(Object(CodeIgniter\CodeIgniter))
 9 FCPATH\index.php(56): CodeIgniter\Boot::bootWeb(Object(Config\Paths))
WARNING - 2025-04-17 12:24:05 --> [DEPRECATED] Passing lowercase HTTP method "post" is deprecated. Use uppercase HTTP method like "POST". in SYSTEMPATH\Router\RouteCollection.php on line 1026.
 1 SYSTEMPATH\Router\RouteCollection.php(1026): trigger_error('Passing lowercase HTTP method "post" is deprecated. Use uppercase HTTP method like "POST".', 16384)
 2 APPPATH\Config\Routes.php(88): CodeIgniter\Router\RouteCollection->match([...], 'user/edit', 'User\\UserController::editProfile')
 3 SYSTEMPATH\Router\RouteCollection.php(339): require('C:\\wamp64\\www\\ci-learn_affix\\app\\Config\\Routes.php')
 4 SYSTEMPATH\CodeIgniter.php(821): CodeIgniter\Router\RouteCollection->loadRoutes()
 5 SYSTEMPATH\CodeIgniter.php(455): CodeIgniter\CodeIgniter->tryToRouteIt(null)
 6 SYSTEMPATH\CodeIgniter.php(354): CodeIgniter\CodeIgniter->handleRequest(null, Object(Config\Cache), false)
 7 SYSTEMPATH\Boot.php(334): CodeIgniter\CodeIgniter->run()
 8 SYSTEMPATH\Boot.php(67): CodeIgniter\Boot::runCodeIgniter(Object(CodeIgniter\CodeIgniter))
 9 FCPATH\index.php(56): CodeIgniter\Boot::bootWeb(Object(Config\Paths))
DEBUG - 2025-04-17 12:25:30 --> Session: Class initialized using 'CodeIgniter\Session\Handlers\FileHandler' driver.
WARNING - 2025-04-17 12:25:30 --> [DEPRECATED] Passing lowercase HTTP method "get" is deprecated. Use uppercase HTTP method like "GET". in SYSTEMPATH\Router\RouteCollection.php on line 1026.
 1 SYSTEMPATH\Router\RouteCollection.php(1026): trigger_error('Passing lowercase HTTP method "get" is deprecated. Use uppercase HTTP method like "GET".', 16384)
 2 APPPATH\Config\Routes.php(88): CodeIgniter\Router\RouteCollection->match([...], 'user/edit', 'User\\UserController::editProfile')
 3 SYSTEMPATH\Router\RouteCollection.php(339): require('C:\\wamp64\\www\\ci-learn_affix\\app\\Config\\Routes.php')
 4 SYSTEMPATH\CodeIgniter.php(821): CodeIgniter\Router\RouteCollection->loadRoutes()
 5 SYSTEMPATH\CodeIgniter.php(455): CodeIgniter\CodeIgniter->tryToRouteIt(null)
 6 SYSTEMPATH\CodeIgniter.php(354): CodeIgniter\CodeIgniter->handleRequest(null, Object(Config\Cache), false)
 7 SYSTEMPATH\Boot.php(334): CodeIgniter\CodeIgniter->run()
 8 SYSTEMPATH\Boot.php(67): CodeIgniter\Boot::runCodeIgniter(Object(CodeIgniter\CodeIgniter))
 9 FCPATH\index.php(56): CodeIgniter\Boot::bootWeb(Object(Config\Paths))
WARNING - 2025-04-17 12:25:30 --> [DEPRECATED] Passing lowercase HTTP method "post" is deprecated. Use uppercase HTTP method like "POST". in SYSTEMPATH\Router\RouteCollection.php on line 1026.
 1 SYSTEMPATH\Router\RouteCollection.php(1026): trigger_error('Passing lowercase HTTP method "post" is deprecated. Use uppercase HTTP method like "POST".', 16384)
 2 APPPATH\Config\Routes.php(88): CodeIgniter\Router\RouteCollection->match([...], 'user/edit', 'User\\UserController::editProfile')
 3 SYSTEMPATH\Router\RouteCollection.php(339): require('C:\\wamp64\\www\\ci-learn_affix\\app\\Config\\Routes.php')
 4 SYSTEMPATH\CodeIgniter.php(821): CodeIgniter\Router\RouteCollection->loadRoutes()
 5 SYSTEMPATH\CodeIgniter.php(455): CodeIgniter\CodeIgniter->tryToRouteIt(null)
 6 SYSTEMPATH\CodeIgniter.php(354): CodeIgniter\CodeIgniter->handleRequest(null, Object(Config\Cache), false)
 7 SYSTEMPATH\Boot.php(334): CodeIgniter\CodeIgniter->run()
 8 SYSTEMPATH\Boot.php(67): CodeIgniter\Boot::runCodeIgniter(Object(CodeIgniter\CodeIgniter))
 9 FCPATH\index.php(56): CodeIgniter\Boot::bootWeb(Object(Config\Paths))
INFO - 2025-04-17 12:25:30 --> Course viewed: Executive Certificate in Digital Transformation (ID: 17)
DEBUG - 2025-04-17 12:25:30 --> Session: Class initialized using 'CodeIgniter\Session\Handlers\FileHandler' driver.
DEBUG - 2025-04-17 12:25:31 --> Session: Class initialized using 'CodeIgniter\Session\Handlers\FileHandler' driver.
WARNING - 2025-04-17 12:25:31 --> [DEPRECATED] Passing lowercase HTTP method "get" is deprecated. Use uppercase HTTP method like "GET". in SYSTEMPATH\Router\RouteCollection.php on line 1026.
 1 SYSTEMPATH\Router\RouteCollection.php(1026): trigger_error('Passing lowercase HTTP method "get" is deprecated. Use uppercase HTTP method like "GET".', 16384)
 2 APPPATH\Config\Routes.php(88): CodeIgniter\Router\RouteCollection->match([...], 'user/edit', 'User\\UserController::editProfile')
 3 SYSTEMPATH\Router\RouteCollection.php(339): require('C:\\wamp64\\www\\ci-learn_affix\\app\\Config\\Routes.php')
 4 SYSTEMPATH\CodeIgniter.php(821): CodeIgniter\Router\RouteCollection->loadRoutes()
 5 SYSTEMPATH\CodeIgniter.php(455): CodeIgniter\CodeIgniter->tryToRouteIt(null)
 6 SYSTEMPATH\CodeIgniter.php(354): CodeIgniter\CodeIgniter->handleRequest(null, Object(Config\Cache), false)
 7 SYSTEMPATH\Boot.php(334): CodeIgniter\CodeIgniter->run()
 8 SYSTEMPATH\Boot.php(67): CodeIgniter\Boot::runCodeIgniter(Object(CodeIgniter\CodeIgniter))
 9 FCPATH\index.php(56): CodeIgniter\Boot::bootWeb(Object(Config\Paths))
WARNING - 2025-04-17 12:25:31 --> [DEPRECATED] Passing lowercase HTTP method "post" is deprecated. Use uppercase HTTP method like "POST". in SYSTEMPATH\Router\RouteCollection.php on line 1026.
 1 SYSTEMPATH\Router\RouteCollection.php(1026): trigger_error('Passing lowercase HTTP method "post" is deprecated. Use uppercase HTTP method like "POST".', 16384)
 2 APPPATH\Config\Routes.php(88): CodeIgniter\Router\RouteCollection->match([...], 'user/edit', 'User\\UserController::editProfile')
 3 SYSTEMPATH\Router\RouteCollection.php(339): require('C:\\wamp64\\www\\ci-learn_affix\\app\\Config\\Routes.php')
 4 SYSTEMPATH\CodeIgniter.php(821): CodeIgniter\Router\RouteCollection->loadRoutes()
 5 SYSTEMPATH\CodeIgniter.php(455): CodeIgniter\CodeIgniter->tryToRouteIt(null)
 6 SYSTEMPATH\CodeIgniter.php(354): CodeIgniter\CodeIgniter->handleRequest(null, Object(Config\Cache), false)
 7 SYSTEMPATH\Boot.php(334): CodeIgniter\CodeIgniter->run()
 8 SYSTEMPATH\Boot.php(67): CodeIgniter\Boot::runCodeIgniter(Object(CodeIgniter\CodeIgniter))
 9 FCPATH\index.php(56): CodeIgniter\Boot::bootWeb(Object(Config\Paths))
DEBUG - 2025-04-17 12:26:01 --> Session: Class initialized using 'CodeIgniter\Session\Handlers\FileHandler' driver.
WARNING - 2025-04-17 12:26:01 --> [DEPRECATED] Passing lowercase HTTP method "get" is deprecated. Use uppercase HTTP method like "GET". in SYSTEMPATH\Router\RouteCollection.php on line 1026.
 1 SYSTEMPATH\Router\RouteCollection.php(1026): trigger_error('Passing lowercase HTTP method "get" is deprecated. Use uppercase HTTP method like "GET".', 16384)
 2 APPPATH\Config\Routes.php(88): CodeIgniter\Router\RouteCollection->match([...], 'user/edit', 'User\\UserController::editProfile')
 3 SYSTEMPATH\Router\RouteCollection.php(339): require('C:\\wamp64\\www\\ci-learn_affix\\app\\Config\\Routes.php')
 4 SYSTEMPATH\CodeIgniter.php(821): CodeIgniter\Router\RouteCollection->loadRoutes()
 5 SYSTEMPATH\CodeIgniter.php(455): CodeIgniter\CodeIgniter->tryToRouteIt(null)
 6 SYSTEMPATH\CodeIgniter.php(354): CodeIgniter\CodeIgniter->handleRequest(null, Object(Config\Cache), false)
 7 SYSTEMPATH\Boot.php(334): CodeIgniter\CodeIgniter->run()
 8 SYSTEMPATH\Boot.php(67): CodeIgniter\Boot::runCodeIgniter(Object(CodeIgniter\CodeIgniter))
 9 FCPATH\index.php(56): CodeIgniter\Boot::bootWeb(Object(Config\Paths))
WARNING - 2025-04-17 12:26:01 --> [DEPRECATED] Passing lowercase HTTP method "post" is deprecated. Use uppercase HTTP method like "POST". in SYSTEMPATH\Router\RouteCollection.php on line 1026.
 1 SYSTEMPATH\Router\RouteCollection.php(1026): trigger_error('Passing lowercase HTTP method "post" is deprecated. Use uppercase HTTP method like "POST".', 16384)
 2 APPPATH\Config\Routes.php(88): CodeIgniter\Router\RouteCollection->match([...], 'user/edit', 'User\\UserController::editProfile')
 3 SYSTEMPATH\Router\RouteCollection.php(339): require('C:\\wamp64\\www\\ci-learn_affix\\app\\Config\\Routes.php')
 4 SYSTEMPATH\CodeIgniter.php(821): CodeIgniter\Router\RouteCollection->loadRoutes()
 5 SYSTEMPATH\CodeIgniter.php(455): CodeIgniter\CodeIgniter->tryToRouteIt(null)
 6 SYSTEMPATH\CodeIgniter.php(354): CodeIgniter\CodeIgniter->handleRequest(null, Object(Config\Cache), false)
 7 SYSTEMPATH\Boot.php(334): CodeIgniter\CodeIgniter->run()
 8 SYSTEMPATH\Boot.php(67): CodeIgniter\Boot::runCodeIgniter(Object(CodeIgniter\CodeIgniter))
 9 FCPATH\index.php(56): CodeIgniter\Boot::bootWeb(Object(Config\Paths))
INFO - 2025-04-17 12:26:01 --> Course viewed: Executive Certificate in Digital Transformation (ID: 17)
DEBUG - 2025-04-17 12:26:02 --> Session: Class initialized using 'CodeIgniter\Session\Handlers\FileHandler' driver.
DEBUG - 2025-04-17 12:26:02 --> Session: Class initialized using 'CodeIgniter\Session\Handlers\FileHandler' driver.
WARNING - 2025-04-17 12:26:02 --> [DEPRECATED] Passing lowercase HTTP method "get" is deprecated. Use uppercase HTTP method like "GET". in SYSTEMPATH\Router\RouteCollection.php on line 1026.
 1 SYSTEMPATH\Router\RouteCollection.php(1026): trigger_error('Passing lowercase HTTP method "get" is deprecated. Use uppercase HTTP method like "GET".', 16384)
 2 APPPATH\Config\Routes.php(88): CodeIgniter\Router\RouteCollection->match([...], 'user/edit', 'User\\UserController::editProfile')
 3 SYSTEMPATH\Router\RouteCollection.php(339): require('C:\\wamp64\\www\\ci-learn_affix\\app\\Config\\Routes.php')
 4 SYSTEMPATH\CodeIgniter.php(821): CodeIgniter\Router\RouteCollection->loadRoutes()
 5 SYSTEMPATH\CodeIgniter.php(455): CodeIgniter\CodeIgniter->tryToRouteIt(null)
 6 SYSTEMPATH\CodeIgniter.php(354): CodeIgniter\CodeIgniter->handleRequest(null, Object(Config\Cache), false)
 7 SYSTEMPATH\Boot.php(334): CodeIgniter\CodeIgniter->run()
 8 SYSTEMPATH\Boot.php(67): CodeIgniter\Boot::runCodeIgniter(Object(CodeIgniter\CodeIgniter))
 9 FCPATH\index.php(56): CodeIgniter\Boot::bootWeb(Object(Config\Paths))
WARNING - 2025-04-17 12:26:02 --> [DEPRECATED] Passing lowercase HTTP method "post" is deprecated. Use uppercase HTTP method like "POST". in SYSTEMPATH\Router\RouteCollection.php on line 1026.
 1 SYSTEMPATH\Router\RouteCollection.php(1026): trigger_error('Passing lowercase HTTP method "post" is deprecated. Use uppercase HTTP method like "POST".', 16384)
 2 APPPATH\Config\Routes.php(88): CodeIgniter\Router\RouteCollection->match([...], 'user/edit', 'User\\UserController::editProfile')
 3 SYSTEMPATH\Router\RouteCollection.php(339): require('C:\\wamp64\\www\\ci-learn_affix\\app\\Config\\Routes.php')
 4 SYSTEMPATH\CodeIgniter.php(821): CodeIgniter\Router\RouteCollection->loadRoutes()
 5 SYSTEMPATH\CodeIgniter.php(455): CodeIgniter\CodeIgniter->tryToRouteIt(null)
 6 SYSTEMPATH\CodeIgniter.php(354): CodeIgniter\CodeIgniter->handleRequest(null, Object(Config\Cache), false)
 7 SYSTEMPATH\Boot.php(334): CodeIgniter\CodeIgniter->run()
 8 SYSTEMPATH\Boot.php(67): CodeIgniter\Boot::runCodeIgniter(Object(CodeIgniter\CodeIgniter))
 9 FCPATH\index.php(56): CodeIgniter\Boot::bootWeb(Object(Config\Paths))
DEBUG - 2025-04-17 12:26:25 --> Session: Class initialized using 'CodeIgniter\Session\Handlers\FileHandler' driver.
WARNING - 2025-04-17 12:26:25 --> [DEPRECATED] Passing lowercase HTTP method "get" is deprecated. Use uppercase HTTP method like "GET". in SYSTEMPATH\Router\RouteCollection.php on line 1026.
 1 SYSTEMPATH\Router\RouteCollection.php(1026): trigger_error('Passing lowercase HTTP method "get" is deprecated. Use uppercase HTTP method like "GET".', 16384)
 2 APPPATH\Config\Routes.php(88): CodeIgniter\Router\RouteCollection->match([...], 'user/edit', 'User\\UserController::editProfile')
 3 SYSTEMPATH\Router\RouteCollection.php(339): require('C:\\wamp64\\www\\ci-learn_affix\\app\\Config\\Routes.php')
 4 SYSTEMPATH\CodeIgniter.php(821): CodeIgniter\Router\RouteCollection->loadRoutes()
 5 SYSTEMPATH\CodeIgniter.php(455): CodeIgniter\CodeIgniter->tryToRouteIt(null)
 6 SYSTEMPATH\CodeIgniter.php(354): CodeIgniter\CodeIgniter->handleRequest(null, Object(Config\Cache), false)
 7 SYSTEMPATH\Boot.php(334): CodeIgniter\CodeIgniter->run()
 8 SYSTEMPATH\Boot.php(67): CodeIgniter\Boot::runCodeIgniter(Object(CodeIgniter\CodeIgniter))
 9 FCPATH\index.php(56): CodeIgniter\Boot::bootWeb(Object(Config\Paths))
WARNING - 2025-04-17 12:26:25 --> [DEPRECATED] Passing lowercase HTTP method "post" is deprecated. Use uppercase HTTP method like "POST". in SYSTEMPATH\Router\RouteCollection.php on line 1026.
 1 SYSTEMPATH\Router\RouteCollection.php(1026): trigger_error('Passing lowercase HTTP method "post" is deprecated. Use uppercase HTTP method like "POST".', 16384)
 2 APPPATH\Config\Routes.php(88): CodeIgniter\Router\RouteCollection->match([...], 'user/edit', 'User\\UserController::editProfile')
 3 SYSTEMPATH\Router\RouteCollection.php(339): require('C:\\wamp64\\www\\ci-learn_affix\\app\\Config\\Routes.php')
 4 SYSTEMPATH\CodeIgniter.php(821): CodeIgniter\Router\RouteCollection->loadRoutes()
 5 SYSTEMPATH\CodeIgniter.php(455): CodeIgniter\CodeIgniter->tryToRouteIt(null)
 6 SYSTEMPATH\CodeIgniter.php(354): CodeIgniter\CodeIgniter->handleRequest(null, Object(Config\Cache), false)
 7 SYSTEMPATH\Boot.php(334): CodeIgniter\CodeIgniter->run()
 8 SYSTEMPATH\Boot.php(67): CodeIgniter\Boot::runCodeIgniter(Object(CodeIgniter\CodeIgniter))
 9 FCPATH\index.php(56): CodeIgniter\Boot::bootWeb(Object(Config\Paths))
INFO - 2025-04-17 12:26:25 --> Course viewed: Executive Certificate in Digital Transformation (ID: 17)
DEBUG - 2025-04-17 12:26:25 --> Session: Class initialized using 'CodeIgniter\Session\Handlers\FileHandler' driver.
DEBUG - 2025-04-17 12:26:25 --> Session: Class initialized using 'CodeIgniter\Session\Handlers\FileHandler' driver.
WARNING - 2025-04-17 12:26:26 --> [DEPRECATED] Passing lowercase HTTP method "get" is deprecated. Use uppercase HTTP method like "GET". in SYSTEMPATH\Router\RouteCollection.php on line 1026.
 1 SYSTEMPATH\Router\RouteCollection.php(1026): trigger_error('Passing lowercase HTTP method "get" is deprecated. Use uppercase HTTP method like "GET".', 16384)
 2 APPPATH\Config\Routes.php(88): CodeIgniter\Router\RouteCollection->match([...], 'user/edit', 'User\\UserController::editProfile')
 3 SYSTEMPATH\Router\RouteCollection.php(339): require('C:\\wamp64\\www\\ci-learn_affix\\app\\Config\\Routes.php')
 4 SYSTEMPATH\CodeIgniter.php(821): CodeIgniter\Router\RouteCollection->loadRoutes()
 5 SYSTEMPATH\CodeIgniter.php(455): CodeIgniter\CodeIgniter->tryToRouteIt(null)
 6 SYSTEMPATH\CodeIgniter.php(354): CodeIgniter\CodeIgniter->handleRequest(null, Object(Config\Cache), false)
 7 SYSTEMPATH\Boot.php(334): CodeIgniter\CodeIgniter->run()
 8 SYSTEMPATH\Boot.php(67): CodeIgniter\Boot::runCodeIgniter(Object(CodeIgniter\CodeIgniter))
 9 FCPATH\index.php(56): CodeIgniter\Boot::bootWeb(Object(Config\Paths))
WARNING - 2025-04-17 12:26:26 --> [DEPRECATED] Passing lowercase HTTP method "post" is deprecated. Use uppercase HTTP method like "POST". in SYSTEMPATH\Router\RouteCollection.php on line 1026.
 1 SYSTEMPATH\Router\RouteCollection.php(1026): trigger_error('Passing lowercase HTTP method "post" is deprecated. Use uppercase HTTP method like "POST".', 16384)
 2 APPPATH\Config\Routes.php(88): CodeIgniter\Router\RouteCollection->match([...], 'user/edit', 'User\\UserController::editProfile')
 3 SYSTEMPATH\Router\RouteCollection.php(339): require('C:\\wamp64\\www\\ci-learn_affix\\app\\Config\\Routes.php')
 4 SYSTEMPATH\CodeIgniter.php(821): CodeIgniter\Router\RouteCollection->loadRoutes()
 5 SYSTEMPATH\CodeIgniter.php(455): CodeIgniter\CodeIgniter->tryToRouteIt(null)
 6 SYSTEMPATH\CodeIgniter.php(354): CodeIgniter\CodeIgniter->handleRequest(null, Object(Config\Cache), false)
 7 SYSTEMPATH\Boot.php(334): CodeIgniter\CodeIgniter->run()
 8 SYSTEMPATH\Boot.php(67): CodeIgniter\Boot::runCodeIgniter(Object(CodeIgniter\CodeIgniter))
 9 FCPATH\index.php(56): CodeIgniter\Boot::bootWeb(Object(Config\Paths))
DEBUG - 2025-04-17 12:26:53 --> Session: Class initialized using 'CodeIgniter\Session\Handlers\FileHandler' driver.
WARNING - 2025-04-17 12:26:53 --> [DEPRECATED] Passing lowercase HTTP method "get" is deprecated. Use uppercase HTTP method like "GET". in SYSTEMPATH\Router\RouteCollection.php on line 1026.
 1 SYSTEMPATH\Router\RouteCollection.php(1026): trigger_error('Passing lowercase HTTP method "get" is deprecated. Use uppercase HTTP method like "GET".', 16384)
 2 APPPATH\Config\Routes.php(88): CodeIgniter\Router\RouteCollection->match([...], 'user/edit', 'User\\UserController::editProfile')
 3 SYSTEMPATH\Router\RouteCollection.php(339): require('C:\\wamp64\\www\\ci-learn_affix\\app\\Config\\Routes.php')
 4 SYSTEMPATH\CodeIgniter.php(821): CodeIgniter\Router\RouteCollection->loadRoutes()
 5 SYSTEMPATH\CodeIgniter.php(455): CodeIgniter\CodeIgniter->tryToRouteIt(null)
 6 SYSTEMPATH\CodeIgniter.php(354): CodeIgniter\CodeIgniter->handleRequest(null, Object(Config\Cache), false)
 7 SYSTEMPATH\Boot.php(334): CodeIgniter\CodeIgniter->run()
 8 SYSTEMPATH\Boot.php(67): CodeIgniter\Boot::runCodeIgniter(Object(CodeIgniter\CodeIgniter))
 9 FCPATH\index.php(56): CodeIgniter\Boot::bootWeb(Object(Config\Paths))
WARNING - 2025-04-17 12:26:53 --> [DEPRECATED] Passing lowercase HTTP method "post" is deprecated. Use uppercase HTTP method like "POST". in SYSTEMPATH\Router\RouteCollection.php on line 1026.
 1 SYSTEMPATH\Router\RouteCollection.php(1026): trigger_error('Passing lowercase HTTP method "post" is deprecated. Use uppercase HTTP method like "POST".', 16384)
 2 APPPATH\Config\Routes.php(88): CodeIgniter\Router\RouteCollection->match([...], 'user/edit', 'User\\UserController::editProfile')
 3 SYSTEMPATH\Router\RouteCollection.php(339): require('C:\\wamp64\\www\\ci-learn_affix\\app\\Config\\Routes.php')
 4 SYSTEMPATH\CodeIgniter.php(821): CodeIgniter\Router\RouteCollection->loadRoutes()
 5 SYSTEMPATH\CodeIgniter.php(455): CodeIgniter\CodeIgniter->tryToRouteIt(null)
 6 SYSTEMPATH\CodeIgniter.php(354): CodeIgniter\CodeIgniter->handleRequest(null, Object(Config\Cache), false)
 7 SYSTEMPATH\Boot.php(334): CodeIgniter\CodeIgniter->run()
 8 SYSTEMPATH\Boot.php(67): CodeIgniter\Boot::runCodeIgniter(Object(CodeIgniter\CodeIgniter))
 9 FCPATH\index.php(56): CodeIgniter\Boot::bootWeb(Object(Config\Paths))
INFO - 2025-04-17 12:26:53 --> Course viewed: Executive Certificate in Digital Transformation (ID: 17)
DEBUG - 2025-04-17 12:26:53 --> Session: Class initialized using 'CodeIgniter\Session\Handlers\FileHandler' driver.
DEBUG - 2025-04-17 12:26:53 --> Session: Class initialized using 'CodeIgniter\Session\Handlers\FileHandler' driver.
WARNING - 2025-04-17 12:26:53 --> [DEPRECATED] Passing lowercase HTTP method "get" is deprecated. Use uppercase HTTP method like "GET". in SYSTEMPATH\Router\RouteCollection.php on line 1026.
 1 SYSTEMPATH\Router\RouteCollection.php(1026): trigger_error('Passing lowercase HTTP method "get" is deprecated. Use uppercase HTTP method like "GET".', 16384)
 2 APPPATH\Config\Routes.php(88): CodeIgniter\Router\RouteCollection->match([...], 'user/edit', 'User\\UserController::editProfile')
 3 SYSTEMPATH\Router\RouteCollection.php(339): require('C:\\wamp64\\www\\ci-learn_affix\\app\\Config\\Routes.php')
 4 SYSTEMPATH\CodeIgniter.php(821): CodeIgniter\Router\RouteCollection->loadRoutes()
 5 SYSTEMPATH\CodeIgniter.php(455): CodeIgniter\CodeIgniter->tryToRouteIt(null)
 6 SYSTEMPATH\CodeIgniter.php(354): CodeIgniter\CodeIgniter->handleRequest(null, Object(Config\Cache), false)
 7 SYSTEMPATH\Boot.php(334): CodeIgniter\CodeIgniter->run()
 8 SYSTEMPATH\Boot.php(67): CodeIgniter\Boot::runCodeIgniter(Object(CodeIgniter\CodeIgniter))
 9 FCPATH\index.php(56): CodeIgniter\Boot::bootWeb(Object(Config\Paths))
WARNING - 2025-04-17 12:26:53 --> [DEPRECATED] Passing lowercase HTTP method "post" is deprecated. Use uppercase HTTP method like "POST". in SYSTEMPATH\Router\RouteCollection.php on line 1026.
 1 SYSTEMPATH\Router\RouteCollection.php(1026): trigger_error('Passing lowercase HTTP method "post" is deprecated. Use uppercase HTTP method like "POST".', 16384)
 2 APPPATH\Config\Routes.php(88): CodeIgniter\Router\RouteCollection->match([...], 'user/edit', 'User\\UserController::editProfile')
 3 SYSTEMPATH\Router\RouteCollection.php(339): require('C:\\wamp64\\www\\ci-learn_affix\\app\\Config\\Routes.php')
 4 SYSTEMPATH\CodeIgniter.php(821): CodeIgniter\Router\RouteCollection->loadRoutes()
 5 SYSTEMPATH\CodeIgniter.php(455): CodeIgniter\CodeIgniter->tryToRouteIt(null)
 6 SYSTEMPATH\CodeIgniter.php(354): CodeIgniter\CodeIgniter->handleRequest(null, Object(Config\Cache), false)
 7 SYSTEMPATH\Boot.php(334): CodeIgniter\CodeIgniter->run()
 8 SYSTEMPATH\Boot.php(67): CodeIgniter\Boot::runCodeIgniter(Object(CodeIgniter\CodeIgniter))
 9 FCPATH\index.php(56): CodeIgniter\Boot::bootWeb(Object(Config\Paths))
DEBUG - 2025-04-17 12:26:57 --> Session: Class initialized using 'CodeIgniter\Session\Handlers\FileHandler' driver.
WARNING - 2025-04-17 12:26:57 --> [DEPRECATED] Passing lowercase HTTP method "get" is deprecated. Use uppercase HTTP method like "GET". in SYSTEMPATH\Router\RouteCollection.php on line 1026.
 1 SYSTEMPATH\Router\RouteCollection.php(1026): trigger_error('Passing lowercase HTTP method "get" is deprecated. Use uppercase HTTP method like "GET".', 16384)
 2 APPPATH\Config\Routes.php(88): CodeIgniter\Router\RouteCollection->match([...], 'user/edit', 'User\\UserController::editProfile')
 3 SYSTEMPATH\Router\RouteCollection.php(339): require('C:\\wamp64\\www\\ci-learn_affix\\app\\Config\\Routes.php')
 4 SYSTEMPATH\CodeIgniter.php(821): CodeIgniter\Router\RouteCollection->loadRoutes()
 5 SYSTEMPATH\CodeIgniter.php(455): CodeIgniter\CodeIgniter->tryToRouteIt(null)
 6 SYSTEMPATH\CodeIgniter.php(354): CodeIgniter\CodeIgniter->handleRequest(null, Object(Config\Cache), false)
 7 SYSTEMPATH\Boot.php(334): CodeIgniter\CodeIgniter->run()
 8 SYSTEMPATH\Boot.php(67): CodeIgniter\Boot::runCodeIgniter(Object(CodeIgniter\CodeIgniter))
 9 FCPATH\index.php(56): CodeIgniter\Boot::bootWeb(Object(Config\Paths))
WARNING - 2025-04-17 12:26:57 --> [DEPRECATED] Passing lowercase HTTP method "post" is deprecated. Use uppercase HTTP method like "POST". in SYSTEMPATH\Router\RouteCollection.php on line 1026.
 1 SYSTEMPATH\Router\RouteCollection.php(1026): trigger_error('Passing lowercase HTTP method "post" is deprecated. Use uppercase HTTP method like "POST".', 16384)
 2 APPPATH\Config\Routes.php(88): CodeIgniter\Router\RouteCollection->match([...], 'user/edit', 'User\\UserController::editProfile')
 3 SYSTEMPATH\Router\RouteCollection.php(339): require('C:\\wamp64\\www\\ci-learn_affix\\app\\Config\\Routes.php')
 4 SYSTEMPATH\CodeIgniter.php(821): CodeIgniter\Router\RouteCollection->loadRoutes()
 5 SYSTEMPATH\CodeIgniter.php(455): CodeIgniter\CodeIgniter->tryToRouteIt(null)
 6 SYSTEMPATH\CodeIgniter.php(354): CodeIgniter\CodeIgniter->handleRequest(null, Object(Config\Cache), false)
 7 SYSTEMPATH\Boot.php(334): CodeIgniter\CodeIgniter->run()
 8 SYSTEMPATH\Boot.php(67): CodeIgniter\Boot::runCodeIgniter(Object(CodeIgniter\CodeIgniter))
 9 FCPATH\index.php(56): CodeIgniter\Boot::bootWeb(Object(Config\Paths))
INFO - 2025-04-17 12:26:57 --> Course viewed: Executive Certificate in Digital Transformation (ID: 17)
DEBUG - 2025-04-17 12:26:59 --> Session: Class initialized using 'CodeIgniter\Session\Handlers\FileHandler' driver.
DEBUG - 2025-04-17 12:27:02 --> Session: Class initialized using 'CodeIgniter\Session\Handlers\FileHandler' driver.
WARNING - 2025-04-17 12:27:02 --> [DEPRECATED] Passing lowercase HTTP method "get" is deprecated. Use uppercase HTTP method like "GET". in SYSTEMPATH\Router\RouteCollection.php on line 1026.
 1 SYSTEMPATH\Router\RouteCollection.php(1026): trigger_error('Passing lowercase HTTP method "get" is deprecated. Use uppercase HTTP method like "GET".', 16384)
 2 APPPATH\Config\Routes.php(88): CodeIgniter\Router\RouteCollection->match([...], 'user/edit', 'User\\UserController::editProfile')
 3 SYSTEMPATH\Router\RouteCollection.php(339): require('C:\\wamp64\\www\\ci-learn_affix\\app\\Config\\Routes.php')
 4 SYSTEMPATH\CodeIgniter.php(821): CodeIgniter\Router\RouteCollection->loadRoutes()
 5 SYSTEMPATH\CodeIgniter.php(455): CodeIgniter\CodeIgniter->tryToRouteIt(null)
 6 SYSTEMPATH\CodeIgniter.php(354): CodeIgniter\CodeIgniter->handleRequest(null, Object(Config\Cache), false)
 7 SYSTEMPATH\Boot.php(334): CodeIgniter\CodeIgniter->run()
 8 SYSTEMPATH\Boot.php(67): CodeIgniter\Boot::runCodeIgniter(Object(CodeIgniter\CodeIgniter))
 9 FCPATH\index.php(56): CodeIgniter\Boot::bootWeb(Object(Config\Paths))
WARNING - 2025-04-17 12:27:02 --> [DEPRECATED] Passing lowercase HTTP method "post" is deprecated. Use uppercase HTTP method like "POST". in SYSTEMPATH\Router\RouteCollection.php on line 1026.
 1 SYSTEMPATH\Router\RouteCollection.php(1026): trigger_error('Passing lowercase HTTP method "post" is deprecated. Use uppercase HTTP method like "POST".', 16384)
 2 APPPATH\Config\Routes.php(88): CodeIgniter\Router\RouteCollection->match([...], 'user/edit', 'User\\UserController::editProfile')
 3 SYSTEMPATH\Router\RouteCollection.php(339): require('C:\\wamp64\\www\\ci-learn_affix\\app\\Config\\Routes.php')
 4 SYSTEMPATH\CodeIgniter.php(821): CodeIgniter\Router\RouteCollection->loadRoutes()
 5 SYSTEMPATH\CodeIgniter.php(455): CodeIgniter\CodeIgniter->tryToRouteIt(null)
 6 SYSTEMPATH\CodeIgniter.php(354): CodeIgniter\CodeIgniter->handleRequest(null, Object(Config\Cache), false)
 7 SYSTEMPATH\Boot.php(334): CodeIgniter\CodeIgniter->run()
 8 SYSTEMPATH\Boot.php(67): CodeIgniter\Boot::runCodeIgniter(Object(CodeIgniter\CodeIgniter))
 9 FCPATH\index.php(56): CodeIgniter\Boot::bootWeb(Object(Config\Paths))
DEBUG - 2025-04-17 12:27:46 --> Session: Class initialized using 'CodeIgniter\Session\Handlers\FileHandler' driver.
WARNING - 2025-04-17 12:27:46 --> [DEPRECATED] Passing lowercase HTTP method "get" is deprecated. Use uppercase HTTP method like "GET". in SYSTEMPATH\Router\RouteCollection.php on line 1026.
 1 SYSTEMPATH\Router\RouteCollection.php(1026): trigger_error('Passing lowercase HTTP method "get" is deprecated. Use uppercase HTTP method like "GET".', 16384)
 2 APPPATH\Config\Routes.php(88): CodeIgniter\Router\RouteCollection->match([...], 'user/edit', 'User\\UserController::editProfile')
 3 SYSTEMPATH\Router\RouteCollection.php(339): require('C:\\wamp64\\www\\ci-learn_affix\\app\\Config\\Routes.php')
 4 SYSTEMPATH\CodeIgniter.php(821): CodeIgniter\Router\RouteCollection->loadRoutes()
 5 SYSTEMPATH\CodeIgniter.php(455): CodeIgniter\CodeIgniter->tryToRouteIt(null)
 6 SYSTEMPATH\CodeIgniter.php(354): CodeIgniter\CodeIgniter->handleRequest(null, Object(Config\Cache), false)
 7 SYSTEMPATH\Boot.php(334): CodeIgniter\CodeIgniter->run()
 8 SYSTEMPATH\Boot.php(67): CodeIgniter\Boot::runCodeIgniter(Object(CodeIgniter\CodeIgniter))
 9 FCPATH\index.php(56): CodeIgniter\Boot::bootWeb(Object(Config\Paths))
WARNING - 2025-04-17 12:27:46 --> [DEPRECATED] Passing lowercase HTTP method "post" is deprecated. Use uppercase HTTP method like "POST". in SYSTEMPATH\Router\RouteCollection.php on line 1026.
 1 SYSTEMPATH\Router\RouteCollection.php(1026): trigger_error('Passing lowercase HTTP method "post" is deprecated. Use uppercase HTTP method like "POST".', 16384)
 2 APPPATH\Config\Routes.php(88): CodeIgniter\Router\RouteCollection->match([...], 'user/edit', 'User\\UserController::editProfile')
 3 SYSTEMPATH\Router\RouteCollection.php(339): require('C:\\wamp64\\www\\ci-learn_affix\\app\\Config\\Routes.php')
 4 SYSTEMPATH\CodeIgniter.php(821): CodeIgniter\Router\RouteCollection->loadRoutes()
 5 SYSTEMPATH\CodeIgniter.php(455): CodeIgniter\CodeIgniter->tryToRouteIt(null)
 6 SYSTEMPATH\CodeIgniter.php(354): CodeIgniter\CodeIgniter->handleRequest(null, Object(Config\Cache), false)
 7 SYSTEMPATH\Boot.php(334): CodeIgniter\CodeIgniter->run()
 8 SYSTEMPATH\Boot.php(67): CodeIgniter\Boot::runCodeIgniter(Object(CodeIgniter\CodeIgniter))
 9 FCPATH\index.php(56): CodeIgniter\Boot::bootWeb(Object(Config\Paths))
DEBUG - 2025-04-17 12:27:47 --> Session: Class initialized using 'CodeIgniter\Session\Handlers\FileHandler' driver.
DEBUG - 2025-04-17 12:27:47 --> Session: Class initialized using 'CodeIgniter\Session\Handlers\FileHandler' driver.
WARNING - 2025-04-17 12:27:47 --> [DEPRECATED] Passing lowercase HTTP method "get" is deprecated. Use uppercase HTTP method like "GET". in SYSTEMPATH\Router\RouteCollection.php on line 1026.
 1 SYSTEMPATH\Router\RouteCollection.php(1026): trigger_error('Passing lowercase HTTP method "get" is deprecated. Use uppercase HTTP method like "GET".', 16384)
 2 APPPATH\Config\Routes.php(88): CodeIgniter\Router\RouteCollection->match([...], 'user/edit', 'User\\UserController::editProfile')
 3 SYSTEMPATH\Router\RouteCollection.php(339): require('C:\\wamp64\\www\\ci-learn_affix\\app\\Config\\Routes.php')
 4 SYSTEMPATH\CodeIgniter.php(821): CodeIgniter\Router\RouteCollection->loadRoutes()
 5 SYSTEMPATH\CodeIgniter.php(455): CodeIgniter\CodeIgniter->tryToRouteIt(null)
 6 SYSTEMPATH\CodeIgniter.php(354): CodeIgniter\CodeIgniter->handleRequest(null, Object(Config\Cache), false)
 7 SYSTEMPATH\Boot.php(334): CodeIgniter\CodeIgniter->run()
 8 SYSTEMPATH\Boot.php(67): CodeIgniter\Boot::runCodeIgniter(Object(CodeIgniter\CodeIgniter))
 9 FCPATH\index.php(56): CodeIgniter\Boot::bootWeb(Object(Config\Paths))
WARNING - 2025-04-17 12:27:47 --> [DEPRECATED] Passing lowercase HTTP method "post" is deprecated. Use uppercase HTTP method like "POST". in SYSTEMPATH\Router\RouteCollection.php on line 1026.
 1 SYSTEMPATH\Router\RouteCollection.php(1026): trigger_error('Passing lowercase HTTP method "post" is deprecated. Use uppercase HTTP method like "POST".', 16384)
 2 APPPATH\Config\Routes.php(88): CodeIgniter\Router\RouteCollection->match([...], 'user/edit', 'User\\UserController::editProfile')
 3 SYSTEMPATH\Router\RouteCollection.php(339): require('C:\\wamp64\\www\\ci-learn_affix\\app\\Config\\Routes.php')
 4 SYSTEMPATH\CodeIgniter.php(821): CodeIgniter\Router\RouteCollection->loadRoutes()
 5 SYSTEMPATH\CodeIgniter.php(455): CodeIgniter\CodeIgniter->tryToRouteIt(null)
 6 SYSTEMPATH\CodeIgniter.php(354): CodeIgniter\CodeIgniter->handleRequest(null, Object(Config\Cache), false)
 7 SYSTEMPATH\Boot.php(334): CodeIgniter\CodeIgniter->run()
 8 SYSTEMPATH\Boot.php(67): CodeIgniter\Boot::runCodeIgniter(Object(CodeIgniter\CodeIgniter))
 9 FCPATH\index.php(56): CodeIgniter\Boot::bootWeb(Object(Config\Paths))
DEBUG - 2025-04-17 12:27:56 --> Session: Class initialized using 'CodeIgniter\Session\Handlers\FileHandler' driver.
WARNING - 2025-04-17 12:27:56 --> [DEPRECATED] Passing lowercase HTTP method "get" is deprecated. Use uppercase HTTP method like "GET". in SYSTEMPATH\Router\RouteCollection.php on line 1026.
 1 SYSTEMPATH\Router\RouteCollection.php(1026): trigger_error('Passing lowercase HTTP method "get" is deprecated. Use uppercase HTTP method like "GET".', 16384)
 2 APPPATH\Config\Routes.php(88): CodeIgniter\Router\RouteCollection->match([...], 'user/edit', 'User\\UserController::editProfile')
 3 SYSTEMPATH\Router\RouteCollection.php(339): require('C:\\wamp64\\www\\ci-learn_affix\\app\\Config\\Routes.php')
 4 SYSTEMPATH\CodeIgniter.php(821): CodeIgniter\Router\RouteCollection->loadRoutes()
 5 SYSTEMPATH\CodeIgniter.php(455): CodeIgniter\CodeIgniter->tryToRouteIt(null)
 6 SYSTEMPATH\CodeIgniter.php(354): CodeIgniter\CodeIgniter->handleRequest(null, Object(Config\Cache), false)
 7 SYSTEMPATH\Boot.php(334): CodeIgniter\CodeIgniter->run()
 8 SYSTEMPATH\Boot.php(67): CodeIgniter\Boot::runCodeIgniter(Object(CodeIgniter\CodeIgniter))
 9 FCPATH\index.php(56): CodeIgniter\Boot::bootWeb(Object(Config\Paths))
WARNING - 2025-04-17 12:27:56 --> [DEPRECATED] Passing lowercase HTTP method "post" is deprecated. Use uppercase HTTP method like "POST". in SYSTEMPATH\Router\RouteCollection.php on line 1026.
 1 SYSTEMPATH\Router\RouteCollection.php(1026): trigger_error('Passing lowercase HTTP method "post" is deprecated. Use uppercase HTTP method like "POST".', 16384)
 2 APPPATH\Config\Routes.php(88): CodeIgniter\Router\RouteCollection->match([...], 'user/edit', 'User\\UserController::editProfile')
 3 SYSTEMPATH\Router\RouteCollection.php(339): require('C:\\wamp64\\www\\ci-learn_affix\\app\\Config\\Routes.php')
 4 SYSTEMPATH\CodeIgniter.php(821): CodeIgniter\Router\RouteCollection->loadRoutes()
 5 SYSTEMPATH\CodeIgniter.php(455): CodeIgniter\CodeIgniter->tryToRouteIt(null)
 6 SYSTEMPATH\CodeIgniter.php(354): CodeIgniter\CodeIgniter->handleRequest(null, Object(Config\Cache), false)
 7 SYSTEMPATH\Boot.php(334): CodeIgniter\CodeIgniter->run()
 8 SYSTEMPATH\Boot.php(67): CodeIgniter\Boot::runCodeIgniter(Object(CodeIgniter\CodeIgniter))
 9 FCPATH\index.php(56): CodeIgniter\Boot::bootWeb(Object(Config\Paths))
DEBUG - 2025-04-17 12:28:20 --> Session: Class initialized using 'CodeIgniter\Session\Handlers\FileHandler' driver.
WARNING - 2025-04-17 12:28:20 --> [DEPRECATED] Passing lowercase HTTP method "get" is deprecated. Use uppercase HTTP method like "GET". in SYSTEMPATH\Router\RouteCollection.php on line 1026.
 1 SYSTEMPATH\Router\RouteCollection.php(1026): trigger_error('Passing lowercase HTTP method "get" is deprecated. Use uppercase HTTP method like "GET".', 16384)
 2 APPPATH\Config\Routes.php(88): CodeIgniter\Router\RouteCollection->match([...], 'user/edit', 'User\\UserController::editProfile')
 3 SYSTEMPATH\Router\RouteCollection.php(339): require('C:\\wamp64\\www\\ci-learn_affix\\app\\Config\\Routes.php')
 4 SYSTEMPATH\CodeIgniter.php(821): CodeIgniter\Router\RouteCollection->loadRoutes()
 5 SYSTEMPATH\CodeIgniter.php(455): CodeIgniter\CodeIgniter->tryToRouteIt(null)
 6 SYSTEMPATH\CodeIgniter.php(354): CodeIgniter\CodeIgniter->handleRequest(null, Object(Config\Cache), false)
 7 SYSTEMPATH\Boot.php(334): CodeIgniter\CodeIgniter->run()
 8 SYSTEMPATH\Boot.php(67): CodeIgniter\Boot::runCodeIgniter(Object(CodeIgniter\CodeIgniter))
 9 FCPATH\index.php(56): CodeIgniter\Boot::bootWeb(Object(Config\Paths))
WARNING - 2025-04-17 12:28:20 --> [DEPRECATED] Passing lowercase HTTP method "post" is deprecated. Use uppercase HTTP method like "POST". in SYSTEMPATH\Router\RouteCollection.php on line 1026.
 1 SYSTEMPATH\Router\RouteCollection.php(1026): trigger_error('Passing lowercase HTTP method "post" is deprecated. Use uppercase HTTP method like "POST".', 16384)
 2 APPPATH\Config\Routes.php(88): CodeIgniter\Router\RouteCollection->match([...], 'user/edit', 'User\\UserController::editProfile')
 3 SYSTEMPATH\Router\RouteCollection.php(339): require('C:\\wamp64\\www\\ci-learn_affix\\app\\Config\\Routes.php')
 4 SYSTEMPATH\CodeIgniter.php(821): CodeIgniter\Router\RouteCollection->loadRoutes()
 5 SYSTEMPATH\CodeIgniter.php(455): CodeIgniter\CodeIgniter->tryToRouteIt(null)
 6 SYSTEMPATH\CodeIgniter.php(354): CodeIgniter\CodeIgniter->handleRequest(null, Object(Config\Cache), false)
 7 SYSTEMPATH\Boot.php(334): CodeIgniter\CodeIgniter->run()
 8 SYSTEMPATH\Boot.php(67): CodeIgniter\Boot::runCodeIgniter(Object(CodeIgniter\CodeIgniter))
 9 FCPATH\index.php(56): CodeIgniter\Boot::bootWeb(Object(Config\Paths))
DEBUG - 2025-04-17 12:28:21 --> Session: Class initialized using 'CodeIgniter\Session\Handlers\FileHandler' driver.
DEBUG - 2025-04-17 12:28:21 --> Session: Class initialized using 'CodeIgniter\Session\Handlers\FileHandler' driver.
WARNING - 2025-04-17 12:28:21 --> [DEPRECATED] Passing lowercase HTTP method "get" is deprecated. Use uppercase HTTP method like "GET". in SYSTEMPATH\Router\RouteCollection.php on line 1026.
 1 SYSTEMPATH\Router\RouteCollection.php(1026): trigger_error('Passing lowercase HTTP method "get" is deprecated. Use uppercase HTTP method like "GET".', 16384)
 2 APPPATH\Config\Routes.php(88): CodeIgniter\Router\RouteCollection->match([...], 'user/edit', 'User\\UserController::editProfile')
 3 SYSTEMPATH\Router\RouteCollection.php(339): require('C:\\wamp64\\www\\ci-learn_affix\\app\\Config\\Routes.php')
 4 SYSTEMPATH\CodeIgniter.php(821): CodeIgniter\Router\RouteCollection->loadRoutes()
 5 SYSTEMPATH\CodeIgniter.php(455): CodeIgniter\CodeIgniter->tryToRouteIt(null)
 6 SYSTEMPATH\CodeIgniter.php(354): CodeIgniter\CodeIgniter->handleRequest(null, Object(Config\Cache), false)
 7 SYSTEMPATH\Boot.php(334): CodeIgniter\CodeIgniter->run()
 8 SYSTEMPATH\Boot.php(67): CodeIgniter\Boot::runCodeIgniter(Object(CodeIgniter\CodeIgniter))
 9 FCPATH\index.php(56): CodeIgniter\Boot::bootWeb(Object(Config\Paths))
WARNING - 2025-04-17 12:28:21 --> [DEPRECATED] Passing lowercase HTTP method "post" is deprecated. Use uppercase HTTP method like "POST". in SYSTEMPATH\Router\RouteCollection.php on line 1026.
 1 SYSTEMPATH\Router\RouteCollection.php(1026): trigger_error('Passing lowercase HTTP method "post" is deprecated. Use uppercase HTTP method like "POST".', 16384)
 2 APPPATH\Config\Routes.php(88): CodeIgniter\Router\RouteCollection->match([...], 'user/edit', 'User\\UserController::editProfile')
 3 SYSTEMPATH\Router\RouteCollection.php(339): require('C:\\wamp64\\www\\ci-learn_affix\\app\\Config\\Routes.php')
 4 SYSTEMPATH\CodeIgniter.php(821): CodeIgniter\Router\RouteCollection->loadRoutes()
 5 SYSTEMPATH\CodeIgniter.php(455): CodeIgniter\CodeIgniter->tryToRouteIt(null)
 6 SYSTEMPATH\CodeIgniter.php(354): CodeIgniter\CodeIgniter->handleRequest(null, Object(Config\Cache), false)
 7 SYSTEMPATH\Boot.php(334): CodeIgniter\CodeIgniter->run()
 8 SYSTEMPATH\Boot.php(67): CodeIgniter\Boot::runCodeIgniter(Object(CodeIgniter\CodeIgniter))
 9 FCPATH\index.php(56): CodeIgniter\Boot::bootWeb(Object(Config\Paths))
